cell_id,cycle,cutoff_voltage_v,q_at_cutoff,reached_cutoff,vq_q_endpoint,vq_endpoint_voltage_v,capacity_soh,q_endpoint_minus_soh,q_at_cutoff_rolling_median
MATR_b1c26,1,2.0,0.9787930821681544,True,0.9887739999999998,2.001905,0.9887739999999998,0.0,0.9814842676028696
MATR_b1c26,2,2.0,0.9798424230500887,True,0.9897971818181818,1.9997201,0.9897971818181818,0.0,0.9815623033936376
MATR_b1c26,3,2.0,0.9805926351287697,True,0.9905217272727271,1.9997277,0.9905217272727271,0.0,0.9816403391844055
MATR_b1c26,4,2.0,0.9809899172414355,True,0.9910245454545454,2.0022311,0.9910245454545454,0.0,0.9816911647129541
MATR_b1c26,5,2.0,0.9811409025761874,True,0.9911085454545454,1.9999528,0.9911085454545454,0.0,0.9817419902415028
MATR_b1c26,6,2.0,0.9814842676028696,True,0.9914013636363636,2.0002179,0.9914013636363636,0.0,0.9818233948285151
MATR_b1c26,7,2.0,0.9816403391844055,True,0.9915882727272726,2.001945,0.9915882727272726,0.0,0.9819047994155274
MATR_b1c26,8,2.0,0.9817419902415028,True,0.9917060909090908,2.0001912,0.9917060909090908,0.0,0.9819148782015819
MATR_b1c26,9,2.0,0.9819249569876364,True,0.9918503636363636,1.9999614,0.9918503636363636,0.0,0.9819047994155274
MATR_b1c26,10,2.0,0.9819047994155274,True,0.9919536363636362,2.0000854,0.9919536363636362,0.0,0.9819061256189281
MATR_b1c26,11,2.0,0.9821270180594118,True,0.9920547272727273,2.0000434,0.9920547272727273,0.0,0.9819074518223287
MATR_b1c26,12,2.0,0.9821254045911835,True,0.9920626363636362,2.0002389,0.9920626363636362,0.0,0.9819074518223287
MATR_b1c26,13,2.0,0.9821042836690256,True,0.9921514545454544,1.9999433,0.9921514545454544,0.0,0.9819074518223287
MATR_b1c26,14,2.0,0.9821036357354392,True,0.9921988181818181,1.9998822,0.9921988181818181,0.0,0.9819074518223287
MATR_b1c26,15,2.0,0.9819417527870347,True,0.9921026363636362,2.0018725,0.9921026363636362,0.0,0.9819074518223287
MATR_b1c26,16,2.0,0.9819409372588271,True,0.9921734545454546,2.0019355,0.9921734545454546,0.0,0.9819074518223287
MATR_b1c26,17,2.0,0.9820028268006358,True,0.9921189999999999,1.9998355,0.9921189999999999,0.0,0.9819074518223287
MATR_b1c26,18,2.0,0.982033743347093,True,0.992136909090909,1.9998755,0.9921369999999999,-9.0909090921798e-08,0.9819074518223287
MATR_b1c26,19,2.0,0.98098145767791,True,0.9910675454545453,2.0001483,0.9910675454545453,0.0,0.9819074518223287
MATR_b1c26,20,2.0,0.9819074518223287,True,0.992127909090909,2.0002112,0.992127909090909,0.0,0.9819047994155274
MATR_b1c26,21,2.0,0.9819086219432192,True,0.9921752727272726,1.9999413,0.9921752727272726,0.0,0.981845366590102
MATR_b1c26,22,2.0,0.981845366590102,True,0.9921555454545453,1.9997516,0.9921555454545453,0.0,0.9818013239514006
MATR_b1c26,23,2.0,0.9818013239514006,True,0.9920857272727271,1.9998507,0.9920857272727271,0.0,0.9817992464997328
MATR_b1c26,24,2.0,0.9817992464997328,True,0.9921196363636362,1.9997773,0.9921196363636362,0.0,0.9817182117164622
MATR_b1c26,25,2.0,0.9817182117164622,True,0.9921027272727272,2.000217,0.9921027272727272,0.0,0.9816878918165612
MATR_b1c26,26,2.0,0.9806096346186239,True,0.9910500909090909,2.0000033,0.9910500909090909,0.0,0.9816456766629323
MATR_b1c26,27,2.0,0.9816878918165612,True,0.9921551818181816,1.9998679,0.9921551818181816,0.0,0.9815786257409209
MATR_b1c26,28,2.0,0.9815786257409209,True,0.9922727272727271,1.9996209,0.9922727272727271,0.0,0.9815501377573332
MATR_b1c26,29,2.0,0.9816456766629323,True,0.9921399090909091,2.001864,0.9921399090909091,0.0,0.9815236746988765
MATR_b1c26,30,2.0,0.9815501377573332,True,0.9920981818181817,2.0001884,0.9920981818181817,0.0,0.9815236746988765
MATR_b1c26,31,2.0,0.981425940280372,True,0.992115818181818,1.999989,0.992115818181818,0.0,0.9815038670188388
MATR_b1c26,32,2.0,0.9815038670188388,True,0.9921484545454545,1.9997039,0.9921484545454545,0.0,0.9814535856041159
MATR_b1c26,33,2.0,0.9814535856041159,True,0.9921485454545454,1.9998708,0.9921485454545454,0.0,0.981425940280372
MATR_b1c26,34,2.0,0.9815236746988765,True,0.9921913636363636,1.9997325,0.9921913636363636,0.0,0.9814021552429507
MATR_b1c26,35,2.0,0.9812150732540551,True,0.9920071818181816,1.9999061,0.9920071818181816,0.0,0.9813573055567301
MATR_b1c26,36,2.0,0.9813573055567301,True,0.9922014545454546,2.0001626,0.9922014545454546,0.0,0.9813193126180955
MATR_b1c26,37,2.0,0.9814021552429507,True,0.9923147272727272,2.0000434,0.9923147272727272,0.0,0.9813193126180955
MATR_b1c26,38,2.0,0.9809473954412705,True,0.9921547272727272,2.0016847,0.9921547272727272,0.0,0.9812150732540551
MATR_b1c26,39,2.0,0.9813193126180955,True,0.9922495454545452,2.0002637,0.9922495454545452,0.0,0.9811741860632983
MATR_b1c26,40,2.0,0.9811741860632983,True,0.9921766363636362,1.9998832,0.9921766363636362,0.0,0.9810369388000392
MATR_b1c26,41,2.0,0.9810369388000392,True,0.9921094545454545,1.9997258,0.9921094545454545,0.0,0.9809473954412705
MATR_b1c26,42,2.0,0.9797317256721483,True,0.9908633636363636,2.000051,0.9908633636363636,0.0,0.9809473954412705
MATR_b1c26,43,2.0,0.9808837559903971,True,0.9919683636363636,2.000299,0.9919683636363636,0.0,0.9808837559903971
MATR_b1c26,44,2.0,0.9807454080761518,True,0.9919121818181816,2.0014453,0.9919121818181816,0.0,0.9808837559903971
MATR_b1c26,45,2.0,0.98071738791084,True,0.9919511818181816,1.9997754,0.9919511818181816,0.0,0.9807828150387016
MATR_b1c26,46,2.0,0.9805444953625884,True,0.9918946363636363,2.0002904,0.9918946363636363,0.0,0.9807454080761518
MATR_b1c26,47,2.0,0.9805693648909917,True,0.9918841818181817,2.0003142,0.9918841818181817,0.0,0.98071738791084
MATR_b1c26,48,2.0,0.980535855319041,True,0.9919775454545453,2.0001988,0.9919776363636363,-9.09090910328203e-08,0.9805693648909917
MATR_b1c26,49,2.0,0.9802505786160758,True,0.9918494545454545,1.9999967,0.9918494545454545,0.0,0.9805444953625884
MATR_b1c26,50,2.0,0.9803409825340532,True,0.9918563636363636,2.0012698,0.9918563636363636,0.0,0.980535855319041
MATR_b1c26,51,2.0,0.9807828150387016,True,0.9920032727272727,2.001246,0.9920032727272727,0.0,0.9803971006382921
MATR_b1c26,52,2.0,0.9809742128870436,True,0.9921668181818182,2.000052,0.9921668181818182,0.0,0.9803409825340532
MATR_b1c26,53,2.0,0.9773277558128629,True,0.9922218181818182,1.9996848,0.9922218181818182,0.0,0.9803409825340532
MATR_b1c26,54,2.0,0.9810481325528798,True,0.9922900909090908,2.0001035,0.9922900909090908,0.0,0.9802505786160758
MATR_b1c26,55,2.0,0.9803971006382921,True,0.9920356363636362,2.0002856,0.9920356363636362,0.0,0.9800979777059914
MATR_b1c26,56,2.0,0.9800979777059914,True,0.9918403636363635,2.0000453,0.9918403636363635,0.0,0.9800458104840886
MATR_b1c26,57,2.0,0.9800458104840886,True,0.9918224545454545,1.9997211,0.9918224545454545,0.0,0.9799162603851511
MATR_b1c26,58,2.0,0.9799162603851511,True,0.9917212727272725,2.001781,0.9917212727272725,0.0,0.9798612690343368
MATR_b1c26,59,2.0,0.9797849682705553,True,0.9916078181818182,1.9997478,0.9916078181818182,0.0,0.9798283365733029
MATR_b1c26,60,2.0,0.9798612690343368,True,0.9917660909090908,1.9998994,0.9917660909090908,0.0,0.9797849682705553
MATR_b1c26,61,2.0,0.9798283365733029,True,0.9917277272727273,2.0014491,0.9917277272727273,0.0,0.9797084839952318
MATR_b1c26,62,2.0,0.9795644782105736,True,0.9916994545454546,2.0017228,0.9916994545454546,0.0,0.9795644782105736
MATR_b1c26,63,2.0,0.9795364030835835,True,0.9915448181818182,1.9997382,0.9915448181818182,0.0,0.9795364030835835
MATR_b1c26,64,2.0,0.9797084839952318,True,0.9917195454545453,1.9997582,0.9917195454545453,0.0,0.9795364030835835
MATR_b1c26,65,2.0,0.9782238142041915,True,0.9902916363636364,2.0000386,0.9902916363636364,0.0,0.9792186814743117
MATR_b1c26,66,2.0,0.9765397138212113,True,0.9913218181818181,2.0013299,0.9913218181818181,0.0,0.9790500479404666
MATR_b1c26,67,2.0,0.9792186814743117,True,0.9913499090909091,2.0000186,0.9913499090909091,0.0,0.9790194412594897
MATR_b1c26,68,2.0,0.9790500479404666,True,0.991262,2.0001245,0.991262,0.0,0.9787612794846601
MATR_b1c26,69,2.0,0.9790194412594897,True,0.9912468181818181,1.9998164,0.9912468181818181,0.0,0.9787010516673512
MATR_b1c26,70,2.0,0.9747241829768238,True,0.9910023636363636,2.0004125,0.9910023636363636,0.0,0.9785813640940623
MATR_b1c26,71,2.0,0.9776841674354958,True,0.9900356363636362,2.0013585,0.9900356363636362,0.0,0.9784310097965335
MATR_b1c26,72,2.0,0.9787612794846601,True,0.9911457272727272,2.0003009,0.9911457272727272,0.0,0.9784228847683937
MATR_b1c26,73,2.0,0.9787010516673512,True,0.9911378181818181,1.9999261,0.9911378181818181,0.0,0.9783543534765614
MATR_b1c26,74,2.0,0.9785813640940623,True,0.9911312727272726,2.0014787,0.9911312727272726,0.0,0.9782238142041915
MATR_b1c26,75,2.0,0.9781387960580534,True,0.9910261818181817,1.9999089,0.9910261818181817,0.0,0.9782183353101366
MATR_b1c26,76,2.0,0.9784228847683937,True,0.9910026363636363,2.0000348,0.9910026363636363,0.0,0.9781387960580534
MATR_b1c26,77,2.0,0.9784310097965335,True,0.991093,1.9998336,0.991093,0.0,0.9781387960580534
MATR_b1c26,78,2.0,0.9783543534765614,True,0.9910136363636363,2.0000968,0.9910136363636363,0.0,0.9781223432689087
MATR_b1c26,79,2.0,0.9782183353101366,True,0.990981909090909,2.0001197,0.990981909090909,0.0,0.9779847886283808
MATR_b1c26,80,2.0,0.9781223432689087,True,0.9909050909090907,1.9999003,0.9909050909090907,0.0,0.9779779960249357
MATR_b1c26,81,2.0,0.9779779960249357,True,0.9908517272727273,2.000011,0.9908517272727273,0.0,0.9779779960249357
MATR_b1c26,82,2.0,0.9779847886283808,True,0.9909089999999999,1.9997764,0.9909089999999999,0.0,0.9779779960249357
MATR_b1c26,83,2.0,0.9779254647802788,True,0.9908831818181818,2.0000358,0.9908831818181818,0.0,0.9779254647802788
MATR_b1c26,84,2.0,0.9778288884647667,True,0.9908253636363636,2.0002913,0.9908253636363636,0.0,0.9778288884647667
MATR_b1c26,85,2.0,0.9777417511638888,True,0.9908240909090907,1.9999413,0.9908240909090907,0.0,0.9777417511638888
MATR_b1c26,86,2.0,0.9776206873943971,True,0.9907908181818181,2.001554,0.9907908181818181,0.0,0.9776357548881042
MATR_b1c26,87,2.0,0.9776357548881042,True,0.990869,2.0003524,0.990869,0.0,0.9776206873943971
MATR_b1c26,88,2.0,0.9773689115372082,True,0.9905445454545454,1.9997163,0.9905445454545454,0.0,0.9773814066476365
MATR_b1c26,89,2.0,0.9773814066476365,True,0.9906987272727271,2.0016427,0.9906987272727271,0.0,0.9773689115372082
MATR_b1c26,90,2.0,0.9770810821566116,True,0.9905979999999999,2.0015149,0.9905979999999999,0.0,0.9771786913028413
MATR_b1c26,91,2.0,0.9771786913028413,True,0.9906119999999999,1.9997315,0.9906119999999999,0.0,0.9771265566648006
MATR_b1c26,92,2.0,0.9770614240869134,True,0.9905240909090908,2.0003715,0.9905240909090908,0.0,0.9770810821566116
MATR_b1c26,93,2.0,0.9771265566648006,True,0.990629,2.0000625,0.990629,0.0,0.9770656437213983
MATR_b1c26,94,2.0,0.9759539233074928,True,0.9896514545454544,1.9997029,0.9896514545454544,0.0,0.9770614240869134
MATR_b1c26,95,2.0,0.9770656437213983,True,0.9906588181818182,2.0012813,0.9906588181818182,0.0,0.9767456456887418
MATR_b1c26,96,2.0,0.9767456456887418,True,0.9904908181818181,1.9999757,0.9904908181818181,0.0,0.9765005793066035
MATR_b1c26,97,2.0,0.9737098793881643,True,0.9882246363636362,2.0000386,0.9882246363636362,0.0,0.9764100130098684
MATR_b1c26,98,2.0,0.9765005793066035,True,0.9903972727272726,1.9999242,0.9903972727272726,0.0,0.9763845078875846
MATR_b1c26,99,2.0,0.9764100130098684,True,0.9903375454545454,2.000134,0.9903375454545454,0.0,0.9760636921915102
MATR_b1c26,100,2.0,0.9763845078875846,True,0.9903757272727272,1.9997706,0.9903757272727272,0.0,0.9759790990421859
MATR_b1c26,101,2.0,0.9738926671539533,True,0.9880537272727272,1.9996619,0.9880537272727272,0.0,0.9759539233074928
MATR_b1c26,102,2.0,0.9760636921915102,True,0.9902211818181816,1.9997897,0.9902211818181816,0.0,0.9759498346401144
MATR_b1c26,103,2.0,0.9759790990421859,True,0.9902550909090908,1.9997239,0.9902550909090908,0.0,0.9756791810432313
MATR_b1c26,104,2.0,0.9759498346401144,True,0.9902708181818182,2.0000358,0.9902708181818182,0.0,0.97567296691569
MATR_b1c26,105,2.0,0.97567296691569,True,0.9901886363636364,2.0000148,0.9901886363636364,0.0,0.9754624241658111
MATR_b1c26,106,2.0,0.9756791810432313,True,0.9901383636363635,2.0002112,0.9901383636363635,0.0,0.9753545807995755
MATR_b1c26,107,2.0,0.9754624241658111,True,0.9900939090909091,2.0001101,0.9900939090909091,0.0,0.9752369085545481
MATR_b1c26,108,2.0,0.9753545807995755,True,0.9900115454545454,2.0001435,0.9900115454545454,0.0,0.9752369085545481
MATR_b1c26,109,2.0,0.9752142993507352,True,0.9899674545454544,2.0000558,0.9899674545454544,0.0,0.9752341409404607
MATR_b1c26,110,2.0,0.9752369085545481,True,0.9899994545454546,2.0017695,0.9899994545454546,0.0,0.9752142993507352
MATR_b1c26,111,2.0,0.9752341409404607,True,0.9900114545454545,1.9997506,0.9900114545454545,0.0,0.9749550359401823
MATR_b1c26,112,2.0,0.9749550359401823,True,0.9899595454545453,2.0001836,0.9899596363636363,-9.0909090921798e-08,0.9749550359401823
MATR_b1c26,113,2.0,0.9749524261948336,True,0.9899549090909091,1.9999337,0.9899549090909091,0.0,0.9749524261948336
MATR_b1c26,114,2.0,0.9748644156799122,True,0.9899159999999999,1.9998908,0.9899159999999999,0.0,0.9748644156799122
MATR_b1c26,115,2.0,0.9746669658713862,True,0.9898392727272727,2.0000939,0.9898392727272727,0.0,0.9746669658713862
MATR_b1c26,116,2.0,0.9745674025877047,True,0.989794,1.9996781,0.989794,0.0,0.9745674025877047
MATR_b1c26,117,2.0,0.9733735260423738,True,0.988657,2.0000501,0.988657,0.0,0.9743779517360268
MATR_b1c26,118,2.0,0.9743779517360268,True,0.9897173636363636,2.0001273,0.9897174545454543,-9.090909069975339e-08,0.9742687728919616
MATR_b1c26,119,2.0,0.9742687728919616,True,0.9896940909090909,2.0004191,0.9896940909090909,0.0,0.9742084979708495
MATR_b1c26,120,2.0,0.9742084979708495,True,0.989698818181818,1.9999337,0.989698818181818,0.0,0.9741806358627598
MATR_b1c26,121,2.0,0.9741806358627598,True,0.9897007272727273,2.0001063,0.9897007272727273,0.0,0.9741406762318318
MATR_b1c26,122,2.0,0.9741406762318318,True,0.9897509090909091,2.0002694,0.9897509090909091,0.0,0.973845499879489
MATR_b1c26,123,2.0,0.973845499879489,True,0.9897222727272725,2.0003581,0.9897222727272725,0.0,0.9736854655564186
MATR_b1c26,124,2.0,0.9736854655564186,True,0.989543,2.001225,0.989543,0.0,0.9734963112207494
MATR_b1c26,125,2.0,0.9734963112207494,True,0.9894837272727272,2.0011086,0.9894837272727272,0.0,0.9734371126906125
MATR_b1c26,126,2.0,0.9734075488039431,True,0.9894837272727272,1.9999337,0.9894837272727272,0.0,0.9734075488039431
MATR_b1c26,127,2.0,0.9734371126906125,True,0.9895977272727272,2.0003629,0.9895977272727272,0.0,0.9733735260423738
MATR_b1c26,128,2.0,0.9698865473215043,True,0.9861360909090907,1.999887,0.9861360909090907,0.0,0.9729094690575428
MATR_b1c26,129,2.0,0.9729094690575428,True,0.9892554545454545,2.000114,0.9892554545454545,0.0,0.9728103926732192
MATR_b1c26,130,2.0,0.9728103926732192,True,0.9892380909090909,2.0001035,0.9892380909090909,0.0,0.9726988553942274
MATR_b1c26,131,2.0,0.9726988553942274,True,0.9892344545454543,2.0013433,0.9892344545454543,0.0,0.9725201606398259
MATR_b1c26,132,2.0,0.9725201606398259,True,0.9891437272727273,1.9997039,0.9891437272727273,0.0,0.9722456171965488
MATR_b1c26,133,2.0,0.970860153256762,True,0.9890955454545454,2.0001607,0.9890955454545454,0.0,0.9722456171965488
MATR_b1c26,134,2.0,0.9722456171965488,True,0.9891777272727272,2.000298,0.9891777272727272,0.0,0.9718964610981917
MATR_b1c26,135,2.0,0.9718964610981917,True,0.9889846363636363,1.9996581,0.9889846363636363,0.0,0.9718171347928353
MATR_b1c26,136,2.0,0.9718171347928353,True,0.9889546363636363,1.9999394,0.9889546363636363,0.0,0.9716100360223744
MATR_b1c26,137,2.0,0.9709670431360006,True,0.9889255454545454,1.9999957,0.9889255454545454,0.0,0.9715487054965621
MATR_b1c26,138,2.0,0.9716100360223744,True,0.9889185454545454,2.0013852,0.9889185454545454,0.0,0.9714504756283643
MATR_b1c26,139,2.0,0.9715487054965621,True,0.9889145454545454,2.0000052,0.9889145454545454,0.0,0.9714504756283643
MATR_b1c26,140,2.0,0.9703275253553273,True,0.9877110909090909,2.0000253,0.9877110909090909,0.0,0.9711334662498664
MATR_b1c26,141,2.0,0.9714504756283643,True,0.9889029090909089,2.0002456,0.9889029090909089,0.0,0.9709670431360006
MATR_b1c26,142,2.0,0.9711334662498664,True,0.9887566363636364,2.0001121,0.9887566363636364,0.0,0.970860153256762
MATR_b1c26,143,2.0,0.9734802266317498,True,0.9887495454545454,1.9996161,0.9887495454545454,0.0,0.9708022082570754
MATR_b1c26,144,2.0,0.9708022082570754,True,0.9887396363636364,1.9999461,0.9887396363636364,0.0,0.9707251941968392
MATR_b1c26,145,2.0,0.9707251941968392,True,0.9886806363636362,2.0003724,0.9886806363636362,0.0,0.9703560026816298
MATR_b1c26,146,2.0,0.9695780702931884,True,0.9886445454545454,1.999805,0.9886445454545454,0.0,0.9703275253553273
MATR_b1c26,147,2.0,0.9703560026816298,True,0.9885666363636363,2.0003095,0.9885666363636363,0.0,0.970119134247222
MATR_b1c26,148,2.0,0.970119134247222,True,0.9884583636363635,1.9998651,0.9884583636363635,0.0,0.9700806024085741
MATR_b1c26,149,2.0,0.9700806024085741,True,0.9885302727272726,2.0001149,0.9885302727272726,0.0,0.9699484172478312
MATR_b1c26,150,2.0,0.9699484172478312,True,0.9884296363636362,2.0015092,0.9884296363636362,0.0,0.9699180307871985
MATR_b1c26,151,2.0,0.9699180307871985,True,0.9885020909090909,2.000402,0.9885020909090909,0.0,0.9699136013524896
MATR_b1c26,152,2.0,0.9699136013524896,True,0.98849,2.0017447,0.98849,0.0,0.9695780702931884
MATR_b1c26,153,2.0,0.9695419316574854,True,0.9883246363636363,2.0000291,0.9883246363636363,0.0,0.9695451225197518
MATR_b1c26,154,2.0,0.9695451225197518,True,0.9883812727272726,2.0013309,0.9883812727272726,0.0,0.9695419316574854
MATR_b1c26,155,2.0,0.9693653442048211,True,0.9882819999999999,2.00001,0.9882819999999999,0.0,0.9693653442048211
MATR_b1c26,156,2.0,0.9690864902238102,True,0.9881563636363636,1.9999347,0.9881563636363636,0.0,0.969092835032704
MATR_b1c26,157,2.0,0.969092835032704,True,0.9883271818181818,1.9999681,0.9883271818181818,0.0,0.9690864902238102
MATR_b1c26,158,2.0,0.9690652017868103,True,0.9883537272727272,2.0000167,0.9883537272727272,0.0,0.9690652017868103
MATR_b1c26,159,2.0,0.9686434458384914,True,0.9881665454545453,2.0001111,0.9881665454545453,0.0,0.9688641467630044
MATR_b1c26,160,2.0,0.9684607195522834,True,0.9881314545454545,2.0012918,0.9881314545454545,0.0,0.9686619430865671
MATR_b1c26,161,2.0,0.9681607103136977,True,0.9878983636363635,2.0010543,0.9878983636363635,0.0,0.9686434458384914
MATR_b1c26,162,2.0,0.9683220117668204,True,0.9881167272727271,1.9997334,0.9881167272727271,0.0,0.9684607195522834
MATR_b1c26,163,2.0,0.9671366871597474,True,0.9868915454545454,1.9996133,0.9868915454545454,0.0,0.9683624372717714
MATR_b1c26,164,2.0,0.9686619430865671,True,0.9880938181818182,2.0014844,0.9880938181818182,0.0,0.9683220117668204
MATR_b1c26,165,2.0,0.9688641467630044,True,0.9881988181818181,1.9999633,0.9881988181818181,0.0,0.9681950012302386
MATR_b1c26,166,2.0,0.9683624372717714,True,0.9881678181818182,1.9997191,0.9881678181818182,0.0,0.9681607103136977
MATR_b1c26,167,2.0,0.9681950012302386,True,0.9880903636363636,2.0015521,0.9880903636363636,0.0,0.9680873949387576
MATR_b1c26,168,2.0,0.9674832713526055,True,0.9878653636363635,1.999949,0.9878653636363635,0.0,0.9680683731649932
MATR_b1c26,169,2.0,0.9673334790523658,True,0.9878103636363637,1.9998374,0.9878103636363637,0.0,0.9678349422785639
MATR_b1c26,170,2.0,0.9670299167148564,True,0.987746,1.9996171,0.987746,0.0,0.967775481236146
MATR_b1c26,171,2.0,0.9673310340771534,True,0.9877302727272727,1.9997325,0.9877302727272727,0.0,0.9674832713526055
MATR_b1c26,172,2.0,0.9678349422785639,True,0.9878443636363635,2.0016704,0.9878443636363635,0.0,0.9674307164671102
MATR_b1c26,173,2.0,0.9680683731649932,True,0.9878795454545453,1.9999452,0.9878795454545453,0.0,0.9673334790523658
MATR_b1c26,174,2.0,0.9680873949387576,True,0.9879301818181817,2.0015197,0.9879301818181817,0.0,0.9673334790523658
MATR_b1c26,175,2.0,0.9657830403171498,True,0.9857121818181817,2.001718,0.9857121818181817,0.0,0.9673310340771534
MATR_b1c26,176,2.0,0.967775481236146,True,0.987933909090909,2.0000291,0.987933909090909,0.0,0.9670299167148564
MATR_b1c26,177,2.0,0.9674307164671102,True,0.9878368181818181,2.0015655,0.9878368181818181,0.0,0.9666920997488743
MATR_b1c26,178,2.0,0.9666920997488743,True,0.987651818181818,2.0001225,0.987651909090909,-9.09090910328203e-08,0.9659749530545098
MATR_b1c26,179,2.0,0.9659749530545098,True,0.9874897272727272,1.9998488,0.9874897272727272,0.0,0.965810816373097
MATR_b1c26,180,2.0,0.965810816373097,True,0.9873971818181818,2.001122,0.9873971818181818,0.0,0.9657830403171498
MATR_b1c26,181,2.0,0.9652489811131748,True,0.9873994545454544,1.9997039,0.9873994545454544,0.0,0.965511836822325
MATR_b1c26,182,2.0,0.965511836822325,True,0.9873543636363636,1.9999928,0.9873543636363636,0.0,0.9652489811131748
MATR_b1c26,183,2.0,0.964141404787916,True,0.9861003636363637,2.0001464,0.9861004545454544,-9.090909069975339e-08,0.9651412742396721
MATR_b1c26,184,2.0,0.9651412742396721,True,0.9872388181818181,2.000237,0.9872388181818181,0.0,0.9651310755576166
MATR_b1c26,185,2.0,0.9649145147518295,True,0.987148909090909,2.0003047,0.987149,-9.09090910328203e-08,0.9649145147518295
MATR_b1c26,186,2.0,0.9634734587457096,True,0.9858880909090909,1.9997344,0.9858880909090909,0.0,0.9648880158124318
MATR_b1c26,187,2.0,0.9642448226422167,True,0.9870027272727273,1.9996037,0.9870027272727273,0.0,0.9647716463287485
MATR_b1c26,188,2.0,0.9642653212144527,True,0.9869073636363634,1.9998889,0.9869073636363634,0.0,0.9643603111918864
MATR_b1c26,189,2.0,0.9639518984112221,True,0.9868127272727272,2.001121,0.9868127272727272,0.0,0.9642653212144527
MATR_b1c26,190,2.0,0.9641980946449042,True,0.9869238181818182,1.9998136,0.9869238181818182,0.0,0.9642653212144527
MATR_b1c26,191,2.0,0.9643603111918864,True,0.9869017272727273,1.9999337,0.9869017272727273,0.0,0.9642653212144527
MATR_b1c26,192,2.0,0.9648880158124318,True,0.9870390909090907,2.0013881,0.9870390909090907,0.0,0.9642653212144527
MATR_b1c26,193,2.0,0.9651310755576166,True,0.9871460909090909,1.9998298,0.9871460909090909,0.0,0.9642448226422167
MATR_b1c26,194,2.0,0.9647716463287485,True,0.9871217272727271,1.999701,0.9871217272727271,0.0,0.9642653212144527
MATR_b1c26,195,2.0,0.9640819115504387,True,0.9868905454545454,2.0015969,0.9868905454545454,0.0,0.9642448226422167
MATR_b1c26,196,2.0,0.9633609281034522,True,0.9867856363636364,1.999681,0.9867856363636364,0.0,0.964223120020115
MATR_b1c26,197,2.0,0.9626739245245016,True,0.9866815454545455,2.0000749,0.9866815454545455,0.0,0.964223120020115
MATR_b1c26,198,2.0,0.9629896998928468,True,0.9866081818181818,1.9996867,0.9866081818181818,0.0,0.9641980946449042
MATR_b1c26,199,2.0,0.9637661645502149,True,0.9866759090909091,2.0001588,0.9866759090909091,0.0,0.9640829370702493
MATR_b1c26,200,2.0,0.9644899226292107,True,0.9868436363636364,2.0003018,0.9868436363636364,0.0,0.9640829370702493
MATR_b1c26,201,2.0,0.9649362781280838,True,0.9867189090909091,2.0001369,0.9867189090909091,0.0,0.9640819115504387
MATR_b1c26,202,2.0,0.9650680506080072,True,0.9869314545454545,2.0002999,0.9869314545454545,0.0,0.9637661645502149
MATR_b1c26,203,2.0,0.9640829370702493,True,0.9869608181818181,2.0001502,0.9869608181818181,0.0,0.9636559582488334
MATR_b1c26,204,2.0,0.9648308351088053,True,0.9870185454545454,2.0000587,0.9870185454545454,0.0,0.9633609281034522
MATR_b1c26,205,2.0,0.964223120020115,True,0.9870049999999999,2.0000567,0.9870049999999999,0.0,0.9629896998928468
MATR_b1c26,206,2.0,0.9636559582488334,True,0.9868453636363635,2.0012813,0.9868453636363635,0.0,0.9626739245245016
MATR_b1c26,207,2.0,0.9622035673229385,True,0.9865755454545453,2.0003314,0.9865755454545453,0.0,0.9622035673229385
MATR_b1c26,208,2.0,0.961341829224471,True,0.9862704545454545,1.9999032,0.9862704545454545,0.0,0.961341829224471
MATR_b1c26,209,2.0,0.9610871371267113,True,0.985561,2.0009446,0.985561,0.0,0.9610892133151416
MATR_b1c26,210,2.0,0.9610892133151416,True,0.9862489999999999,2.000977,0.9862489999999999,0.0,0.9610871371267113
MATR_b1c26,211,2.0,0.9608105354309536,True,0.9861460909090908,2.001246,0.9861460909090908,0.0,0.9610639834593643
MATR_b1c26,212,2.0,0.9605308337529259,True,0.986043,2.0009036,0.986043,0.0,0.9609230163149965
MATR_b1c26,213,2.0,0.9602766844487814,True,0.9859130909090907,2.0011611,0.9859130909090907,0.0,0.9608105354309536
MATR_b1c26,214,2.0,0.9601512839331269,True,0.9858979999999999,2.0003009,0.9858979999999999,0.0,0.9605308337529259
MATR_b1c26,215,2.0,0.9587960907382682,True,0.9846540909090908,2.0013471,0.9846540909090908,0.0,0.9604697616633168
MATR_b1c26,216,2.0,0.9596979771338491,True,0.9858022727272727,2.0014911,0.9858022727272727,0.0,0.9604110552940766
MATR_b1c26,217,2.0,0.9599644454090533,True,0.9858036363636363,2.0001531,0.9858036363636363,0.0,0.9602766844487814
MATR_b1c26,218,2.0,0.9601055046710179,True,0.9857924545454544,2.0002322,0.9857924545454544,0.0,0.9601512839331269
MATR_b1c26,219,2.0,0.9604110552940766,True,0.9858217272727273,1.9997268,0.9858217272727273,0.0,0.9601055046710179
MATR_b1c26,220,2.0,0.9609230163149965,True,0.9858917272727271,2.0016418,0.9858917272727271,0.0,0.9599644454090533
MATR_b1c26,221,2.0,0.9610639834593643,True,0.9860025454545455,2.0010657,0.9860025454545455,0.0,0.959744254995501
MATR_b1c26,222,2.0,0.9604697616633168,True,0.9858506363636362,2.0003934,0.9858506363636362,0.0,0.9596979771338491
MATR_b1c26,223,2.0,0.9595227399775788,True,0.985726909090909,2.0002542,0.985726909090909,0.0,0.9595227399775788
MATR_b1c26,224,2.0,0.9586409100180293,True,0.9855117272727272,2.0001225,0.9855117272727272,0.0,0.9595057382448003
MATR_b1c26,225,2.0,0.9585096258217799,True,0.985462909090909,2.0003982,0.985462909090909,0.0,0.9594040498775301
MATR_b1c26,226,2.0,0.9584446749799169,True,0.985438909090909,2.0004058,0.985438909090909,0.0,0.9594040498775301
MATR_b1c26,227,2.0,0.9586069413491739,True,0.9855212727272727,2.0016503,0.9855212727272727,0.0,0.9593222330916936
MATR_b1c26,228,2.0,0.9594040498775301,True,0.9855272727272726,2.0003629,0.9855272727272726,0.0,0.9589656379630221
MATR_b1c26,229,2.0,0.959744254995501,True,0.9856482727272726,2.0001912,0.9856482727272726,0.0,0.9589344722499502
MATR_b1c26,230,2.0,0.9589656379630221,True,0.985636909090909,2.0000281,0.985636909090909,0.0,0.9586409100180293
MATR_b1c26,231,2.0,0.9595057382448003,True,0.9854996363636362,2.0009637,0.9854996363636362,0.0,0.9586069413491739
MATR_b1c26,232,2.0,0.9593222330916936,True,0.9854884545454545,2.000257,0.9854884545454545,0.0,0.9585096258217799
MATR_b1c26,233,2.0,0.9589344722499502,True,0.9854732727272726,2.0003829,0.9854732727272726,0.0,0.9584446749799169
MATR_b1c26,234,2.0,0.9579668042539755,True,0.9851491818181818,2.0000978,0.9851491818181818,0.0,0.9579668042539755
MATR_b1c26,235,2.0,0.9570356986022109,True,0.9850555454545454,2.0014367,0.9850555454545454,0.0,0.9570356986022109
MATR_b1c26,236,2.0,0.9568803497805527,True,0.9849807272727271,2.0003142,0.9849807272727271,0.0,0.9568803497805527
MATR_b1c26,237,2.0,0.9568115261524455,True,0.9849879090909089,1.9998527,0.9849879090909089,0.0,0.9568115261524455
MATR_b1c26,238,2.0,0.9553660269734091,True,0.9837784545454545,2.001451,0.9837784545454545,0.0,0.9563615350368934
MATR_b1c26,239,2.0,0.9563615350368934,True,0.9848499090909091,2.0003076,0.9848499090909091,0.0,0.9563615350368934
MATR_b1c26,240,2.0,0.9561041062490937,True,0.9848050909090907,2.0002999,0.9848050909090907,0.0,0.9563182427581497
MATR_b1c26,241,2.0,0.9557597205872312,True,0.9847082727272726,2.0003142,0.9847082727272726,0.0,0.9561041062490937
MATR_b1c26,242,2.0,0.9555594110150658,True,0.9846527272727272,2.0002418,0.9846527272727272,0.0,0.9558094140700256
MATR_b1c26,243,2.0,0.9554148966791175,True,0.9845500909090908,2.0001807,0.9845500909090908,0.0,0.9557597205872312
MATR_b1c26,244,2.0,0.9554342429741555,True,0.9846017272727271,2.0015483,0.9846017272727271,0.0,0.9557376903756766
MATR_b1c26,245,2.0,0.9552397046455747,True,0.9845562727272726,2.000319,0.9845562727272726,0.0,0.9555594110150658
MATR_b1c26,246,2.0,0.955451772438384,True,0.9845281818181817,2.0003982,0.9845281818181817,0.0,0.955451772438384
MATR_b1c26,247,2.0,0.9557376903756766,True,0.9845284545454543,2.0001245,0.9845284545454543,0.0,0.9554342429741555
MATR_b1c26,248,2.0,0.9563182427581497,True,0.9846090909090908,2.0001512,0.9846090909090908,0.0,0.9554342429741555
MATR_b1c26,249,2.0,0.9564691130791754,True,0.9846967272727273,2.0016541,0.9846967272727273,0.0,0.955451772438384
MATR_b1c26,250,2.0,0.9558094140700256,True,0.9846284545454544,2.0002065,0.9846284545454544,0.0,0.9554342429741555
MATR_b1c26,251,2.0,0.9548184708400815,True,0.9844238181818181,2.0004001,0.9844238181818181,0.0,0.9554148966791175
MATR_b1c26,252,2.0,0.9542399702290593,True,0.9842394545454544,2.001452,0.9842394545454544,0.0,0.9552651221689088
MATR_b1c26,253,2.0,0.9541536346191404,True,0.9842376363636364,2.001328,0.9842376363636364,0.0,0.9552404268531238
MATR_b1c26,254,2.0,0.9540021064692126,True,0.9841619999999999,2.0003819,0.9841619999999999,0.0,0.9552397046455747
MATR_b1c26,255,2.0,0.9546876895459439,True,0.9842749090909091,2.0002913,0.9842749090909091,0.0,0.9551806293877938
MATR_b1c26,256,2.0,0.9552651221689088,True,0.9844082727272726,2.0015006,0.9844082727272726,0.0,0.9548184708400815
MATR_b1c26,257,2.0,0.9552404268531238,True,0.9843783636363634,2.0001779,0.9843783636363634,0.0,0.9546876895459439
MATR_b1c26,258,2.0,0.9556118573886725,True,0.9843690909090907,2.00137,0.9843690909090907,0.0,0.9542399702290593
MATR_b1c26,259,2.0,0.9555230473034332,True,0.9843599090909091,2.0013852,0.9843599090909091,0.0,0.9541536346191404
MATR_b1c26,260,2.0,0.9551806293877938,True,0.9842374545454544,2.0003657,0.9842374545454544,0.0,0.954134883624878
MATR_b1c26,261,2.0,0.9499048448481822,True,0.9831170909090909,2.0004125,0.9831170909090909,0.0,0.9540021064692126
MATR_b1c26,262,2.0,0.954134883624878,True,0.9841146363636363,2.00036,0.9841146363636363,0.0,0.952655237448276
MATR_b1c26,263,2.0,0.9524106506914739,True,0.9838589999999999,2.000257,0.9838589999999999,0.0,0.9524311961916793
MATR_b1c26,264,2.0,0.952655237448276,True,0.9837721818181818,2.001368,0.9837721818181818,0.0,0.9524106506914739
MATR_b1c26,265,2.0,0.9524311961916793,True,0.9837139999999999,2.0003676,0.9837139999999999,0.0,0.9523730694559298
MATR_b1c26,266,2.0,0.9523730694559298,True,0.9837158181818181,2.0003467,0.9837158181818181,0.0,0.9521498705175169
MATR_b1c26,267,2.0,0.9521498705175169,True,0.9836649999999999,2.0001149,0.9836649999999999,0.0,0.9518911765686431
MATR_b1c26,268,2.0,0.9518911765686431,True,0.983513818181818,2.0001912,0.9835139090909091,-9.09090910328203e-08,0.9516566455674417
MATR_b1c26,269,2.0,0.9516566455674417,True,0.9834459999999998,2.0003381,0.9834459999999998,0.0,0.9515044152641523
MATR_b1c26,270,2.0,0.9515044152641523,True,0.9833919999999998,2.0000987,0.9833919999999998,0.0,0.9514707588851262
MATR_b1c26,271,2.0,0.9512280584053996,True,0.983271909090909,2.0002732,0.983271909090909,0.0,0.9514022316160916
MATR_b1c26,272,2.0,0.9510562413768082,True,0.983208818181818,2.0013385,0.983208818181818,0.0,0.9514022316160916
MATR_b1c26,273,2.0,0.9509210693917335,True,0.9832321818181818,1.9999003,0.9832321818181818,0.0,0.9512280584053996
MATR_b1c26,274,2.0,0.946608247932281,True,0.9830060909090909,2.0002809,0.9830060909090909,0.0,0.9510562413768082
MATR_b1c26,275,2.0,0.951036735138575,True,0.9831182727272726,2.0003953,0.9831182727272726,0.0,0.9510562413768082
MATR_b1c26,276,2.0,0.9514707588851262,True,0.9831926363636363,2.0002627,0.9831926363636363,0.0,0.9510562413768082
MATR_b1c26,277,2.0,0.9514022316160916,True,0.983243818181818,2.000093,0.983243818181818,0.0,0.9510562413768082
MATR_b1c26,278,2.0,0.9506827100077683,True,0.9830755454545455,2.0002608,0.9830755454545455,0.0,0.9510562413768082
MATR_b1c26,279,2.0,0.9501358309684557,True,0.9830369090909091,1.9997897,0.9830369090909091,0.0,0.9510562413768082
MATR_b1c26,280,2.0,0.9501632327087318,True,0.982994909090909,2.0000196,0.982995,-9.0909090921798e-08,0.951036735138575
MATR_b1c26,281,2.0,0.9498499124367566,True,0.9829515454545453,2.0002046,0.9829515454545453,0.0,0.9509210693917335
MATR_b1c26,282,2.0,0.9498539722142122,True,0.9828022727272726,2.0004001,0.9828022727272726,0.0,0.9509114066455696
MATR_b1c26,283,2.0,0.9501950060975446,True,0.9828355454545453,2.0001149,0.9828355454545453,0.0,0.9506827100077683
MATR_b1c26,284,2.0,0.9509114066455696,True,0.9827052727272727,2.0003047,0.9827052727272727,0.0,0.9501950060975446
MATR_b1c26,285,2.0,0.9513029783254957,True,0.9828881818181818,2.0000701,0.9828881818181818,0.0,0.9501950060975446
MATR_b1c26,286,2.0,0.9516636768200767,True,0.9829338181818181,2.000258,0.9829338181818181,0.0,0.9501632327087318
MATR_b1c26,287,2.0,0.9519390915058237,True,0.9830281818181817,2.0002637,0.9830281818181817,0.0,0.9501358309684557
MATR_b1c26,288,2.0,0.9519466351352184,True,0.9830201818181817,2.0016246,0.9830201818181817,0.0,0.9498647885352383
MATR_b1c26,289,2.0,0.9518455115792048,True,0.9829259999999999,2.0003991,0.9829259999999999,0.0,0.9498539722142122
MATR_b1c26,290,2.0,0.9498647885352383,True,0.9818018181818181,2.0001998,0.9818018181818181,0.0,0.9498499124367566
MATR_b1c26,291,2.0,0.9494076129900142,True,0.9826345454545453,2.0003467,0.9826345454545453,0.0,0.9494076129900142
MATR_b1c26,292,2.0,0.948292260708119,True,0.982353909090909,2.0013299,0.982353909090909,0.0,0.948292260708119
MATR_b1c26,293,2.0,0.9481436922455004,True,0.982324,2.0003743,0.982324,0.0,0.9481436922455004
MATR_b1c26,294,2.0,0.9478486248466944,True,0.9821873636363636,1.9999337,0.9821873636363636,0.0,0.9478486248466944
MATR_b1c26,295,2.0,0.9477548744762889,True,0.982158,2.0004134,0.982158,0.0,0.9477548744762889
MATR_b1c26,296,2.0,0.9476859628426573,True,0.9821591818181816,2.0003448,0.9821591818181816,0.0,0.9476859628426573
MATR_b1c26,297,2.0,0.9474842877899586,True,0.9820889090909091,2.000258,0.9820889090909091,0.0,0.9474842877899586
MATR_b1c26,298,2.0,0.9472580606875063,True,0.9820142727272726,2.0004325,0.9820142727272726,0.0,0.9472580606875063
MATR_b1c26,299,2.0,0.9471308939868455,True,0.9819434545454544,2.0002379,0.9819434545454544,0.0,0.9471308939868455
MATR_b1c26,300,2.0,0.9469443216224125,True,0.9818293636363635,2.0003247,0.9818293636363635,0.0,0.9469443216224125
MATR_b1c26,301,2.0,0.9468542419708443,True,0.9817971818181817,2.000278,0.9817971818181817,0.0,0.9468542419708443
MATR_b1c26,302,2.0,0.945922268049975,True,0.9817500909090909,2.0012593,0.9817500909090909,0.0,0.9466726327591178
MATR_b1c26,303,2.0,0.9466726327591178,True,0.9816807272727271,2.0003724,0.9816807272727271,0.0,0.9463960537885916
MATR_b1c26,304,2.0,0.9455261571956328,True,0.9805614545454545,1.999907,0.9805614545454545,0.0,0.9463686155262627
MATR_b1c26,305,2.0,0.9461182896660537,True,0.9815568181818182,2.0000863,0.9815568181818182,0.0,0.9461182896660537
MATR_b1c26,306,2.0,0.9463960537885916,True,0.9816284545454543,1.9999442,0.9816284545454543,0.0,0.9461182896660537
MATR_b1c26,307,2.0,0.9460968053079728,True,0.9815352727272727,2.0003619,0.9815352727272727,0.0,0.9461182896660537
MATR_b1c26,308,2.0,0.9459369158083202,True,0.9814636363636362,2.0003552,0.9814636363636362,0.0,0.9460968053079728
MATR_b1c26,309,2.0,0.9458443493028552,True,0.981442090909091,2.0003171,0.981442090909091,0.0,0.9460854265269587
MATR_b1c26,310,2.0,0.9457111431076647,True,0.9813450909090908,2.000175,0.9813450909090908,0.0,0.9459484180574986
MATR_b1c26,311,2.0,0.9459484180574986,True,0.9813163636363635,2.0003238,0.9813163636363635,0.0,0.9459369158083202
MATR_b1c26,312,2.0,0.9460854265269587,True,0.981262818181818,2.0003581,0.9812629090909091,-9.09090910328203e-08,0.945922268049975
MATR_b1c26,313,2.0,0.945008242410053,True,0.9801445454545454,2.0003266,0.9801445454545454,0.0,0.9458443493028552
MATR_b1c26,314,2.0,0.9463686155262627,True,0.9812537272727271,2.0004344,0.9812537272727271,0.0,0.9457126659051622
MATR_b1c26,315,2.0,0.9437957081515241,True,0.9812536363636364,2.001637,0.9812536363636364,0.0,0.9457126659051622
MATR_b1c26,316,2.0,0.9462954280312826,True,0.9812223636363635,2.0003057,0.9812223636363635,0.0,0.9457111431076647
MATR_b1c26,317,2.0,0.9464126430032906,True,0.9811723636363636,2.0002713,0.9811723636363636,0.0,0.945008242410053
MATR_b1c26,318,2.0,0.9457126659051622,True,0.9811731818181817,1.9999261,0.9811731818181817,0.0,0.9443024579222186
MATR_b1c26,319,2.0,0.9432702815122535,True,0.9797815454545454,2.000361,0.9797815454545454,0.0,0.9441572856228568
MATR_b1c26,320,2.0,0.9443024579222186,True,0.9808239999999998,2.00038,0.9808239999999998,0.0,0.9439503517489316
MATR_b1c26,321,2.0,0.9441572856228568,True,0.9808480909090909,2.0002303,0.9808480909090909,0.0,0.9439503517489316
MATR_b1c26,322,2.0,0.9439503517489316,True,0.980698818181818,2.000258,0.980698818181818,0.0,0.9439503517489316
MATR_b1c26,323,2.0,0.9438795830339805,True,0.9806841818181818,2.0003667,0.9806841818181818,0.0,0.9439503517489316
MATR_b1c26,324,2.0,0.9436691698420991,True,0.9806183636363636,2.000278,0.9806183636363636,0.0,0.9439503517489316
MATR_b1c26,325,2.0,0.9434659030525808,True,0.9804994545454545,2.0013165,0.9804994545454545,0.0,0.9439503517489316
MATR_b1c26,326,2.0,0.9434861183771718,True,0.980492909090909,2.0003495,0.980492909090909,0.0,0.9441572856228568
MATR_b1c26,327,2.0,0.9431921687802565,True,0.9803953636363635,2.0014806,0.9803953636363635,0.0,0.9441572856228568
MATR_b1c26,328,2.0,0.9429891522543016,True,0.9803309090909091,2.0002694,0.9803309090909091,0.0,0.9441572856228568
MATR_b1c26,329,2.0,0.9428527001499396,True,0.9801993636363635,2.0001998,0.9801993636363635,0.0,0.9441572856228568
MATR_b1c26,330,2.0,0.9432239803663361,True,0.9802265454545452,2.0012441,0.9802265454545452,0.0,0.9443024579222186
MATR_b1c26,331,2.0,0.9454757853227115,True,0.9803614545454544,2.0003057,0.9803614545454544,0.0,0.9454757853227115
MATR_b1c26,332,2.0,0.9475807448843165,True,0.9808114545454546,2.0001311,0.9808114545454546,0.0,0.9473921905875836
MATR_b1c26,333,2.0,0.9483052477885422,True,0.9810264545454546,2.0001903,0.9810264545454546,0.0,0.9474367795406371
MATR_b1c26,334,2.0,0.9479979280707621,True,0.980903818181818,2.0003133,0.980903818181818,0.0,0.9475807448843165
MATR_b1c26,335,2.0,0.9476232244340294,True,0.9807986363636364,2.0003743,0.9807986363636364,0.0,0.9476232244340294
MATR_b1c26,336,2.0,0.9474367795406371,True,0.9807932727272726,2.0004048,0.9807932727272726,0.0,0.9479979280707621
MATR_b1c26,337,2.0,0.9473921905875836,True,0.980715727272727,2.0012574,0.980715727272727,0.0,0.9483052477885422
MATR_b1c26,338,2.0,0.9483470640576918,True,0.9807563636363635,2.0003495,0.9807563636363635,0.0,0.9483052477885422
MATR_b1c26,339,2.0,0.9498375322114585,True,0.9809352727272725,2.0002255,0.9809352727272725,0.0,0.9483052477885422
MATR_b1c26,340,2.0,0.9509203399077711,True,0.9810533636363635,2.0013404,0.9810533636363635,0.0,0.9483052477885422
MATR_b1c26,341,2.0,0.9517975451608256,True,0.9811558181818182,2.0002265,0.9811558181818182,0.0,0.9483052477885422
MATR_b1c26,342,2.0,0.951308753695553,True,0.9801061818181819,2.0002761,0.9801061818181819,0.0,0.9483052477885422
MATR_b1c26,343,2.0,0.9529196090022397,True,0.9813092727272728,2.0003743,0.9813092727272728,0.0,0.9483052477885422
MATR_b1c26,344,2.0,0.9528312625480686,True,0.9812415454545454,2.000155,0.9812416363636363,-9.09090908107757e-08,0.9482174951698695
MATR_b1c26,345,2.0,0.9526635692926768,True,0.9811437272727273,2.0003476,0.9811437272727273,0.0,0.9482174951698695
MATR_b1c26,346,2.0,0.9516720702265821,True,0.9811388181818181,2.0012374,0.9811388181818181,0.0,0.9482174951698695
MATR_b1c26,347,2.0,0.9499037925925016,True,0.9808420909090908,2.0002875,0.9808420909090908,0.0,0.9482174951698695
MATR_b1c26,348,2.0,0.9482174951698695,True,0.9805004545454544,2.0003104,0.9805004545454544,0.0,0.9482174951698695
MATR_b1c26,349,2.0,0.9471170291269125,True,0.9802651818181818,2.0000949,0.9802651818181818,0.0,0.9471170291269125
MATR_b1c26,350,2.0,0.9462640280428065,True,0.9800610909090909,2.0003543,0.9800610909090909,0.0,0.9462640280428065
MATR_b1c26,351,2.0,0.9458045630069439,True,0.979915818181818,2.0004392,0.979915818181818,0.0,0.9458045630069439
MATR_b1c26,352,2.0,0.9454528604458496,True,0.9798040909090907,2.0004172,0.9798040909090907,0.0,0.945603853267199
MATR_b1c26,353,2.0,0.9453549573859635,True,0.9797270909090908,2.0003057,0.9797270909090908,0.0,0.9454528604458496
MATR_b1c26,354,2.0,0.9430344484862901,True,0.9774869999999999,2.0001626,0.9774869999999999,0.0,0.9453632457303262
MATR_b1c26,355,2.0,0.9450851227563718,True,0.979572,2.0001025,0.979572,0.0,0.9453549573859635
MATR_b1c26,356,2.0,0.9450810830436857,True,0.9795567272727272,2.0002561,0.9795568181818182,-9.0909090921798e-08,0.9450851227563718
MATR_b1c26,357,2.0,0.9449592993844557,True,0.9794574545454545,2.0002208,0.9794574545454545,0.0,0.9450851227563718
MATR_b1c26,358,2.0,0.9447206836969114,True,0.9793649090909091,2.0003104,0.9793649090909091,0.0,0.9450851227563718
MATR_b1c26,359,2.0,0.9450397340698826,True,0.9793496363636364,2.0003772,0.9793496363636364,0.0,0.9450851227563718
MATR_b1c26,360,2.0,0.945603853267199,True,0.9794540909090909,2.0002856,0.9794540909090909,0.0,0.9450851227563718
MATR_b1c26,361,2.0,0.9453632457303262,True,0.9793988181818182,2.0012727,0.9793988181818182,0.0,0.9450851227563718
MATR_b1c26,362,2.0,0.9446577463324888,True,0.9792167272727271,2.0012269,0.9792167272727271,0.0,0.9450851227563718
MATR_b1c26,363,2.0,0.9443106953000744,True,0.9791787272727271,2.0015388,0.9791787272727271,0.0,0.9450851227563718
MATR_b1c26,364,2.0,0.9437502282348361,True,0.9787461818181816,2.0003505,0.9787461818181816,0.0,0.9450851227563718
MATR_b1c26,365,2.0,0.943514865938475,True,0.9786855454545454,2.0003619,0.9786855454545454,0.0,0.9453632457303262
MATR_b1c26,366,2.0,0.9443793136951858,True,0.9788544545454544,2.0002294,0.9788544545454544,0.0,0.9453632457303262
MATR_b1c26,367,2.0,0.9456471570034718,True,0.9790446363636363,2.0003238,0.9790447272727273,-9.09090910328203e-08,0.9453632457303262
MATR_b1c26,368,2.0,0.9466044497729917,True,0.9791746363636363,2.0015111,0.9791746363636363,0.0,0.9453632457303262
MATR_b1c26,369,2.0,0.9471791954835538,True,0.979223909090909,2.0004001,0.979223909090909,0.0,0.9453632457303262
MATR_b1c26,370,2.0,0.9475672105282661,True,0.9792737272727271,2.0003533,0.9792737272727271,0.0,0.9453632457303262
MATR_b1c26,371,2.0,0.9469475769212996,True,0.9782106363636363,2.0003896,0.9782106363636363,0.0,0.9446577463324888
MATR_b1c26,372,2.0,0.9481687150604377,True,0.979257090909091,2.000258,0.979257090909091,0.0,0.9446498673903931
MATR_b1c26,373,2.0,0.948434897238659,True,0.9793136363636363,2.0003133,0.9793136363636363,0.0,0.9443793136951858
MATR_b1c26,374,2.0,0.9476421116740498,True,0.9792705454545455,2.0002961,0.9792705454545455,0.0,0.9443793136951858
MATR_b1c26,375,2.0,0.9459308595037145,True,0.9789200909090908,2.000257,0.9789200909090908,0.0,0.9443793136951858
MATR_b1c26,376,2.0,0.9446498673903931,True,0.9786542727272726,2.0003247,0.9786542727272726,0.0,0.9443793136951858
MATR_b1c26,377,2.0,0.9438178235035328,True,0.9785140909090909,1.999989,0.9785140909090909,0.0,0.9438178235035328
MATR_b1c26,378,2.0,0.9431078895355761,True,0.9783240909090908,2.0000634,0.9783240909090908,0.0,0.9432172194675561
MATR_b1c26,379,2.0,0.9427220059048825,True,0.9782027272727272,2.0001845,0.9782027272727272,0.0,0.9432172194675561
MATR_b1c26,380,2.0,0.9423632387921084,True,0.9780587272727272,2.0002017,0.9780587272727272,0.0,0.9431078895355761
MATR_b1c26,381,2.0,0.9423162636204643,True,0.9780729999999999,1.9998832,0.9780729999999999,0.0,0.9428107311918407
MATR_b1c26,382,2.0,0.9421702655041673,True,0.9779303636363635,2.0003552,0.9779303636363635,0.0,0.9427220059048825
MATR_b1c26,383,2.0,0.9423500804299847,True,0.9779745454545453,2.0002217,0.9779745454545453,0.0,0.9425400378853215
MATR_b1c26,384,2.0,0.9423870676075415,True,0.9778940909090909,2.0002389,0.9778940909090909,0.0,0.9424099694516329
MATR_b1c26,385,2.0,0.9423196280621566,True,0.9778590909090908,2.0002751,0.9778591818181818,-9.0909090921798e-08,0.9424099694516329
MATR_b1c26,386,2.0,0.9424099694516329,True,0.9778027272727271,2.0003858,0.9778027272727271,0.0,0.9424099694516329
MATR_b1c26,387,2.0,0.9428107311918407,True,0.9777673636363634,2.0003991,0.9777673636363634,0.0,0.9424099694516329
MATR_b1c26,388,2.0,0.9432172194675561,True,0.9777447272727272,2.0002952,0.9777447272727272,0.0,0.9424099694516329
MATR_b1c26,389,2.0,0.9432467321076747,True,0.9778814545454544,2.0002189,0.9778814545454544,0.0,0.9424099694516329
MATR_b1c26,390,2.0,0.9425400378853215,True,0.9776685454545453,2.0003476,0.9776685454545453,0.0,0.9424099694516329
MATR_b1c26,391,2.0,0.9418504825612009,True,0.9775900000000001,2.0002437,0.9775900000000001,0.0,0.9425400378853215
MATR_b1c26,392,2.0,0.9408868561890192,True,0.9773717272727273,2.0003247,0.9773717272727273,0.0,0.9428036328325315
MATR_b1c26,393,2.0,0.9408138382522886,True,0.9772969090909089,2.0012803,0.9772969090909089,0.0,0.9428036328325315
MATR_b1c26,394,2.0,0.9414485261049905,True,0.9772743636363634,2.0002294,0.9772743636363634,0.0,0.9428036328325315
MATR_b1c26,395,2.0,0.9428036328325315,True,0.9774579090909091,2.0000672,0.9774579090909091,0.0,0.9428036328325315
MATR_b1c26,396,2.0,0.9439473556478443,True,0.977611,2.0009503,0.977611,0.0,0.9428036328325315
MATR_b1c26,397,2.0,0.9445915666890013,True,0.9775543636363636,2.0003867,0.9775543636363636,0.0,0.9428036328325315
MATR_b1c26,398,2.0,0.945014633059943,True,0.9775213636363635,2.0002799,0.9775213636363635,0.0,0.9426649644720779
MATR_b1c26,399,2.0,0.9454090005205608,True,0.9775743636363636,2.0003209,0.9775743636363636,0.0,0.9425400378853215
MATR_b1c26,400,2.0,0.9445577669304098,True,0.9765926363636362,2.0003572,0.9765926363636362,0.0,0.9418504825612009
MATR_b1c26,401,2.0,0.9455468662752124,True,0.9775670909090909,2.0004096,0.9775670909090909,0.0,0.9415808608050162
MATR_b1c26,402,2.0,0.9445554542810823,True,0.977322909090909,2.0002389,0.977322909090909,0.0,0.9414485261049905
MATR_b1c26,403,2.0,0.9426649644720779,True,0.9771384545454546,2.0002418,0.9771384545454546,0.0,0.9414485261049905
MATR_b1c26,404,2.0,0.9415808608050162,True,0.9768832727272727,2.0004001,0.9768832727272727,0.0,0.9414485261049905
MATR_b1c26,405,2.0,0.9405762334133037,True,0.9766023636363635,2.0004201,0.9766024545454545,-9.0909090921798e-08,0.9405762334133037
MATR_b1c26,406,2.0,0.9400772282381468,True,0.9765447272727272,2.0003133,0.9765448181818182,-9.0909090921798e-08,0.9405762334133037
MATR_b1c26,407,2.0,0.9397066404508081,True,0.9764042727272726,2.000093,0.9764042727272726,0.0,0.9405762334133037
MATR_b1c26,408,2.0,0.9393050723484999,True,0.9761654545454544,2.0001674,0.9761654545454544,0.0,0.9401640161712724
MATR_b1c26,409,2.0,0.9381758869674945,True,0.9750631818181817,2.0003438,0.9750631818181817,0.0,0.9401530080432176
MATR_b1c26,410,2.0,0.9391597260608202,True,0.976093,2.0001788,0.976093,0.0,0.9400772282381468
MATR_b1c26,411,2.0,0.9392356614770786,True,0.9760533636363635,2.0001693,0.9760533636363635,0.0,0.9397066404508081
MATR_b1c26,412,2.0,0.9394197919762726,True,0.9760301818181817,2.0002408,0.9760302727272726,-9.0909090921798e-08,0.9395642977641597
MATR_b1c26,413,2.0,0.9395642977641597,True,0.9760098181818181,2.0002828,0.9760098181818181,0.0,0.9395642977641597
MATR_b1c26,414,2.0,0.9395247874542344,True,0.9755550909090908,2.0003552,0.9755550909090908,0.0,0.9395642977641597
MATR_b1c26,415,2.0,0.9401640161712724,True,0.975855090909091,2.0003505,0.975855090909091,0.0,0.9395642977641597
MATR_b1c26,416,2.0,0.9409481900863503,True,0.9760069090909091,2.0002189,0.9760069090909091,0.0,0.9395642977641597
MATR_b1c26,417,2.0,0.9409495596175063,True,0.9760079999999999,2.0003619,0.9760080909090908,-9.0909090921798e-08,0.9395247874542344
MATR_b1c26,418,2.0,0.9401530080432176,True,0.9759037272727272,2.0003896,0.9759037272727272,0.0,0.9395247874542344
MATR_b1c26,419,2.0,0.9393813748429846,True,0.9754844545454545,2.0001683,0.9754844545454545,0.0,0.9395247874542344
MATR_b1c26,420,2.0,0.9385656711836441,True,0.9755121818181817,2.0003419,0.9755121818181817,0.0,0.9395642977641597
MATR_b1c26,421,2.0,0.9380279888439922,True,0.9753649999999999,2.0003333,0.9753649999999999,0.0,0.9395642977641597
MATR_b1c26,422,2.0,0.9385343436402279,True,0.975284,2.0003839,0.975284,0.0,0.9395642977641597
MATR_b1c26,423,2.0,0.9397336016091115,True,0.9753550909090909,2.0000377,0.9753550909090909,0.0,0.9395642977641597
MATR_b1c26,424,2.0,0.9409948709940621,True,0.9756302727272727,2.000092,0.9756302727272727,0.0,0.9395247874542344
MATR_b1c26,425,2.0,0.9417114690311896,True,0.9755878181818182,2.0003572,0.9755878181818182,0.0,0.9394794593916024
MATR_b1c26,426,2.0,0.9399122575712385,True,0.973469909090909,2.0002723,0.973469909090909,0.0,0.9393813748429846
MATR_b1c26,427,2.0,0.9389968850324485,True,0.9722775454545455,2.0001903,0.9722775454545455,0.0,0.9389968850324485
MATR_b1c26,428,2.0,0.9422313978376388,True,0.9755529999999998,2.0002761,0.9755530909090908,-9.09090910328203e-08,0.9385656711836441
MATR_b1c26,429,2.0,0.9365418229320229,True,0.9699791818181817,2.0002379,0.9699791818181817,0.0,0.9385343436402279
MATR_b1c26,430,2.0,0.9410027781519128,True,0.9749905454545453,2.000174,0.9749905454545453,0.0,0.9381817938064563
MATR_b1c26,431,2.0,0.9394794593916024,True,0.975082909090909,2.0002122,0.9750829999999999,-9.0909090921798e-08,0.9380279888439922
MATR_b1c26,432,2.0,0.9381817938064563,True,0.9748435454545453,2.0002913,0.9748435454545453,0.0,0.9365418229320229
MATR_b1c26,433,2.0,0.9350013070870767,True,0.9724050909090909,2.0002122,0.9724050909090909,0.0,0.9365418229320229
MATR_b1c26,434,2.0,0.9364894056075747,True,0.9742509090909091,2.0003839,0.9742509090909091,0.0,0.9365418229320229
MATR_b1c26,435,2.0,0.935059421782827,True,0.9731124545454546,2.0002151,0.9731124545454546,0.0,0.9365418229320229
MATR_b1c26,436,2.0,0.9361902696304798,True,0.9742049999999999,2.0003381,0.9742049999999999,0.0,0.9364894056075747
MATR_b1c26,437,2.0,0.9339633567433159,True,0.971950909090909,2.0015931,0.971950909090909,0.0,0.9363430926743697
MATR_b1c26,438,2.0,0.9349483873945573,True,0.973017909090909,2.0001693,0.973017909090909,0.0,0.9362398594329324
MATR_b1c26,439,2.0,0.9348335795125992,True,0.972839909090909,2.0003972,0.972839909090909,0.0,0.9361902696304798
MATR_b1c26,440,2.0,0.9359881733425237,True,0.9739311818181816,2.000422,0.9739311818181816,0.0,0.9359881733425237
MATR_b1c26,441,2.0,0.9359782948471191,True,0.9738109999999999,2.0002666,0.9738109999999999,0.0,0.9359881733425237
MATR_b1c26,442,2.0,0.9362398594329324,True,0.9739439999999998,2.0014853,0.9739439999999998,0.0,0.9359881733425237
MATR_b1c26,443,2.0,0.9366099760275356,True,0.9737887272727273,1.9998794,0.9737887272727273,0.0,0.9359881733425237
MATR_b1c26,444,2.0,0.9374396316876075,True,0.9738698181818181,2.000236,0.9738698181818181,0.0,0.9361902696304798
MATR_b1c26,445,2.0,0.9372371366297937,True,0.973918,2.0013223,0.973918,0.0,0.9361902696304798
MATR_b1c26,446,2.0,0.9363430926743697,True,0.9737150909090909,1.9999413,0.9737150909090909,0.0,0.9362398594329324
MATR_b1c26,447,2.0,0.9356220481214721,True,0.973528818181818,2.0004077,0.973528818181818,0.0,0.9363430926743697
MATR_b1c26,448,2.0,0.9352735947635711,True,0.9734500909090908,2.0003867,0.9734500909090908,0.0,0.9364904912510039
MATR_b1c26,449,2.0,0.9349891636852647,True,0.9733222727272727,2.0000386,0.9733222727272727,0.0,0.9364904912510039
MATR_b1c26,450,2.0,0.9354132016274731,True,0.9732657272727271,2.0003352,0.9732657272727271,0.0,0.9364904912510039
MATR_b1c26,451,2.0,0.9364904988040833,True,0.9732658181818181,2.0002713,0.9732658181818181,0.0,0.9364904912510039
MATR_b1c26,452,2.0,0.9371497895452098,True,0.9733739999999999,2.0001464,0.9733739999999999,0.0,0.9364904912510039
MATR_b1c26,453,2.0,0.9364904912510039,True,0.9722486363636362,2.0001941,0.9722486363636362,0.0,0.9364904912510039
MATR_b1c26,454,2.0,0.9379401592102307,True,0.9732984545454545,2.0003228,0.9732984545454545,0.0,0.9363430926743697
MATR_b1c26,455,2.0,0.9381421546845018,True,0.973350909090909,1.9999623,0.973350909090909,0.0,0.9363236327825598
MATR_b1c26,456,2.0,0.9381151641282377,True,0.9732436363636362,2.000381,0.9732436363636362,0.0,0.9356220481214721
MATR_b1c26,457,2.0,0.9381461121406698,True,0.973243,2.00102,0.973243,0.0,0.9354132016274731
MATR_b1c26,458,2.0,0.9365497097516615,True,0.9720274545454545,2.0003324,0.9720275454545454,-9.0909090921798e-08,0.9352735947635711
MATR_b1c26,459,2.0,0.9363236327825598,True,0.9729029999999999,2.0003028,0.9729029999999999,0.0,0.9351274798630457
MATR_b1c26,460,2.0,0.9351274798630457,True,0.9726726363636363,2.0004373,0.9726726363636363,0.0,0.9351274798630457
MATR_b1c26,461,2.0,0.934315636773183,True,0.9725102727272725,2.0003715,0.9725102727272725,0.0,0.934315636773183
MATR_b1c26,462,2.0,0.9338346994307732,True,0.9723810909090909,2.0003572,0.9723810909090909,0.0,0.9338346994307732
MATR_b1c26,463,2.0,0.9335009694847992,True,0.9722375454545453,2.0000625,0.9722375454545453,0.0,0.9335009694847992
MATR_b1c26,464,2.0,0.9321785870692162,True,0.9709556363636362,2.0003037,0.9709556363636362,0.0,0.933150914142203
MATR_b1c26,465,2.0,0.933150914142203,True,0.971983909090909,2.0003934,0.971983909090909,0.0,0.9329873116392364
MATR_b1c26,466,2.0,0.9329873116392364,True,0.9718841818181817,2.0002103,0.9718841818181817,0.0,0.9327245642495845
MATR_b1c26,467,2.0,0.9327245642495845,True,0.9718073636363637,2.0000329,0.9718073636363637,0.0,0.932563803305927
MATR_b1c26,468,2.0,0.932563803305927,True,0.9717235454545454,2.0003238,0.9717235454545454,0.0,0.9322849358689107
MATR_b1c26,469,2.0,0.9322849358689107,True,0.971642,2.0003066,0.971642,0.0,0.9322849358689107
MATR_b1c26,470,2.0,0.9322090412676324,True,0.9715418181818182,2.0001979,0.971541909090909,-9.09090908107757e-08,0.9322849358689107
MATR_b1c26,471,2.0,0.932132787964851,True,0.9714688181818182,2.00036,0.9714688181818182,0.0,0.9322849358689107
MATR_b1c26,472,2.0,0.9318680988365783,True,0.9712246363636363,2.0001912,0.9712246363636363,0.0,0.9322849358689107
MATR_b1c26,473,2.0,0.9318565281592457,True,0.9712484545454544,2.000196,0.9712484545454544,0.0,0.9322849358689107
MATR_b1c26,474,2.0,0.9317031342984571,True,0.971150909090909,2.0000052,0.971150909090909,0.0,0.9322849358689107
MATR_b1c26,475,2.0,0.9315563820754393,True,0.9711168181818182,2.0002627,0.9711168181818182,0.0,0.932563803305927
MATR_b1c26,476,2.0,0.9313419548517329,True,0.9709946363636363,2.0003619,0.9709946363636363,0.0,0.932563803305927
MATR_b1c26,477,2.0,0.9311364092244883,True,0.9708905454545453,2.0002952,0.9708905454545453,0.0,0.932563803305927
MATR_b1c26,478,2.0,0.9318064207688144,True,0.9703997272727272,2.0000806,0.9703998181818182,-9.09090910328203e-08,0.932563803305927
MATR_b1c26,479,2.0,0.9326494341721957,True,0.9698502727272725,2.0000443,0.9698502727272725,0.0,0.9322849358689107
MATR_b1c26,480,2.0,0.9353139100073573,True,0.9711286363636363,2.0003419,0.9711286363636363,0.0,0.9322090412676324
MATR_b1c26,481,2.0,0.936547408289342,True,0.9711992727272726,2.0003467,0.9711992727272726,0.0,0.932132787964851
MATR_b1c26,482,2.0,0.9374617201905119,True,0.9713856363636362,2.0002437,0.9713856363636362,0.0,0.9320868645633947
MATR_b1c26,483,2.0,0.937049285141996,True,0.9713298181818182,2.0001855,0.9713298181818182,0.0,0.9320868645633947
MATR_b1c26,484,2.0,0.9383082521417292,True,0.9713866363636362,2.0000625,0.9713866363636362,0.0,0.9320868645633947
MATR_b1c26,485,2.0,0.9382365909210422,True,0.9712112727272727,2.001183,0.9712112727272727,0.0,0.9320868645633947
MATR_b1c26,486,2.0,0.9375275955777015,True,0.971219909090909,2.0002618,0.971219909090909,0.0,0.9320868645633947
MATR_b1c26,487,2.0,0.9354348174847916,True,0.9707285454545453,2.0002713,0.9707285454545453,0.0,0.9320868645633947
MATR_b1c26,488,2.0,0.9335098994364082,True,0.9705664545454545,1.9999804,0.9705664545454545,0.0,0.9320868645633947
MATR_b1c26,489,2.0,0.9320868645633947,True,0.9702219999999999,2.0002761,0.9702219999999999,0.0,0.9320868645633947
MATR_b1c26,490,2.0,0.931245972723686,True,0.9698651818181817,2.0002198,0.9698651818181817,0.0,0.931245972723686
MATR_b1c26,491,2.0,0.93084056355348,True,0.9697880909090908,2.0002856,0.9697880909090908,0.0,0.93084056355348
MATR_b1c26,492,2.0,0.9305924372707345,True,0.9697016363636363,2.0003772,0.9697016363636363,0.0,0.9305924372707345
MATR_b1c26,493,2.0,0.924280690116094,True,0.9684340909090909,2.0000863,0.9684340909090909,0.0,0.924280690116094
MATR_b1c26,494,2.0,0.9199843950971859,True,0.9683517272727272,2.0003829,0.9683517272727272,0.0,0.9236043877987502
MATR_b1c26,495,2.0,0.9141403496445147,True,0.9679164545454545,2.0002294,0.9679164545454545,0.0,0.922976526746352
MATR_b1c26,496,2.0,0.9052433766347723,True,0.9663659999999998,2.0002999,0.9663659999999998,0.0,0.9228439203100988
MATR_b1c26,497,2.0,0.9193580749641918,True,0.9675110909090908,2.0013061,0.9675110909090908,0.0,0.9228439203100988
MATR_b1c26,498,2.0,0.9175863356195109,True,0.9672849999999998,2.0003552,0.9672849999999998,0.0,0.9228439203100988
MATR_b1c26,499,2.0,0.9236043877987502,True,0.9682328181818182,2.0001645,0.9682328181818182,0.0,0.9228439203100988
MATR_b1c26,500,2.0,0.9225485131274753,True,0.967969909090909,2.000134,0.967969909090909,0.0,0.9228439203100988
MATR_b1c26,501,2.0,0.9225538840060993,True,0.9678323636363636,2.0002742,0.9678323636363636,0.0,0.9228439203100988
MATR_b1c26,502,2.0,0.9228439203100988,True,0.9677610909090908,2.0001206,0.9677610909090908,0.0,0.9228439203100988
MATR_b1c26,503,2.0,0.922976526746352,True,0.9677253636363636,2.000196,0.9677253636363636,0.0,0.9228439203100988
MATR_b1c26,504,2.0,0.9228347060524265,True,0.9676624545454544,1.9997706,0.9676624545454544,0.0,0.9228439203100988
MATR_b1c26,505,2.0,0.9226749728270501,True,0.9675671818181817,2.0012784,0.9675671818181817,0.0,0.922976526746352
MATR_b1c26,506,2.0,0.9223305271828661,True,0.9673040909090909,2.0002837,0.9673040909090909,0.0,0.922976526746352
MATR_b1c26,507,2.0,0.9230574847133676,True,0.9674195454545453,2.0001855,0.9674195454545453,0.0,0.922976526746352
MATR_b1c26,508,2.0,0.9238676277638581,True,0.967451,2.0001836,0.967451,0.0,0.922976526746352
MATR_b1c26,509,2.0,0.9246192988772899,True,0.9673307272727272,2.0000749,0.9673307272727272,0.0,0.922976526746352
MATR_b1c26,510,2.0,0.9250979101595117,True,0.9674231818181819,2.0001464,0.9674231818181819,0.0,0.9228439203100988
MATR_b1c26,511,2.0,0.9254183615346766,True,0.9674138181818182,1.9999375,0.9674138181818182,0.0,0.9228439203100988
MATR_b1c26,512,2.0,0.9256430783211678,True,0.967230909090909,2.0001369,0.967230909090909,0.0,0.9228439203100988
MATR_b1c26,513,2.0,0.9258165618989014,True,0.9669642727272727,2.0002484,0.9669642727272727,0.0,0.9228347060524265
MATR_b1c26,514,2.0,0.9256386897607584,True,0.966962909090909,2.0003028,0.966962909090909,0.0,0.9226749728270501
MATR_b1c26,515,2.0,0.9238655339029644,True,0.9669262727272727,1.9999337,0.9669262727272727,0.0,0.9223305271828661
MATR_b1c26,516,2.0,0.922083181832814,True,0.9662357272727271,2.0001826,0.9662357272727271,0.0,0.922083181832814
MATR_b1c26,517,2.0,0.9208196015845946,True,0.965951818181818,2.0000701,0.965951818181818,0.0,0.9208196015845946
MATR_b1c26,518,2.0,0.920727401772966,True,0.9660085454545453,2.0011983,0.9660085454545453,0.0,0.920727401772966
MATR_b1c26,519,2.0,0.9206973838879877,True,0.9660692727272727,2.0015521,0.9660692727272727,0.0,0.9206973838879877
MATR_b1c26,520,2.0,0.9205407800917159,True,0.965941818181818,2.0002389,0.965941818181818,0.0,0.9205407800917159
MATR_b1c26,521,2.0,0.9203176537808031,True,0.9658105454545454,2.0003648,0.9658105454545454,0.0,0.9203176537808031
MATR_b1c26,522,2.0,0.9185286352152324,True,0.9632868181818182,2.0002933,0.9632869090909091,-9.0909090921798e-08,0.9201209794652175
MATR_b1c26,523,2.0,0.9197688753408833,True,0.9654023636363637,2.0002704,0.9654023636363637,0.0,0.9197688753408833
MATR_b1c26,524,2.0,0.9197188928336723,True,0.9654,2.0001788,0.9654,0.0,0.9197188928336723
MATR_b1c26,525,2.0,0.9196879096837286,True,0.9652926363636363,2.0003486,0.9652926363636363,0.0,0.9196879096837286
MATR_b1c26,526,2.0,0.9196635609962508,True,0.9651519999999999,2.0002828,0.9651519999999999,0.0,0.9196879096837286
MATR_b1c26,527,2.0,0.9181273808214846,True,0.9651657272727272,2.0001893,0.9651657272727272,0.0,0.9196879096837286
MATR_b1c26,528,2.0,0.9192700441626627,True,0.9639711818181816,2.0002656,0.9639711818181816,0.0,0.9196635609962508
MATR_b1c26,529,2.0,0.9201209794652175,True,0.9648071818181817,2.0001864,0.9648071818181817,0.0,0.9196635609962508
MATR_b1c26,530,2.0,0.9193882464831357,True,0.9645656363636363,2.0003304,0.9645656363636363,0.0,0.9196635609962508
MATR_b1c26,531,2.0,0.9196623824976237,True,0.9648431818181817,2.0002036,0.9648432727272727,-9.0909090921798e-08,0.9196635609962508
MATR_b1c26,532,2.0,0.9192079264092603,True,0.9641899090909091,2.0001988,0.9641899999999999,-9.09090908107757e-08,0.9196623824976237
MATR_b1c26,533,2.0,0.9192566025723795,True,0.964431909090909,2.0001111,0.964431909090909,0.0,0.9196623824976237
MATR_b1c26,534,2.0,0.9190497787764726,True,0.9643761818181817,2.00036,0.9643761818181817,0.0,0.9193882464831357
MATR_b1c26,535,2.0,0.9192577310869315,True,0.964268909090909,2.001658,0.964268909090909,0.0,0.9192700441626627
MATR_b1c26,536,2.0,0.9199726836952411,True,0.964161909090909,2.0003104,0.964161909090909,0.0,0.9192577310869315
MATR_b1c26,537,2.0,0.9205833409504588,True,0.9642375454545454,2.0002084,0.9642375454545454,0.0,0.9192566025723795
MATR_b1c26,538,2.0,0.9168082840400317,True,0.9641709090909091,2.0003285,0.9641709090909091,0.0,0.9192566025723795
MATR_b1c26,539,2.0,0.921051229166361,True,0.9641404545454545,2.0002809,0.9641404545454545,0.0,0.9192079264092603
MATR_b1c26,540,2.0,0.9208181239803083,True,0.9640614545454544,2.0003724,0.9640614545454544,0.0,0.9190497787764726
MATR_b1c26,541,2.0,0.9203508139336415,True,0.9638269090909091,2.0002666,0.9638269090909091,0.0,0.9188980856268044
MATR_b1c26,542,2.0,0.9188980856268044,True,0.9626553636363635,2.0002503,0.9626553636363635,0.0,0.9173457621221797
MATR_b1c26,543,2.0,0.9171952392860041,True,0.9623013636363635,2.0001626,0.9623013636363635,0.0,0.9171952392860041
MATR_b1c26,544,2.0,0.9164883551985693,True,0.9619937272727271,2.0002007,0.9619937272727271,0.0,0.9171916318536818
MATR_b1c26,545,2.0,0.9173457621221797,True,0.9630677272727273,1.9997916,0.9630677272727273,0.0,0.9168844341492965
MATR_b1c26,546,2.0,0.9171916318536818,True,0.9630119090909091,2.0002904,0.9630119090909091,0.0,0.9168082840400317
MATR_b1c26,547,2.0,0.9168844341492965,True,0.962694909090909,2.00001,0.962694909090909,0.0,0.9166266410052464
MATR_b1c26,548,2.0,0.9166266410052464,True,0.9626331818181817,2.000134,0.9626331818181817,0.0,0.9164883551985693
MATR_b1c26,549,2.0,0.9162556025323431,True,0.9620062727272727,2.0001197,0.9620063636363635,-9.09090908107757e-08,0.9162556025323431
MATR_b1c26,550,2.0,0.9162452170724259,True,0.9622771818181817,2.0002952,0.9622771818181817,0.0,0.9162452170724259
MATR_b1c26,551,2.0,0.9158536830476808,True,0.9621076363636364,2.0001979,0.9621076363636364,0.0,0.9158536830476808
MATR_b1c26,552,2.0,0.9155533016895836,True,0.9620239090909091,2.0003552,0.9620239090909091,0.0,0.9156849114982422
MATR_b1c26,553,2.0,0.9156051230647764,True,0.9618845454545454,2.0003667,0.9618845454545454,0.0,0.9156051230647764
MATR_b1c26,554,2.0,0.9153850113075309,True,0.9616462727272727,2.0015254,0.9616462727272727,0.0,0.9156051230647764
MATR_b1c26,555,2.0,0.9152142242868296,True,0.9616078181818181,2.0003991,0.9616078181818181,0.0,0.9156051230647764
MATR_b1c26,556,2.0,0.9156849114982422,True,0.961458,2.0003572,0.961458,0.0,0.9156051230647764
MATR_b1c26,557,2.0,0.9149368181917663,True,0.9603824545454546,2.0002179,0.9603824545454546,0.0,0.9156051230647764
MATR_b1c26,558,2.0,0.9152512369123257,True,0.9613381818181818,2.0003839,0.9613381818181818,0.0,0.9156051230647764
MATR_b1c26,559,2.0,0.914785063546279,True,0.9611277272727272,2.0003047,0.9611277272727272,0.0,0.9156051230647764
MATR_b1c26,560,2.0,0.9148416617675158,True,0.9610393636363634,2.0003028,0.9610393636363634,0.0,0.9156051230647764
MATR_b1c26,561,2.0,0.9147539177215899,True,0.9608540909090908,2.0003428,0.9608540909090908,0.0,0.9155533016895836
MATR_b1c26,562,2.0,0.9142937520022547,True,0.960680909090909,1.9998155,0.960680909090909,0.0,0.9153850113075309
MATR_b1c26,563,2.0,0.913712535629924,True,0.9594094545454545,2.0015216,0.9594094545454545,0.0,0.9152512369123257
MATR_b1c26,564,2.0,0.9162601195666852,True,0.9606009999999998,2.00038,0.9606009999999998,0.0,0.9152142242868296
MATR_b1c26,565,2.0,0.9171161402308977,True,0.9604590909090909,2.0002866,0.9604591818181818,-9.0909090921798e-08,0.9149368181917663
MATR_b1c26,566,2.0,0.9178352925611978,True,0.9605269090909091,2.0003066,0.9605269090909091,0.0,0.9148416617675158
MATR_b1c26,567,2.0,0.9181000277740211,True,0.9602882727272727,2.0003238,0.9602882727272727,0.0,0.914785063546279
MATR_b1c26,568,2.0,0.9182951915531526,True,0.9603796363636363,2.0004134,0.9603796363636363,0.0,0.9147539177215899
MATR_b1c26,569,2.0,0.9182292601162985,True,0.9602323636363637,2.0001588,0.9602323636363637,0.0,0.9144854810674353
MATR_b1c26,570,2.0,0.9179201953783395,True,0.9601281818181817,2.0003047,0.9601281818181817,0.0,0.9142937520022547
MATR_b1c26,571,2.0,0.9144854810674353,True,0.959776818181818,2.000133,0.959776818181818,0.0,0.9137324689638893
MATR_b1c26,572,2.0,0.9137324689638893,True,0.9591843636363636,2.0004115,0.9591843636363636,0.0,0.913712535629924
MATR_b1c26,573,2.0,0.9127866431770285,True,0.9590799999999999,2.0003419,0.959080090909091,-9.09090910328203e-08,0.9127866431770285
MATR_b1c26,574,2.0,0.9124168060576161,True,0.9589422727272726,2.0000749,0.9589422727272726,0.0,0.9124168060576161
MATR_b1c26,575,2.0,0.9120975390551874,True,0.9587488181818181,2.0002198,0.9587488181818181,0.0,0.9120975390551874
MATR_b1c26,576,2.0,0.9116767352056341,True,0.9585297272727271,2.0003076,0.9585297272727271,0.0,0.9116767352056341
MATR_b1c26,577,2.0,0.9116144547772539,True,0.9584542727272727,2.0004296,0.9584542727272727,0.0,0.9116144547772539
MATR_b1c26,578,2.0,0.9112225415087344,True,0.9582459999999999,2.0003047,0.9582460909090909,-9.0909090921798e-08,0.9112225415087344
MATR_b1c26,579,2.0,0.9109102308279876,True,0.9579081818181817,2.0001206,0.9579081818181817,0.0,0.9109102308279876
MATR_b1c26,580,2.0,0.9106766213289967,True,0.9579141818181818,2.0001397,0.9579141818181818,0.0,0.9106766213289967
MATR_b1c26,581,2.0,0.9105026984116202,True,0.9577840909090908,2.0003676,0.9577840909090908,0.0,0.9105026984116202
MATR_b1c26,582,2.0,0.9103209890327203,True,0.9575936363636363,2.0001616,0.9575937272727272,-9.0909090921798e-08,0.9103209890327203
MATR_b1c26,583,2.0,0.91009961853229,True,0.9572676363636363,2.0015988,0.9572676363636363,0.0,0.9103209890327203
MATR_b1c26,584,2.0,0.9097487322389584,True,0.956837909090909,2.00032,0.956837909090909,0.0,0.9103209890327203
MATR_b1c26,585,2.0,0.9101266652859304,True,0.9568377272727273,2.0003114,0.9568377272727273,0.0,0.9103209890327203
MATR_b1c26,586,2.0,0.9095634570566155,True,0.9566631818181817,2.0002971,0.9566631818181817,0.0,0.9103209890327203
MATR_b1c26,587,2.0,0.9096223866558852,True,0.9567944545454545,2.0001998,0.9567944545454545,0.0,0.9103209890327203
MATR_b1c26,588,2.0,0.9096086710782081,True,0.9566159999999999,2.001514,0.9566159999999999,0.0,0.9101266652859304
MATR_b1c26,589,2.0,0.9095590605927629,True,0.9562712727272726,2.0003848,0.9562712727272726,0.0,0.91009961853229
MATR_b1c26,590,2.0,0.9089298772889123,True,0.9557871818181817,2.0003257,0.9557871818181817,0.0,0.9097487322389584
MATR_b1c26,591,2.0,0.9091032283242162,True,0.9555722727272727,2.0002666,0.9555722727272727,0.0,0.9096223866558852
MATR_b1c26,592,2.0,0.9087471114319375,True,0.9543860909090909,2.0003161,0.9543860909090909,0.0,0.9096086710782081
MATR_b1c26,593,2.0,0.9106570983683504,True,0.9553964545454544,2.0003438,0.9553964545454544,0.0,0.9095634570566155
MATR_b1c26,594,2.0,0.9110320906652333,True,0.9552010909090908,2.0003781,0.9552010909090908,0.0,0.9095590605927629
MATR_b1c26,595,2.0,0.9111753783007195,True,0.9552713636363636,2.0003152,0.9552713636363636,0.0,0.9091032283242162
MATR_b1c26,596,2.0,0.9110602767652393,True,0.9554769999999998,2.0001092,0.9554769999999998,0.0,0.9089656030890063
MATR_b1c26,597,2.0,0.9104499319535668,True,0.9546967272727271,2.0013204,0.9546967272727271,0.0,0.9089298772889123
MATR_b1c26,598,2.0,0.9089656030890063,True,0.9532519999999999,2.0001178,0.9532519999999999,0.0,0.9087471114319375
MATR_b1c26,599,2.0,0.9086628259382435,True,0.9540999090909091,2.0003524,0.9540999090909091,0.0,0.9086628259382435
MATR_b1c26,600,2.0,0.906797572588191,True,0.9541011818181818,2.0014291,0.9541011818181818,0.0,0.906797572588191
MATR_b1c26,601,2.0,0.906736516451055,True,0.9541357272727272,2.0003104,0.9541357272727272,0.0,0.906736516451055
MATR_b1c26,602,2.0,0.9064533155699867,True,0.953983909090909,2.0002971,0.9539839999999999,-9.0909090921798e-08,0.9064533155699867
MATR_b1c26,603,2.0,0.906128830581905,True,0.9537106363636362,2.0001092,0.9537106363636362,0.0,0.906128830581905
MATR_b1c26,604,2.0,0.9057589610764263,True,0.9535983636363635,2.0002351,0.9535983636363635,0.0,0.9057589610764263
MATR_b1c26,605,2.0,0.9057171472152191,True,0.9535233636363635,2.0004258,0.9535233636363635,0.0,0.9057171472152191
MATR_b1c26,606,2.0,0.9055957111502426,True,0.9531971818181818,2.0001607,0.9531971818181818,0.0,0.9055957111502426
MATR_b1c26,607,2.0,0.9054775381664434,True,0.9529088181818182,2.0001168,0.9529088181818182,0.0,0.9054775381664434
MATR_b1c26,608,2.0,0.9047108452049104,True,0.9519907272727272,2.000237,0.9519907272727272,0.0,0.9047592272474045
MATR_b1c26,609,2.0,0.9047592272474045,True,0.9525455454545453,2.0003581,0.9525455454545453,0.0,0.9047108452049104
MATR_b1c26,610,2.0,0.9043134125037424,True,0.9522603636363635,2.0003524,0.9522603636363635,0.0,0.9043134125037424
MATR_b1c26,611,2.0,0.9040553900575552,True,0.9521209999999999,2.0003724,0.9521209999999999,0.0,0.9040553900575552
MATR_b1c26,612,2.0,0.9035761080202389,True,0.9517622727272727,2.0003667,0.9517622727272727,0.0,0.9035924579886041
MATR_b1c26,613,2.0,0.9032559027905734,True,0.9517507272727271,2.0002027,0.9517507272727271,0.0,0.9035761080202389
MATR_b1c26,614,2.0,0.9034055558500528,True,0.951527,2.0003924,0.951527,0.0,0.9034055558500528
MATR_b1c26,615,2.0,0.9035924579886041,True,0.9514166363636364,2.0002866,0.9514166363636364,0.0,0.9032559027905734
MATR_b1c26,616,2.0,0.9030087787566539,True,0.9512474545454545,2.0002751,0.9512474545454545,0.0,0.9030087787566539
MATR_b1c26,617,2.0,0.9028954237818904,True,0.9505903636363636,2.0001893,0.9505903636363636,0.0,0.9028954237818904
MATR_b1c26,618,2.0,0.9025970943292561,True,0.9501113636363635,1.9999909,0.9501113636363635,0.0,0.9025970943292561
MATR_b1c26,619,2.0,0.9016424038274237,True,0.9495767272727272,2.0003829,0.9495767272727272,0.0,0.9016635434937023
MATR_b1c26,620,2.0,0.9014178988233953,True,0.9495572727272726,2.0003924,0.9495572727272726,0.0,0.9016424038274237
MATR_b1c26,621,2.0,0.9016361994734751,True,0.9496469999999998,2.0000844,0.9496469999999998,0.0,0.9016361994734751
MATR_b1c26,622,2.0,0.9016635434937023,True,0.9491439090909091,2.0003982,0.9491439090909091,0.0,0.9014842452774411
MATR_b1c26,623,2.0,0.9014842452774411,True,0.9490123636363635,2.0000787,0.9490123636363635,0.0,0.9014178988233953
MATR_b1c26,624,2.0,0.9010824022705354,True,0.9490140909090908,2.0001636,0.9490140909090908,0.0,0.9010824022705354
MATR_b1c26,625,2.0,0.9004608366254151,True,0.9487001818181817,2.0002675,0.9487001818181817,0.0,0.9004608366254151
MATR_b1c26,626,2.0,0.9000203990493397,True,0.9485035454545454,2.0002007,0.9485035454545454,0.0,0.9000655410693936
MATR_b1c26,627,2.0,0.9000208788138668,True,0.948599909090909,2.0001225,0.948599909090909,0.0,0.9000208788138668
MATR_b1c26,628,2.0,0.9000655410693936,True,0.9484102727272727,2.0002379,0.9484102727272727,0.0,0.9000203990493397
MATR_b1c26,629,2.0,0.8997468648067769,True,0.9482423636363635,2.0002856,0.9482423636363635,0.0,0.8997468648067769
MATR_b1c26,630,2.0,0.8950480751143761,True,0.9475291818181817,2.0002275,0.9475291818181817,0.0,0.8989382333252528
MATR_b1c26,631,2.0,0.8989382333252528,True,0.9469535454545454,2.0002627,0.9469535454545454,0.0,0.8985351232634347
MATR_b1c26,632,2.0,0.8985351232634347,True,0.9470519090909091,2.0001388,0.9470519090909091,0.0,0.8982407958553184
MATR_b1c26,633,2.0,0.8982407958553184,True,0.946711818181818,2.0014338,0.946711818181818,0.0,0.8979008556862619
MATR_b1c26,634,2.0,0.8979008556862619,True,0.9463882727272727,2.0002761,0.9463882727272727,0.0,0.8975698792526398
MATR_b1c26,635,2.0,0.8975698792526398,True,0.9464305454545454,2.0015101,0.9464305454545454,0.0,0.8969757867434577
MATR_b1c26,636,2.0,0.8969757867434577,True,0.9458461818181817,2.00038,0.9458461818181817,0.0,0.8966333697266918
MATR_b1c26,637,2.0,0.8966333697266918,True,0.9457982727272727,2.0003476,0.9457982727272727,0.0,0.8963539260657292
MATR_b1c26,638,2.0,0.8963539260657292,True,0.9455490909090908,2.0013709,0.9455490909090908,0.0,0.8959598652438947
MATR_b1c26,639,2.0,0.8959598652438947,True,0.9455376363636364,1.9998574,0.9455376363636364,0.0,0.8955220310594759
MATR_b1c26,640,2.0,0.8955220310594759,True,0.9449120909090909,2.0000348,0.9449120909090909,0.0,0.8951796931637366
MATR_b1c26,641,2.0,0.8950991383805639,True,0.9444775454545454,1.9999261,0.9444775454545454,0.0,0.8951796931637366
MATR_b1c26,642,2.0,0.8951796931637366,True,0.9445383636363636,2.0002532,0.9445383636363636,0.0,0.8950991383805639
MATR_b1c26,643,2.0,0.8944964290271878,True,0.9443438181818182,2.0003285,0.9443438181818182,0.0,0.8944964290271878
MATR_b1c26,644,2.0,0.8943338616382868,True,0.9441010909090909,2.0003924,0.9441010909090909,0.0,0.8943338616382868
MATR_b1c26,645,2.0,0.8942963797389355,True,0.9440752727272725,2.0015607,0.9440752727272725,0.0,0.8942963797389355
MATR_b1c26,646,2.0,0.8937724211390414,True,0.9434117272727273,2.0014415,0.9434117272727273,0.0,0.8937724211390414
MATR_b1c26,647,2.0,0.8933114631322219,True,0.9431569090909091,2.0002103,0.9431569090909091,0.0,0.8933114631322219
MATR_b1c26,648,2.0,0.8927082652589761,True,0.9431017272727271,2.0003142,0.9431017272727271,0.0,0.8932756548349653
MATR_b1c26,649,2.0,0.8929940663546411,True,0.9430218181818181,2.0000854,0.9430218181818181,0.0,0.8929940663546411
MATR_b1c26,650,2.0,0.8932756548349653,True,0.9426052727272726,2.0001655,0.9426052727272726,0.0,0.8927082652589761
MATR_b1c26,651,2.0,0.8921678329537827,True,0.9413667272727273,2.0002837,0.9413667272727273,0.0,0.8925951775045257
MATR_b1c26,652,2.0,0.892590187716964,True,0.9420183636363636,2.000071,0.9420183636363636,0.0,0.892590187716964
MATR_b1c26,653,2.0,0.8925951775045257,True,0.9422021818181817,1.9997439,0.9422021818181817,0.0,0.8921678329537827
MATR_b1c26,654,2.0,0.8914613720885232,True,0.941245909090909,2.0001922,0.941245909090909,0.0,0.8914613720885232
MATR_b1c26,655,2.0,0.8904633448067824,True,0.9404135454545455,2.0003419,0.9404135454545455,0.0,0.8904633448067824
MATR_b1c26,656,2.0,0.8898643976081791,True,0.9405380909090907,2.0002189,0.9405380909090907,0.0,0.8898643976081791
MATR_b1c26,657,2.0,0.8897554690576505,True,0.9395133636363635,2.0000882,0.9395133636363635,0.0,0.8898412192522812
MATR_b1c26,658,2.0,0.8898412192522812,True,0.9405877272727272,1.9998012,0.9405877272727272,0.0,0.8897554690576505
MATR_b1c26,659,2.0,0.8896430033065742,True,0.9404636363636363,1.9997897,0.9404636363636363,0.0,0.8896430033065742
MATR_b1c26,660,2.0,0.8890099499060042,True,0.939784818181818,2.0011373,0.939784818181818,0.0,0.8890099499060042
MATR_b1c26,661,2.0,0.8886167129879927,True,0.9394174545454544,2.0002389,0.9394174545454544,0.0,0.8886167129879927
MATR_b1c26,662,2.0,0.8880717170255302,True,0.9391996363636363,2.0011201,0.9391996363636363,0.0,0.8880717170255302
MATR_b1c26,663,2.0,0.8861636069430568,True,0.9374177272727272,2.0001502,0.9374177272727272,0.0,0.8872662793672438
MATR_b1c26,664,2.0,0.8872662793672438,True,0.9387734545454546,2.000175,0.9387734545454546,0.0,0.8866412643707171
MATR_b1c26,665,2.0,0.8866412643707171,True,0.9380221818181819,2.0001712,0.9380221818181819,0.0,0.8862014501040542
MATR_b1c26,666,2.0,0.8862014501040542,True,0.9376869090909089,2.0002599,0.9376869090909089,0.0,0.8861636069430568
MATR_b1c26,667,2.0,0.8856707761435104,True,0.9374182727272726,2.0002513,0.9374182727272726,0.0,0.8856707761435104
MATR_b1c26,668,2.0,0.8854537301782214,True,0.937384909090909,2.0003219,0.937384909090909,0.0,0.8854537301782214
MATR_b1c26,669,2.0,0.8825211867871507,True,0.934624909090909,1.9997344,0.934624909090909,0.0,0.8841020838076333
MATR_b1c26,670,2.0,0.8841020838076333,True,0.9367614545454545,2.0001473,0.9367615454545454,-9.0909090921798e-08,0.8837973036509815
MATR_b1c26,671,2.0,0.8837973036509815,True,0.9365676363636364,1.999701,0.9365676363636364,0.0,0.883766770818836
MATR_b1c26,672,2.0,0.883766770818836,True,0.9361984545454546,2.0002437,0.9361984545454546,0.0,0.8835481073011042
MATR_b1c26,673,2.0,0.8835481073011042,True,0.9357574545454544,1.9998107,0.9357574545454544,0.0,0.8825211867871507
MATR_b1c26,674,2.0,0.8786184028831869,True,0.934826909090909,2.0001779,0.934826909090909,0.0,0.8814627881986605
MATR_b1c26,675,2.0,0.8811122110760996,True,0.9336809999999999,2.0000033,0.9336809999999999,0.0,0.8811122110760996
MATR_b1c26,676,2.0,0.8814627881986605,True,0.9345174545454545,1.9998488,0.9345174545454545,0.0,0.8806462232888739
MATR_b1c26,677,2.0,0.8806462232888739,True,0.9343175454545454,1.9999671,0.9343175454545454,0.0,0.880578772008073
MATR_b1c26,678,2.0,0.880578772008073,True,0.9340743636363634,2.0000443,0.9340743636363634,0.0,0.8799824442550139
MATR_b1c26,679,2.0,0.8793563647541055,True,0.9326294545454545,2.0009646,0.9326294545454545,0.0,0.8793563647541055
MATR_b1c26,680,2.0,0.8799824442550139,True,0.9331182727272727,1.9997802,0.9331182727272727,0.0,0.878859014494309
MATR_b1c26,681,2.0,0.878415279491805,True,0.9316396363636363,2.0012412,0.9316396363636363,0.0,0.8786184028831869
MATR_b1c26,682,2.0,0.878859014494309,True,0.9322723636363637,2.0003428,0.9322723636363637,0.0,0.878415279491805
MATR_b1c26,683,2.0,0.8780809704548093,True,0.9319123636363635,1.9998364,0.9319123636363635,0.0,0.8780809704548093
MATR_b1c26,684,2.0,0.8774511005314236,True,0.9320078181818181,1.9999881,0.9320079090909091,-9.09090910328203e-08,0.8774511005314236
MATR_b1c26,685,2.0,0.8768221874187034,True,0.9315062727272727,2.0018382,0.9315062727272727,0.0,0.8768221874187034
MATR_b1c26,686,2.0,0.8764118005302669,True,0.9305985454545453,1.9999862,0.9305985454545453,0.0,0.8764118005302669
MATR_b1c26,687,2.0,0.8748346333016466,True,0.9292722727272726,2.0016828,0.9292722727272726,0.0,0.8749099160698898
MATR_b1c26,688,2.0,0.871233273702759,True,0.9299842727272727,1.9997363,0.9299842727272727,0.0,0.8748346333016466
MATR_b1c26,689,2.0,0.8749099160698898,True,0.9296271818181818,2.0019116,0.9296271818181818,0.0,0.8743724940652542
MATR_b1c26,690,2.0,0.8743724940652542,True,0.9295282727272727,1.9997621,0.9295282727272727,0.0,0.8737147147200359
MATR_b1c26,691,2.0,0.8737147147200359,True,0.9292084545454545,2.002089,0.9292084545454545,0.0,0.8731263695577747
MATR_b1c26,692,2.0,0.8731263695577747,True,0.9282475454545454,2.0003333,0.9282475454545454,0.0,0.8717822031807458
MATR_b1c26,693,2.0,0.8712878001828467,True,0.9268777272727271,2.0016255,0.9268777272727271,0.0,0.8712878001828467
MATR_b1c26,694,2.0,0.8717822031807458,True,0.9280130909090908,2.0000968,0.9280130909090908,0.0,0.871233273702759
MATR_b1c26,695,2.0,0.8711672278202471,True,0.927230909090909,2.0022578,0.927230909090909,0.0,0.8711672278202471
MATR_b1c26,696,2.0,0.869577625996389,True,0.9260202727272727,2.0003543,0.9260202727272727,0.0,0.869577625996389
MATR_b1c26,697,2.0,0.8679270919686084,True,0.9244282727272726,2.0018678,0.9244282727272726,0.0,0.8695434922022758
MATR_b1c26,698,2.0,0.8695434922022758,True,0.9260535454545453,2.0018954,0.9260535454545453,0.0,0.8685643011339748
MATR_b1c26,699,2.0,0.8646012781867314,True,0.9211929999999999,1.9996228,0.9211929999999999,0.0,0.8679619897465831
MATR_b1c26,700,2.0,0.8685643011339748,True,0.9250202727272726,2.0002027,0.9250202727272726,0.0,0.8679270919686084
MATR_b1c26,701,2.0,0.8679619897465831,True,0.9244682727272727,2.0003724,0.9244682727272727,0.0,0.867447795031672
MATR_b1c26,702,2.0,0.867447795031672,True,0.9243636363636363,1.9998002,0.9243636363636363,0.0,0.8668249642313084
MATR_b1c26,703,2.0,0.8668249642313084,True,0.9235336363636363,1.9996762,0.9235336363636363,0.0,0.866385121524006
MATR_b1c26,704,2.0,0.866385121524006,True,0.9231066363636362,2.0001168,0.9231066363636362,0.0,0.8646012781867314
MATR_b1c26,705,2.0,0.8639532861211816,True,0.9212056363636364,2.0022922,0.9212056363636364,0.0,0.8639532861211816
MATR_b1c26,706,2.0,0.863784118612082,True,0.9216874545454544,1.9998679,0.9216874545454544,0.0,0.863784118612082
MATR_b1c26,707,2.0,0.8633035074815975,True,0.921652,2.0028157,0.921652,0.0,0.8633035074815975
MATR_b1c26,708,2.0,0.8631823799239546,True,0.9212446363636363,2.0026622,0.9212446363636363,0.0,0.8631823799239546
MATR_b1c26,709,2.0,0.8630258404783439,True,0.9208025454545454,2.0026937,0.9208025454545454,0.0,0.8630258404783439
MATR_b1c26,710,2.0,0.8618904707974984,True,0.9199120909090908,2.0025315,0.9199120909090908,0.0,0.8621196770815671
MATR_b1c26,711,2.0,0.8621196770815671,True,0.919187,2.0022349,0.919187,0.0,0.8618904707974984
MATR_b1c26,712,2.0,0.8615723406450778,True,0.9190929090909091,1.9998527,0.9190929090909091,0.0,0.8615723406450778
MATR_b1c26,713,2.0,0.860861382212541,True,0.9186169999999999,1.9997697,0.9186169999999999,0.0,0.860861382212541
MATR_b1c26,714,2.0,0.8591956159075562,True,0.9178344545454545,1.9997554,0.9178345454545453,-9.09090908107757e-08,0.8591956159075562
MATR_b1c26,715,2.0,0.8585318350579264,True,0.9174957272727271,1.999743,0.9174957272727271,0.0,0.8585318350579264
MATR_b1c26,716,2.0,0.8577773564650186,True,0.916978,2.0027385,0.916978,0.0,0.8577773564650186
MATR_b1c26,717,2.0,0.8572044400006537,True,0.9164142727272727,2.0030608,0.9164142727272727,0.0,0.8572044400006537
MATR_b1c26,718,2.0,0.8564711128057041,True,0.9158754545454545,2.0035033,0.9158754545454545,0.0,0.8564711128057041
MATR_b1c26,719,2.0,0.8556893217667467,True,0.915003,2.0025268,0.915003,0.0,0.8556893217667467
MATR_b1c26,720,2.0,0.8548172588723516,True,0.9148931818181817,2.0026593,0.9148931818181817,0.0,0.8548172588723516
MATR_b1c26,721,2.0,0.8538956490129344,True,0.9136480909090909,1.9999909,0.9136480909090909,0.0,0.854160611360894
MATR_b1c26,722,2.0,0.8535670910428427,True,0.9135657272727272,1.9997258,0.9135657272727272,0.0,0.8539787246518231
MATR_b1c26,723,2.0,0.8539720054878448,True,0.9130769090909091,2.0001864,0.9130769090909091,0.0,0.8539720054878448
MATR_b1c26,724,2.0,0.854160611360894,True,0.9126904545454544,2.0033479,0.9126904545454544,0.0,0.8538956490129344
MATR_b1c26,725,2.0,0.8539787246518231,True,0.9123906363636364,1.9997802,0.9123906363636364,0.0,0.8535968741566202
MATR_b1c26,726,2.0,0.8535968741566202,True,0.9113929090909091,2.0029492,0.9113929090909091,0.0,0.8535670910428427
MATR_b1c26,727,2.0,0.8532702344112822,True,0.9110862727272727,1.9998107,0.9110862727272727,0.0,0.8532702344112822
MATR_b1c26,728,2.0,0.8527848696840509,True,0.9106560909090908,2.0035014,0.9106560909090908,0.0,0.8527848696840509
MATR_b1c26,729,2.0,0.852115748917633,True,0.9100306363636363,2.0033479,0.9100306363636363,0.0,0.852115748917633
MATR_b1c26,730,2.0,0.8512575015530965,True,0.909181909090909,2.0031123,0.909181909090909,0.0,0.8512575015530965
MATR_b1c26,731,2.0,0.8505123436245072,True,0.9085632454545454,2.0033755,0.9085632454545454,0.0,0.8505668775057931
MATR_b1c26,732,2.0,0.8495710561629394,True,0.9081514818181817,2.0003209,0.9081514818181817,0.0,0.8505123436245072
MATR_b1c26,733,2.0,0.8485800467836836,True,0.9077027181818181,2.0000825,0.9077027181818181,0.0,0.8504838392102082
MATR_b1c26,734,2.0,0.8475969623165269,True,0.9071642181818181,1.9999795,0.9071642181818181,0.0,0.8504001996835605
MATR_b1c26,735,2.0,0.8471692330270303,True,0.9065238454545453,2.003015,0.9065238454545453,0.0,0.8502031076953412
MATR_b1c26,736,2.0,0.8478306178088378,True,0.9056459818181817,2.0029998,0.9056459818181817,0.0,0.8498607100003696
MATR_b1c26,737,2.0,0.8488593408198356,True,0.9049753727272727,2.003653,0.9049753727272727,0.0,0.8497778149233874
MATR_b1c26,738,2.0,0.8498607100003696,True,0.9049155454545453,2.0003848,0.9049155454545453,0.0,0.8495710561629394
MATR_b1c26,739,2.0,0.8504001996835605,True,0.9043032454545453,2.0036645,0.9043032454545453,0.0,0.8488593408198356
MATR_b1c26,740,2.0,0.8505668775057931,True,0.9033368363636363,2.0037055,0.9033368363636363,0.0,0.8486725052882172
MATR_b1c26,741,2.0,0.8504838392102082,True,0.9030658545454545,2.0037284,0.9030658545454545,0.0,0.8485800467836836
MATR_b1c26,742,2.0,0.8502031076953412,True,0.9023363454545453,2.0037103,0.9023363454545453,0.0,0.8478306178088378
MATR_b1c26,743,2.0,0.8497778149233874,True,0.9017953545454546,2.0033793,0.9017953545454546,0.0,0.8475969623165269
MATR_b1c26,744,2.0,0.8486725052882172,True,0.9013947545454545,2.0036321,0.9013947545454545,0.0,0.8471692330270303
MATR_b1c26,745,2.0,0.8463039790819784,True,0.9006677999999999,2.0032678,0.9006677999999999,0.0,0.8463039790819784
MATR_b1c26,746,2.0,0.8435340751200722,True,0.9000698545454544,2.0001149,0.9000698545454544,0.0,0.8435340751200722
MATR_b1c26,747,2.0,0.8409184859801135,True,0.8990288363636363,2.0035462,0.8990288363636363,0.0,0.8409184859801135
MATR_b1c26,748,2.0,0.8343749162707925,True,0.8979200818181818,2.0036941,0.8979200818181818,0.0,0.8366708237752196
MATR_b1c26,749,2.0,0.8366708237752196,True,0.8976063909090909,2.0034013,0.8976063909090909,0.0,0.8351330980604658
MATR_b1c26,750,2.0,0.8351330980604658,True,0.8965629363636363,2.0035195,0.8965629363636363,0.0,0.8343749162707925
MATR_b1c26,751,2.0,0.8339155707884183,True,0.8961819545454545,2.0033298,0.8961819545454545,0.0,0.8339155707884183
MATR_b1c26,752,2.0,0.8327398006768272,True,0.8954361363636363,2.0034471,0.8954361363636363,0.0,0.8327398006768272
MATR_b1c26,753,2.0,0.8317929381819992,True,0.8944923272727272,1.9997621,0.8944923272727272,0.0,0.8317929381819992
MATR_b1c26,754,2.0,0.830881689805153,True,0.8937616818181817,1.9997201,0.8937616818181817,0.0,0.830881689805153
MATR_b1c26,755,2.0,0.8300779793529708,True,0.8934104454545453,2.0037532,0.8934104454545453,0.0,0.8300779793529708
MATR_b1c26,756,2.0,0.8292733243044276,True,0.8925377818181818,2.0002532,0.8925377818181818,0.0,0.8292733243044276
MATR_b1c26,757,2.0,0.828652932268079,True,0.8917395636363635,2.0035148,0.8917395636363635,0.0,0.828652932268079
MATR_b1c26,758,2.0,0.8278119392937481,True,0.8909391818181818,1.9998469,0.8909391818181818,0.0,0.8278119392937481
MATR_b1c26,759,2.0,0.8268989531307026,True,0.890246409090909,2.0037293,0.890246409090909,0.0,0.8268989531307026
MATR_b1c26,760,2.0,0.8259531192873493,True,0.8900305909090909,2.0001874,0.8900305909090909,0.0,0.8259531192873493
MATR_b1c26,761,2.0,0.8252371227886824,True,0.8888269545454545,2.0003552,0.8888269545454545,0.0,0.8252371227886824
MATR_b1c26,762,2.0,0.8249647913579167,True,0.8885243272727271,2.0035558,0.8885243272727271,0.0,0.8249647913579167
MATR_b1c26,763,2.0,0.8241911019958552,True,0.8879159272727273,2.0038123,0.8879159272727273,0.0,0.8241911019958552
MATR_b1c26,764,2.0,0.8236762971805603,True,0.8866859545454545,2.0032992,0.8866859545454545,0.0,0.8237645425012112
MATR_b1c26,765,2.0,0.8228010963394455,True,0.886294518181818,2.0034976,0.886294518181818,0.0,0.8236762971805603
MATR_b1c26,766,2.0,0.8227705804227248,True,0.8859355909090908,2.0001702,0.8859355909090908,0.0,0.8236066359060896
MATR_b1c26,767,2.0,0.8232710551014829,True,0.8852891999999999,2.0033317,0.8852891999999999,0.0,0.8235509451603441
MATR_b1c26,768,2.0,0.8236066359060896,True,0.8846745181818181,2.0033298,0.8846745181818181,0.0,0.8232710551014829
MATR_b1c26,769,2.0,0.8237645425012112,True,0.883756009090909,2.0035319,0.883756009090909,0.0,0.8232179191018797
MATR_b1c26,770,2.0,0.8235509451603441,True,0.8833509181818181,2.0036712,0.8833509181818181,0.0,0.8228010963394455
MATR_b1c26,771,2.0,0.8232179191018797,True,0.8827478272727272,2.0028653,0.8827478272727272,0.0,0.8227705804227248
MATR_b1c26,772,2.0,0.8226673266927819,True,0.8821670545454545,1.9998708,0.8821670545454545,0.0,0.8226673266927819
MATR_b1c26,773,2.0,0.8220079548566018,True,0.8812995909090908,1.9997334,0.8812995909090908,0.0,0.8220079548566018
MATR_b1c26,774,2.0,0.8200343454013688,True,0.8795759909090909,2.0002265,0.8795759909090909,0.0,0.8200343454013688
MATR_b1c26,775,2.0,0.8196014316664362,True,0.8798658272727272,2.0029473,0.8798658272727272,0.0,0.8196014316664362
MATR_b1c26,776,2.0,0.8170511542185787,True,0.8791734454545453,2.0032048,0.8791734454545453,0.0,0.8170511542185787
MATR_b1c26,777,2.0,0.8147569591673389,True,0.878365309090909,2.0036483,0.878365309090909,0.0,0.8147569591673389
MATR_b1c26,778,2.0,0.8126381029008304,True,0.8775376181818182,2.0037017,0.8775376181818182,0.0,0.8126381029008304
MATR_b1c26,779,2.0,0.8112593168689162,True,0.8766428454545454,2.0003276,0.8766428454545454,0.0,0.8112593168689162
MATR_b1c26,780,2.0,0.8056920312737313,True,0.8759937999999999,2.0000625,0.8759937999999999,0.0,0.8087132947439486
MATR_b1c26,781,2.0,0.8087132947439486,True,0.8752637,2.0033336,0.8752637,0.0,0.8076172623073127
MATR_b1c26,782,2.0,0.8076172623073127,True,0.8745160999999999,1.9996819,0.8745160999999999,0.0,0.8066089059249424
MATR_b1c26,783,2.0,0.8066089059249424,True,0.8738566545454545,2.0031962,0.8738566545454545,0.0,0.8057803916060347
MATR_b1c26,784,2.0,0.8057803916060347,True,0.8729913545454545,2.0026975,0.8729913545454545,0.0,0.8056920312737313
MATR_b1c26,785,2.0,0.8048392303146762,True,0.8721903818181818,2.0030675,0.8721903818181818,0.0,0.8048392303146762
MATR_b1c26,786,2.0,0.8039831396523843,True,0.8716597363636364,2.0036178,0.8716597363636364,0.0,0.8039831396523843
MATR_b1c26,787,2.0,0.8019247066270402,True,0.8699014545454544,2.0030684,0.8699014545454544,0.0,0.8021298033295868
MATR_b1c26,788,2.0,0.8021298033295868,True,0.8703499454545454,1.9998689,0.8703499454545454,0.0,0.8019247066270402
MATR_b1c26,789,2.0,0.8012243714159691,True,0.8692087909090909,2.0036321,0.8692087909090909,0.0,0.8012243714159691
MATR_b1c26,790,2.0,0.8001363581655446,True,0.8687573636363636,2.0034547,0.8687573636363636,0.0,0.8001363581655446
MATR_b1c26,791,2.0,0.7991063615800333,True,0.8679494545454545,2.0030885,0.8679494545454545,0.0,0.7991063615800333
MATR_b1c26,792,2.0,0.7982208972476983,True,0.8669323272727272,1.9997792,0.8669323272727272,0.0,0.7982208972476983
MATR_b1c26,793,2.0,0.7973084615492012,True,0.8662048272727272,2.0036054,0.8662048272727272,0.0,0.7973084615492012
MATR_b1c26,794,2.0,0.7962629063622557,True,0.8655563818181817,2.0030532,0.8655563818181817,0.0,0.7962629063622557
MATR_b1c26,795,2.0,0.7953807198336204,True,0.8643633636363636,2.0034108,0.8643633636363636,0.0,0.7953807198336204
MATR_b1c26,796,2.0,0.7943047524385972,True,0.8639457545454544,2.0034213,0.8639457545454544,0.0,0.7948480012449227
MATR_b1c26,797,2.0,0.7937927817629041,True,0.8632176,2.0030122,0.8632176,0.0,0.794505708171894
MATR_b1c26,798,2.0,0.7943387769224122,True,0.8625242909090909,2.0028462,0.8625242909090909,0.0,0.7943387769224122
MATR_b1c26,799,2.0,0.794505708171894,True,0.8621139454545454,1.9996734,0.8621139454545454,0.0,0.7943047524385972
MATR_b1c26,800,2.0,0.7937866000176305,True,0.8603888181818181,2.0027871,0.8603888181818181,0.0,0.7941797634405131
MATR_b1c26,801,2.0,0.7948480012449227,True,0.8606381818181817,1.9998317,0.8606381818181817,0.0,0.793813000229148
MATR_b1c26,802,2.0,0.7941797634405131,True,0.8600781727272727,2.0028319,0.8600781727272727,0.0,0.7937927817629041
MATR_b1c26,803,2.0,0.793813000229148,True,0.8592653272727272,2.0002093,0.8592653272727272,0.0,0.7937866000176305
MATR_b1c26,804,2.0,0.7930712699506777,True,0.8584267454545454,2.0031333,0.8584267454545454,0.0,0.7930712699506777
MATR_b1c26,805,2.0,0.7922812502199943,True,0.8578039818181817,2.0026145,0.8578039818181817,0.0,0.7922812502199943
MATR_b1c26,806,2.0,0.7912592034784383,True,0.8573805727272726,1.9999776,0.8573805727272726,0.0,0.7912592034784383
MATR_b1c26,807,2.0,0.7891785261651132,True,0.8563133272727272,2.0026584,0.8563133272727272,0.0,0.7891785261651132
MATR_b1c26,808,2.0,0.7869304364840872,True,0.8554395727272727,2.0003886,0.8554395727272727,0.0,0.7869304364840872
MATR_b1c26,809,2.0,0.7845755571350812,True,0.8545635545454544,1.9999452,0.8545635545454544,0.0,0.7845755571350812
MATR_b1c26,810,2.0,0.7830226589854509,True,0.853697709090909,2.0031466,0.853697709090909,0.0,0.7830226589854509
MATR_b1c26,811,2.0,0.7815403338779139,True,0.8529598090909091,2.0029502,0.8529598090909091,0.0,0.7815403338779139
MATR_b1c26,812,2.0,0.7804819584814822,True,0.851851809090909,2.003139,0.851851809090909,0.0,0.7804819584814822
MATR_b1c26,813,2.0,0.7797830641510979,True,0.851106809090909,2.0026584,0.851106809090909,0.0,0.7797830641510979
MATR_b1c26,814,2.0,0.7782347686223587,True,0.850309618181818,2.0030675,0.850309618181818,0.0,0.7782347686223587
MATR_b1c26,815,2.0,0.7728452115841395,True,0.8493481454545454,2.0034699,0.8493481454545454,0.0,0.7761907940103481
MATR_b1c26,816,2.0,0.7761907940103481,True,0.8485134636363636,2.0030999,0.8485134636363636,0.0,0.7751691468761152
MATR_b1c26,817,2.0,0.7751691468761152,True,0.8479017545454545,2.0029206,0.8479017545454545,0.0,0.7735617556573635
MATR_b1c26,818,2.0,0.7735617556573635,True,0.8472466999999999,2.0025573,0.8472466999999999,0.0,0.7732500472702665
MATR_b1c26,819,2.0,0.7732500472702665,True,0.8459233181818181,2.0027823,0.8459233181818181,0.0,0.7728452115841395
MATR_b1c26,820,2.0,0.7721499806301401,True,0.8456718909090908,2.0024133,0.8456718909090908,0.0,0.7721499806301401
MATR_b1c26,821,2.0,0.7709998514094083,True,0.8449421181818182,2.0031247,0.8449421181818182,0.0,0.7709998514094083
MATR_b1c26,822,2.0,0.7700077410950431,True,0.8434216545454545,2.0028348,0.8434216545454545,0.0,0.7700077410950431
MATR_b1c26,823,2.0,0.7687732194621053,True,0.8424644,2.0027041,0.8424644,0.0,0.7687732194621053
MATR_b1c26,824,2.0,0.7673881209271856,True,0.8421357090909091,2.0023761,0.8421357090909091,0.0,0.7673881209271856
MATR_b1c26,825,2.0,0.7661650827118806,True,0.8411252,2.0002952,0.8411253,-9.999999994736442e-08,0.7661650827118806
MATR_b1c26,826,2.0,0.7651323548169119,True,0.8403181999999999,2.0029006,0.8403181999999999,0.0,0.7651323548169119
MATR_b1c26,827,2.0,0.7639876189911048,True,0.8391831636363636,2.0030885,0.8391831636363636,0.0,0.7639876189911048
MATR_b1c26,828,2.0,0.7627860444877064,True,0.8385268636363636,2.0026278,0.8385268636363636,0.0,0.7629500755282532
MATR_b1c26,829,2.0,0.7629500755282532,True,0.8371833272727272,2.0029311,0.8371833272727272,0.0,0.7627860444877064
MATR_b1c26,830,2.0,0.761766094571348,True,0.8368667181818181,2.0029378,0.8368667181818181,0.0,0.761766094571348
MATR_b1c26,831,2.0,0.7616493220843472,True,0.8357622363636362,2.0003371,0.8357622363636362,0.0,0.7616493220843472
MATR_b1c26,832,2.0,0.7613375834537793,True,0.8349781727272727,2.002974,0.8349781727272727,0.0,0.7613375834537793
MATR_b1c26,833,2.0,0.7596637445621274,True,0.8328552636363636,2.0027299,0.8328552636363636,0.0,0.7600585731193309
MATR_b1c26,834,2.0,0.7600585731193309,True,0.8333212181818181,2.0026813,0.8333212181818181,0.0,0.7597117885856152
MATR_b1c26,835,2.0,0.7597117885856152,True,0.8322145727272726,2.0003343,0.8322145727272726,0.0,0.7596637445621274
MATR_b1c26,836,2.0,0.7590058778566277,True,0.8315279818181818,2.0026717,0.8315279818181818,0.0,0.7590058778566277
MATR_b1c26,837,2.0,0.7576090654929635,True,0.8304800272727273,2.0002704,0.8304800272727273,0.0,0.7576090654929635
MATR_b1c26,838,2.0,0.7563378878471202,True,0.8297018545454545,2.0027862,0.8297018545454545,0.0,0.7563378878471202
MATR_b1c26,839,2.0,0.7541379814773497,True,0.8286187909090909,2.0027881,0.8286187909090909,0.0,0.7541379814773497
MATR_b1c26,840,2.0,0.7514016673516469,True,0.8278135818181818,2.0029731,0.8278135818181818,0.0,0.7514016673516469
MATR_b1c26,841,2.0,0.7489735511893277,True,0.826797109090909,2.0032182,0.826797109090909,0.0,0.7489735511893277
MATR_b1c26,842,2.0,0.7468772762949555,True,0.8259338181818181,2.0027575,0.8259338181818181,0.0,0.7468772762949555
MATR_b1c26,843,2.0,0.7451660887377043,True,0.8248586545454545,2.0029311,0.8248586545454545,0.0,0.7451660887377043
MATR_b1c26,844,2.0,0.743738066067999,True,0.824126109090909,2.0031466,0.824126109090909,0.0,0.743738066067999
MATR_b1c26,845,2.0,0.7423677966500908,True,0.8231641999999999,2.0026355,0.8231641999999999,0.0,0.7423677966500908
MATR_b1c26,846,2.0,0.7411829499561136,True,0.8221622454545454,2.003366,0.8221622454545454,0.0,0.7411829499561136
MATR_b1c26,847,2.0,0.7399900472508198,True,0.820920409090909,2.0029111,0.820920409090909,0.0,0.7399900472508198
MATR_b1c26,848,2.0,0.7387051684682867,True,0.8202046727272726,2.0027747,0.8202046727272726,0.0,0.7387051684682867
MATR_b1c26,849,2.0,0.7373045618271626,True,0.8192029363636364,2.0035043,0.8192029363636364,0.0,0.7373045618271626
MATR_b1c26,850,2.0,0.7361046280179847,True,0.8183135727272726,2.0029521,0.8183135727272726,0.0,0.7361046280179847
MATR_b1c26,851,2.0,0.7347378736977622,True,0.8173013272727272,2.0031943,0.8173013272727272,0.0,0.7347378736977622
MATR_b1c26,852,2.0,0.7337152611749466,True,0.8162416636363635,2.0032296,0.8162416636363635,0.0,0.7337152611749466
MATR_b1c26,853,2.0,0.732160488630147,True,0.8155348636363635,2.0030856,0.8155348636363635,0.0,0.732160488630147
MATR_b1c26,854,2.0,0.7311753836370191,True,0.8142196545454545,2.0028987,0.8142196545454545,0.0,0.7311753836370191
MATR_b1c26,855,2.0,0.7297917697711568,True,0.8135818909090908,2.0031657,0.8135818909090908,0.0,0.7297917697711568
MATR_b1c26,856,2.0,0.7286074233301275,True,0.8125216818181817,2.003262,0.8125216818181817,0.0,0.7286074233301275
MATR_b1c26,857,2.0,0.727507437501736,True,0.8116935636363636,2.0029645,0.8116935636363636,0.0,0.727507437501736
MATR_b1c26,858,2.0,0.7261343608047413,True,0.8105427,2.0029225,0.8105427,0.0,0.7261343608047413
MATR_b1c26,859,2.0,0.7250632170774534,True,0.8093775363636363,2.0029597,0.8093775363636363,0.0,0.7255987889410973
MATR_b1c26,860,2.0,0.723765106653623,True,0.8087346272727272,2.0030932,0.8087346272727272,0.0,0.7250632170774534
MATR_b1c26,861,2.0,0.723462623302641,True,0.8075123999999999,2.003242,0.8075123999999999,0.0,0.7244141618655382
MATR_b1c26,862,2.0,0.7233897530511929,True,0.8068087454545454,2.0030675,0.8068087454545454,0.0,0.723765106653623
MATR_b1c26,863,2.0,0.7231509928466595,True,0.8057561272727273,2.0030875,0.8057561272727273,0.0,0.7236138649781321
MATR_b1c26,864,2.0,0.7225391709772594,True,0.8048429818181818,2.0028071,0.8048429818181818,0.0,0.723462623302641
MATR_b1c26,865,2.0,0.7218052201970949,True,0.803699709090909,2.0030942,0.803699709090909,0.0,0.723426188176917
MATR_b1c26,866,2.0,0.7208194004053186,True,0.8029672818181818,2.0032401,0.8029672818181818,0.0,0.7233897530511929
MATR_b1c26,867,2.0,0.7192456078654889,True,0.8015830363636364,2.0029893,0.8015830363636364,0.0,0.7232703729489263
MATR_b1c26,868,2.0,0.7177599466027069,True,0.8009546999999999,2.0032487,0.8009546999999999,0.0,0.7231509928466595
