step,loss,nll,kl,kl_weight,gradient_norm,optimizer_step_skipped,amp_scale_before,amp_scale_after,batch_sampling_attempts,batch_cells,batch_current_cycles,batch_betas,context_points_min,context_points_max,target_points_min,target_points_max,target_soh_raw_min,target_soh_raw_max,target_normalized_min,target_normalized_max,prediction_mean_min,prediction_mean_max,prediction_std_min,prediction_std_max,prior_std_min,prior_std_max,posterior_std_min,posterior_std_max,iv_observed_fraction_mean,gpu_allocated_mb,gpu_reserved_mb,learning_rate,validation_rmse,elapsed_seconds,validation_cell_rmse
1,3.114448070526123,3.1144261360168457,0.10973550379276276,0.0002,6.715897083282471,False,1024.0,1024.0,16,MATR_b1c28|MATR_b4c31|MATR_b1c36|MATR_b3c28|MATR_b4c0|MATR_b3c10|MATR_b1c23|MATR_b4c37|MATR_b3c27|MATR_b3c13|MATR_b4c39|MATR_b3c40|MATR_b2c5|MATR_b2c18|MATR_b3c44|MATR_b4c5,570|213|414|182|256|720|396|540|652|362|376|451|256|253|611|272,0.75|0.75|0.75|0|0.25|1|0.75|0|0|0.5|1|0.25|0.25|0|0.5|0.25,11,126,128,128,0.23376573636363635,0.9744243636363635,-9.421613693237305,0.6694506406784058,-0.1468505859375,0.017669677734375,0.6656942367553711,0.7118487358093262,0.5541925430297852,0.7944897413253784,0.5602335333824158,0.8317521810531616,0.4345703125,64.8564453125,174.0,0.0001,,1.773348094895482,
2,2.243588924407959,2.24354887008667,0.1002817153930664,0.0004,4.123539924621582,False,1024.0,1024.0,16,MATR_b1c44|MATR_b4c16|MATR_b4c26|MATR_b2c42|MATR_b2c32|MATR_b4c13|MATR_b3c35|MATR_b2c11|MATR_b1c15|MATR_b1c39|MATR_b3c12|MATR_b2c20|MATR_b1c7|MATR_b2c1|MATR_b4c40|MATR_b4c43,363|425|141|164|346|220|286|105|422|448|358|302|528|61|383|595,0.75|0.25|0.75|0|0.5|1|1|1|0|0.5|0.75|0.25|0.75|1|0.5|0.75,10,128,109,128,0.4127323363636364,0.9799726363636363,-6.983293056488037,0.7450428009033203,-0.118896484375,-0.00495147705078125,0.6642135977745056,0.7255707383155823,0.5540887713432312,0.7940217852592468,0.5598153471946716,0.8296873569488525,0.60595703125,65.5927734375,174.0,0.0001,,3.1095545168500394,
3,1.9301271438598633,1.9300774335861206,0.08293423056602478,0.0006,3.0767040252685547,False,1024.0,1024.0,16,MATR_b2c10|MATR_b2c20|MATR_b1c41|MATR_b3c25|MATR_b3c0|MATR_b2c5|MATR_b1c17|MATR_b1c38|MATR_b2c46|MATR_b4c14|MATR_b3c35|MATR_b3c21|MATR_b1c17|MATR_b4c5|MATR_b3c38|MATR_b2c20,470|236|388|285|367|153|594|248|167|457|469|546|281|345|962|276,0.5|0.5|0.75|1|0|0.5|0.5|0.25|1|0|0.25|1|0|0|0|0.25,8,126,126,128,0.4507227909090909,0.978253818181818,-6.465693950653076,0.7216248512268066,-0.11883544921875,-0.0289764404296875,0.6856765747070312,0.7371798157691956,0.5544000267982483,0.7912178635597229,0.5599198937416077,0.8394898772239685,0.403564453125,65.5927734375,174.0,0.0001,,4.670856348937377,
4,2.171480178833008,2.1713783740997314,0.127240389585495,0.0008,4.298515319824219,False,1024.0,1024.0,16,MATR_b2c29|MATR_b2c2|MATR_b3c27|MATR_b4c44|MATR_b2c5|MATR_b4c22|MATR_b4c44|MATR_b3c35|MATR_b2c6|MATR_b2c44|MATR_b2c45|MATR_b4c24|MATR_b4c8|MATR_b3c25|MATR_b2c29|MATR_b4c26,165|338|566|839|311|292|218|847|429|332|184|512|437|211|253|172,0.5|0|0.5|1|0.25|0|0.25|0.75|0.25|1|0.75|0.75|0.5|0.75|0|0.75,9,123,116,128,0.4820003818181818,0.9779171818181817,-6.039554119110107,0.7170383334159851,-0.1572265625,-0.050262451171875,0.6865960955619812,0.7327364683151245,0.5535703897476196,0.7900182604789734,0.5599198937416077,0.8513222336769104,0.496826171875,65.5927734375,174.0,0.0001,,5.994119622046128,
5,1.5744878053665161,1.574402093887329,0.08565837889909744,0.001,2.8153188228607178,False,1024.0,1024.0,16,MATR_b4c17|MATR_b2c29|MATR_b2c10|MATR_b4c23|MATR_b1c38|MATR_b2c32|MATR_b4c24|MATR_b2c43|MATR_b1c16|MATR_b4c30|MATR_b3c21|MATR_b1c29|MATR_b2c47|MATR_b1c33|MATR_b3c16|MATR_b1c9,201|286|399|789|308|321|379|297|370|432|537|674|523|517|856|598,1|0.25|0.25|0.5|0.75|0.25|0.5|0.25|0.75|0.25|0|0.5|1|0.25|0.75|1,28,120,128,128,0.5911384363636363,0.9784596363636363,-4.552608489990234,0.7244290113449097,-0.1815185546875,-0.043365478515625,0.6922035813331604,0.733718752861023,0.5540887713432312,0.7876224517822266,0.5614895224571228,0.8256362080574036,0.511962890625,65.591796875,174.0,0.0001,,7.5106194850523025,
6,2.2680723667144775,2.2679312229156494,0.11765018105506897,0.0012,4.135469913482666,False,1024.0,1024.0,16,MATR_b3c12|MATR_b4c16|MATR_b1c26|MATR_b3c4|MATR_b2c45|MATR_b2c29|MATR_b1c29|MATR_b3c25|MATR_b4c44|MATR_b2c29|MATR_b2c34|MATR_b4c22|MATR_b4c43|MATR_b3c16|MATR_b2c36|MATR_b3c5,413|384|445|658|391|231|483|514|849|340|116|188|641|740|341|624,0.5|0.75|1|0.75|0|0.75|1|0.25|0|0.25|1|1|0.25|0|0.5|1,15,121,123,128,0.4127323363636364,0.9763586363636363,-6.983293056488037,0.6958039999008179,-0.1805419921875,-0.046356201171875,0.7003229856491089,0.7532942295074463,0.5548151731491089,0.7841704487800598,0.5641129612922668,0.8310635685920715,0.559326171875,65.5927734375,174.0,0.0001,,9.053979663876817,
7,1.8700028657913208,1.8698315620422363,0.12231998890638351,0.0014,3.3447365760803223,False,1024.0,1024.0,16,MATR_b2c2|MATR_b1c45|MATR_b3c10|MATR_b4c13|MATR_b1c45|MATR_b3c16|MATR_b2c0|MATR_b4c24|MATR_b1c16|MATR_b4c16|MATR_b1c0|MATR_b1c44|MATR_b1c45|MATR_b4c27|MATR_b3c4|MATR_b2c13,266|353|845|693|457|807|244|841|227|487|1038|289|385|246|384|139,0.25|0|0.75|0|0.75|0.5|1|0.5|0.5|0.5|0.25|0.75|0.25|1|1|0.25,8,117,82,128,0.5888787181818181,0.9833261818181818,-4.583395957946777,0.7907329797744751,-0.1717529296875,-0.0626220703125,0.6883352994918823,0.7475648522377014,0.5550228357315063,0.7914179563522339,0.5634824633598328,0.8418478965759277,0.51220703125,65.591796875,174.0,0.0001,,10.635875805048272,
8,1.8142337799072266,1.8140846490859985,0.09319227933883667,0.0016,2.7090375423431396,False,1024.0,1024.0,16,MATR_b2c34|MATR_b1c40|MATR_b1c28|MATR_b1c39|MATR_b4c16|MATR_b3c4|MATR_b1c29|MATR_b2c20|MATR_b4c43|MATR_b1c33|MATR_b2c44|MATR_b1c32|MATR_b2c0|MATR_b1c36|MATR_b4c25|MATR_b1c0,197|726|446|338|765|594|703|306|300|213|253|476|135|306|211|785,0|1|0.5|0|0|0.75|0.75|0.25|0.75|1|0.75|0.25|0.75|0.75|0.5|0.5,8,120,128,128,0.4127323363636364,0.9888925454545453,-6.983293056488037,0.8665716052055359,-0.19287109375,-0.091552734375,0.7006339430809021,0.7588583827018738,0.5550228357315063,0.7861607670783997,0.5652701258659363,0.8335443139076233,0.528076171875,65.591796875,174.0,0.0001,,12.09370537288487,
9,1.3837655782699585,1.3836607933044434,0.05821104720234871,0.0018,1.4896167516708374,False,1024.0,1024.0,16,MATR_b3c41|MATR_b3c28|MATR_b3c27|MATR_b2c4|MATR_b4c8|MATR_b2c46|MATR_b2c45|MATR_b2c32|MATR_b3c41|MATR_b1c17|MATR_b2c39|MATR_b4c24|MATR_b2c39|MATR_b2c29|MATR_b3c5|MATR_b1c45,383|214|247|271|157|162|246|166|475|551|211|785|278|299|533|285,0.25|0|0|0.25|0.25|0|0.5|0|0|1|1|0|1|1|0.25|0,17,119,128,128,0.5911384363636363,0.9806501818181818,-4.552608489990234,0.7542739510536194,-0.1849365234375,-0.10870361328125,0.7185466289520264,0.7483034729957581,0.5552305579185486,0.7890859842300415,0.5624328851699829,0.8152582049369812,0.341552734375,65.591796875,174.0,0.0001,,13.252137911971658,
10,5.537588119506836,5.537186622619629,0.20082327723503113,0.002,14.462035179138184,False,1024.0,1024.0,16,MATR_b4c4|MATR_b1c41|MATR_b4c37|MATR_b4c31|MATR_b3c21|MATR_b1c17|MATR_b4c26|MATR_b2c0|MATR_b1c29|MATR_b4c5|MATR_b2c28|MATR_b3c10|MATR_b2c43|MATR_b3c40|MATR_b2c31|MATR_b4c5,579|282|533|411|260|172|175|148|364|774|113|667|140|548|117|636,0|0.5|0.5|1|0.75|0.75|1|0.75|0|1|0.5|0.25|1|0.25|0.5|0.25,26,123,128,128,0.22817332727272724,0.979730909090909,-9.497807502746582,0.7417494058609009,-0.2269287109375,-0.1190185546875,0.7044382691383362,0.7573028802871704,0.5545037388801575,0.7850988507270813,0.5629575252532959,0.8231021165847778,0.55908203125,65.5927734375,176.0,0.0001,,14.69317298498936,
11,1.9817918539047241,1.9815571308135986,0.10666944086551666,0.0022,3.4727237224578857,False,1024.0,1024.0,16,MATR_b2c32|MATR_b2c39|MATR_b1c0|MATR_b1c44|MATR_b1c24|MATR_b2c13|MATR_b4c43|MATR_b2c42|MATR_b3c5|MATR_b4c13|MATR_b4c5|MATR_b3c11|MATR_b3c0|MATR_b2c0|MATR_b3c12|MATR_b2c0,212|284|579|303|737|373|496|363|459|449|420|315|711|119|391|166,0.25|0.5|0.75|0.75|0.25|0|0.75|0.75|0|0.25|0.25|1|1|0.75|0.5|0.5,10,126,128,128,0.4127323363636364,0.9760852727272726,-6.983293056488037,0.6920796036720276,-0.26953125,-0.1199951171875,0.706706702709198,0.7671908736228943,0.5551267266273499,0.7839053273200989,0.5612800121307373,0.8206414580345154,0.51220703125,65.5927734375,176.0,0.0001,,16.13524245005101,
12,1.826137900352478,1.8258849382400513,0.10541164129972458,0.0024,2.523689031600952,False,1024.0,1024.0,16,MATR_b3c19|MATR_b2c36|MATR_b4c28|MATR_b1c40|MATR_b4c23|MATR_b4c5|MATR_b3c40|MATR_b4c14|MATR_b2c18|MATR_b4c16|MATR_b2c34|MATR_b1c7|MATR_b1c41|MATR_b2c27|MATR_b3c16|MATR_b3c44,375|127|187|513|469|358|309|445|389|625|135|512|763|278|417|243,0.75|0.75|0.75|0|1|0|0.75|0|0.25|1|0.25|0.5|0.5|1|0.75|0.75,20,125,128,128,0.4507227909090909,0.9853691818181818,-6.465693950653076,0.8185677528381348,-0.2509765625,-0.10205078125,0.7205644249916077,0.7764398455619812,0.5544000267982483,0.7832427620887756,0.5607566237449646,0.813627302646637,0.559326171875,65.5927734375,176.0,0.0001,,17.777089714072645,
13,2.13901686668396,2.138725757598877,0.11193308234214783,0.0026,3.797821521759033,False,1024.0,1024.0,16,MATR_b4c30|MATR_b4c33|MATR_b2c39|MATR_b1c24|MATR_b2c28|MATR_b4c25|MATR_b1c45|MATR_b2c31|MATR_b2c35|MATR_b2c18|MATR_b1c7|MATR_b4c41|MATR_b1c32|MATR_b2c26|MATR_b4c38|MATR_b2c11,405|339|174|465|156|184|441|264|308|254|555|681|544|264|839|384,0.5|0.5|1|0|0.25|1|0.5|0.25|0|0.5|0|0|0.25|0.25|1|0.25,21,119,121,128,0.3939060727272727,0.9837699090909089,-7.239790439605713,0.7967785000801086,-0.262939453125,-0.1300048828125,0.7261686325073242,0.7904846668243408,0.5535703897476196,0.7835077047348022,0.5620134472846985,0.812609076499939,0.3876953125,65.591796875,176.0,0.0001,,18.98268915503286,
14,4.577068328857422,4.5766425132751465,0.15207920968532562,0.0028,10.948907852172852,False,1024.0,1024.0,16,MATR_b4c43|MATR_b4c8|MATR_b2c32|MATR_b1c36|MATR_b2c23|MATR_b4c13|MATR_b1c39|MATR_b1c36|MATR_b2c20|MATR_b1c38|MATR_b1c38|MATR_b3c35|MATR_b1c20|MATR_b4c31|MATR_b1c29|MATR_b4c30,383|366|354|543|153|432|215|455|156|490|331|438|218|615|665|344,0|0.75|0.5|0|0.25|0.25|1|1|1|0|0|0.75|0.75|0|0.25|0.5,16,125,126,128,0.23376573636363635,0.9817417272727272,-9.421613693237305,0.769145667552948,-0.2861328125,-0.1485595703125,0.7264520525932312,0.7822495698928833,0.5537776947021484,0.7827129364013672,0.5608612895011902,0.8356152772903442,0.434814453125,65.5927734375,176.0,0.0001,,20.263630050001666,
15,3.904022216796875,3.903548240661621,0.15797841548919678,0.003,9.36280345916748,False,1024.0,1024.0,16,MATR_b4c8|MATR_b3c5|MATR_b3c44|MATR_b4c39|MATR_b1c29|MATR_b3c27|MATR_b4c4|MATR_b4c23|MATR_b4c31|MATR_b4c5|MATR_b3c13|MATR_b4c41|MATR_b4c14|MATR_b3c5|MATR_b2c26|MATR_b3c22,359|182|687|608|580|649|233|712|400|455|620|464|200|528|332|456,0|1|0|1|0.25|0.75|1|0.75|1|0.75|0.75|0.25|0.5|0.25|0.75|0.75,12,122,128,128,0.22817332727272724,0.9641806363636362,-9.497807502746582,0.5298855304718018,-0.2841796875,-0.1436767578125,0.7298265099525452,0.7938212752342224,0.5526381731033325,0.7817202806472778,0.5584577918052673,0.8202317953109741,0.60595703125,65.5927734375,176.0,0.0001,,21.81937444698997,
16,2.4191195964813232,2.4187893867492676,0.10318730771541595,0.0032,4.554024696350098,False,1024.0,1024.0,16,MATR_b2c43|MATR_b2c32|MATR_b2c10|MATR_b2c28|MATR_b3c40|MATR_b3c0|MATR_b1c23|MATR_b1c0|MATR_b3c19|MATR_b4c37|MATR_b2c28|MATR_b3c21|MATR_b1c1|MATR_b4c31|MATR_b2c10|MATR_b1c24,117|323|421|207|237|552|456|1386|862|517|424|458|590|242|200|514,0.25|0|1|0|0|0.75|0.25|1|1|0.75|0.25|0.25|0.5|1|0.5|1,16,115,117,128,0.23376573636363635,0.9798176363636363,-9.421613693237305,0.7429310083389282,-0.3408203125,-0.2059326171875,0.7415454983711243,0.786359965801239,0.5529487729072571,0.7806622982025146,0.5597108006477356,0.8076656460762024,0.528076171875,65.591796875,176.0,0.0001,,23.566070353845134,
17,2.1885173320770264,2.188002586364746,0.15137851238250732,0.0034,4.053121566772461,False,1024.0,1024.0,16,MATR_b3c44|MATR_b2c14|MATR_b4c25|MATR_b1c31|MATR_b2c45|MATR_b1c29|MATR_b2c14|MATR_b3c38|MATR_b3c38|MATR_b4c13|MATR_b2c34|MATR_b1c1|MATR_b1c17|MATR_b4c0|MATR_b3c38|MATR_b2c46,468|378|449|187|189|323|392|982|1333|602|377|1221|562|506|1062|319,1|0.75|1|0.75|0.75|0|0.25|0.75|0.75|0|0.5|0|0.75|1|0|0.25,15,103,117,128,0.4820561909090908,0.991902909090909,-6.038793563842773,0.9075861573219299,-0.318603515625,-0.2186279296875,0.7488819360733032,0.8158703446388245,0.5522242188453674,0.7855632901191711,0.5581448674201965,0.8376894593238831,0.5283203125,65.58984375,176.0,0.0001,,25.54872136306949,
18,1.9373202323913574,1.9368505477905273,0.1304686963558197,0.0036,3.2279531955718994,False,1024.0,1024.0,16,MATR_b2c32|MATR_b1c26|MATR_b3c35|MATR_b4c41|MATR_b3c28|MATR_b1c9|MATR_b3c34|MATR_b2c11|MATR_b2c35|MATR_b4c43|MATR_b3c40|MATR_b2c35|MATR_b3c11|MATR_b4c35|MATR_b3c39|MATR_b2c45,352|464|858|635|338|695|574|306|245|569|372|226|631|546|513|273,0.5|1|0|1|0.5|0.75|0.25|0|0.5|0.75|0.5|0.25|1|1|0.25|0.75,17,126,128,128,0.3939060727272727,0.9718841818181817,-7.239790439605713,0.634842038154602,-0.3173828125,-0.226318359375,0.7511342167854309,0.8124734163284302,0.552017331123352,0.7877554297447205,0.5573110580444336,0.8252249360084534,0.55908203125,65.5927734375,176.0,0.0001,,27.038397900061682,
19,1.2410062551498413,1.2407042980194092,0.07946238666772842,0.0038,0.786929726600647,False,1024.0,1024.0,16,MATR_b2c27|MATR_b2c45|MATR_b3c0|MATR_b3c40|MATR_b2c27|MATR_b4c20|MATR_b2c25|MATR_b1c17|MATR_b2c43|MATR_b2c25|MATR_b4c40|MATR_b2c29|MATR_b2c18|MATR_b2c39|MATR_b1c29|MATR_b2c46,330|310|797|509|101|552|113|583|385|249|762|157|162|224|249|212,0|0.75|0.5|0.75|0.75|0.5|0.5|0.25|0.5|0|0|0|1|0|0.5|0.5,13,128,102,128,0.7171081454545454,0.9790489999999998,-2.8363406658172607,0.732458770275116,-0.337890625,-0.234375,0.7653629183769226,0.8392127156257629,0.5525346398353577,0.7833089828491211,0.558562159538269,0.8133557438850403,0.403564453125,65.5927734375,176.0,0.0001,,28.19532710989006,
20,1.592512845993042,1.5921430587768555,0.09243330359458923,0.004,1.5573811531066895,False,1024.0,1024.0,16,MATR_b1c33|MATR_b1c33|MATR_b4c28|MATR_b2c23|MATR_b3c34|MATR_b2c0|MATR_b3c34|MATR_b1c16|MATR_b4c5|MATR_b3c8|MATR_b1c15|MATR_b3c35|MATR_b3c16|MATR_b4c0|MATR_b3c11|MATR_b4c26,164|471|489|364|546|141|403|627|638|275|333|292|425|341|241|261,0.25|0.75|1|0.5|0.5|1|0.75|0.25|0.75|0.5|0.25|0.75|0.5|0.25|0.5|0.75,14,126,128,128,0.4820003818181818,0.9915635454545454,-6.039554119110107,0.9029625058174133,-0.338134765625,-0.232421875,0.7652977108955383,0.8329926133155823,0.5510870814323425,0.7884870171546936,0.5577278733253479,0.822828471660614,0.57421875,65.5927734375,176.0,0.0001,,29.804538842989132,
21,1.7550177574157715,1.7544608116149902,0.13261795043945312,0.0042,2.6010196208953857,False,1024.0,1024.0,16,MATR_b2c10|MATR_b1c32|MATR_b2c46|MATR_b3c21|MATR_b2c31|MATR_b1c7|MATR_b2c5|MATR_b2c4|MATR_b2c44|MATR_b4c26|MATR_b2c35|MATR_b2c45|MATR_b4c20|MATR_b2c28|MATR_b4c26|MATR_b4c28,438|368|289|260|373|383|350|340|140|344|383|212|386|150|181|434,1|0|0|0.5|0.75|0.5|0.5|0.5|0.75|0|0.75|0|1|0.25|0.5|1,8,126,103,128,0.4820003818181818,0.9824156363636364,-6.039554119110107,0.7783272862434387,-0.3408203125,-0.236083984375,0.7698726654052734,0.8187989592552185,0.5507772564888,0.7884870171546936,0.5583534836769104,0.8310635685920715,0.4970703125,65.5927734375,176.0,0.0001,,30.87835911801085,
22,1.7848114967346191,1.7843936681747437,0.09495905786752701,0.0044,2.1834123134613037,False,1024.0,1024.0,16,MATR_b2c44|MATR_b3c16|MATR_b4c22|MATR_b1c17|MATR_b4c0|MATR_b4c25|MATR_b3c26|MATR_b2c38|MATR_b2c31|MATR_b4c13|MATR_b1c24|MATR_b1c33|MATR_b2c36|MATR_b1c36|MATR_b2c1|MATR_b3c39,246|822|521|404|373|250|766|176|147|646|207|302|211|394|120|783,0.25|1|0.75|0.25|0.5|0.5|0.5|0|0|0|0.5|0.75|0.75|0|0.75|1,12,128,50,128,0.4820561909090908,0.9829625454545454,-6.038793563842773,0.7857786417007446,-0.3681640625,-0.226806640625,0.7745972871780396,0.8367211222648621,0.5507772564888,0.7915513515472412,0.5578320622444153,0.8336822390556335,0.4658203125,65.5927734375,176.0,0.0001,,32.30567355104722,
23,1.4488996267318726,1.4485019445419312,0.08645516633987427,0.0046,1.1267801523208618,False,1024.0,1024.0,16,MATR_b3c27|MATR_b1c44|MATR_b4c38|MATR_b2c39|MATR_b4c24|MATR_b4c22|MATR_b2c10|MATR_b4c19|MATR_b1c38|MATR_b3c35|MATR_b3c4|MATR_b4c17|MATR_b4c35|MATR_b3c38|MATR_b1c1|MATR_b2c46,356|386|376|215|364|322|224|883|450|763|326|283|749|769|1621|125,0|1|0.75|1|1|0.25|0.75|1|0.5|0.25|0.75|0.25|0.75|0.25|0.25|0.5,11,126,128,128,0.5839974272727272,0.9803943636363636,-4.649900913238525,0.7507885694503784,-0.393310546875,-0.25537109375,0.7997162342071533,0.8496453762054443,0.5504675507545471,0.7905512452125549,0.5578320622444153,0.814374566078186,0.574462890625,65.5927734375,176.0,0.0001,,34.216028444934636,
24,1.3440921306610107,1.3435192108154297,0.11935381591320038,0.0048,1.424265742301941,False,1024.0,1024.0,16,MATR_b1c0|MATR_b1c16|MATR_b2c23|MATR_b4c40|MATR_b2c27|MATR_b4c17|MATR_b3c0|MATR_b2c25|MATR_b1c28|MATR_b1c31|MATR_b2c20|MATR_b2c13|MATR_b2c6|MATR_b1c0|MATR_b2c0|MATR_b1c0,1171|489|433|528|367|692|416|117|254|245|204|312|368|1383|136|1337,0|0.75|1|0.25|0.25|0.5|0|0.25|0.5|0.25|0|1|0.75|0.25|1|0.25,9,125,128,128,0.6294339363636363,0.9889642727272726,-4.030853271484375,0.8675488829612732,-0.44677734375,-0.228515625,0.7650368809700012,0.8581911325454712,0.5513970255851746,0.7930195927619934,0.5564781427383423,0.8369977474212646,0.434326171875,65.5927734375,176.0,0.0001,,35.93001990392804,
25,2.6558752059936523,2.655196189880371,0.13578179478645325,0.005,5.196529865264893,False,1024.0,1024.0,16,MATR_b3c0|MATR_b4c13|MATR_b2c45|MATR_b2c38|MATR_b4c0|MATR_b4c44|MATR_b4c19|MATR_b4c37|MATR_b4c39|MATR_b1c20|MATR_b1c28|MATR_b4c43|MATR_b1c23|MATR_b4c25|MATR_b3c13|MATR_b1c39,357|315|187|163|715|276|464|615|206|202|467|751|525|199|437|185,1|0.5|0.5|0.5|0|0.5|1|0.25|0|0.5|1|0.75|0.25|0.25|1|0.75,8,122,128,128,0.4127323363636364,0.9824126363636362,-6.983293056488037,0.7782864570617676,-0.402099609375,-0.249267578125,0.7753865718841553,0.8669325709342957,0.5495392680168152,0.7920183539390564,0.5555422902107239,0.8375511169433594,0.54345703125,65.5927734375,176.0,0.0001,,37.416564870858565,
26,1.4272267818450928,1.4266102313995361,0.11857244372367859,0.0052,1.2666634321212769,False,1024.0,1024.0,16,MATR_b1c36|MATR_b4c37|MATR_b2c47|MATR_b2c0|MATR_b1c9|MATR_b4c30|MATR_b2c13|MATR_b4c23|MATR_b4c17|MATR_b3c39|MATR_b4c16|MATR_b3c26|MATR_b4c8|MATR_b2c14|MATR_b1c23|MATR_b2c44,200|587|490|192|461|294|300|464|648|588|310|342|550|247|616|237,0.25|0.5|0|1|0.25|1|0|0.25|0|0.75|0|0.25|0|0|0.5|0.5,15,128,128,128,0.5425964181818181,0.9782383636363635,-5.2139668464660645,0.7214142680168152,-0.429931640625,-0.276611328125,0.799850583076477,0.8738805055618286,0.5501580238342285,0.791151225566864,0.5563741326332092,0.8327168226242065,0.32568359375,65.5927734375,176.0,0.0001,,38.88575599784963,
27,1.4039928913116455,1.4036033153533936,0.07215265184640884,0.0054,0.7525053024291992,False,1024.0,1024.0,16,MATR_b4c27|MATR_b2c36|MATR_b1c38|MATR_b2c29|MATR_b4c22|MATR_b1c24|MATR_b2c31|MATR_b1c33|MATR_b2c13|MATR_b2c18|MATR_b3c16|MATR_b4c24|MATR_b3c8|MATR_b3c11|MATR_b4c0|MATR_b4c38,208|225|176|137|202|317|114|271|404|143|547|744|258|389|328|515,0.75|0.25|1|0|1|0.25|0.75|0|0.75|0|0.5|0.5|1|0.5|1|0,9,126,116,128,0.5335607818181818,0.9851825454545453,-5.337072372436523,0.816024899482727,-0.5126953125,-0.291259765625,0.8148502707481384,0.8646713495254517,0.5490240454673767,0.7936875820159912,0.5540887713432312,0.8259790539741516,0.5126953125,65.5927734375,176.0,0.0001,,40.365488447016105,
28,1.7079501152038574,1.7072248458862305,0.12951937317848206,0.0056,2.3101789951324463,False,1024.0,1024.0,16,MATR_b3c26|MATR_b4c20|MATR_b4c44|MATR_b4c35|MATR_b4c5|MATR_b4c30|MATR_b4c13|MATR_b2c38|MATR_b3c16|MATR_b2c26|MATR_b2c39|MATR_b4c22|MATR_b3c39|MATR_b4c16|MATR_b2c38|MATR_b2c6,555|440|857|552|278|317|437|131|1103|349|210|365|637|768|162|423,0.5|0|0.5|1|0.5|0.75|1|0.25|0.75|0|0.5|0.5|0.5|1|1|0,15,121,122,128,0.5514941454545453,0.9807466363636362,-5.092740058898926,0.7555881142616272,-0.46337890625,-0.281005859375,0.8091533184051514,0.8740226626396179,0.5487151145935059,0.7920851111412048,0.5548151731491089,0.8458801507949829,0.543701171875,65.5927734375,176.0,0.0001,,41.9415389560163,
29,1.1903629302978516,1.1899718046188354,0.06743645668029785,0.0058,0.8624976277351379,False,1024.0,1024.0,16,MATR_b2c28|MATR_b1c39|MATR_b3c16|MATR_b3c44|MATR_b3c4|MATR_b4c2|MATR_b1c28|MATR_b3c40|MATR_b2c35|MATR_b1c9|MATR_b4c33|MATR_b2c44|MATR_b3c19|MATR_b2c46|MATR_b3c5|MATR_b1c16,201|190|1040|198|224|591|530|358|343|255|201|332|619|219|425|202,0|0|0.5|0|0.25|0.25|0.75|0.25|0.25|0|0.25|0|0.25|0|1|0,8,126,128,128,0.7205661363636363,0.9841302727272726,-2.7892274856567383,0.8016882538795471,-0.490966796875,-0.32275390625,0.8107784390449524,0.8728858232498169,0.5493331551551819,0.791951596736908,0.5527417063713074,0.813831090927124,0.232177734375,65.5927734375,176.0,0.0001,,43.416165390983224,
30,1.2940552234649658,1.293535828590393,0.08656002581119537,0.006,0.5540704131126404,False,1024.0,1024.0,16,MATR_b3c38|MATR_b2c28|MATR_b4c2|MATR_b1c0|MATR_b1c17|MATR_b4c5|MATR_b4c19|MATR_b1c0|MATR_b2c34|MATR_b1c20|MATR_b1c20|MATR_b2c28|MATR_b3c39|MATR_b1c39|MATR_b1c7|MATR_b2c46,824|271|159|965|304|615|310|998|405|166|149|429|921|433|498|258,0.25|0|0.5|0.25|0.25|0.75|0.75|0.5|0.25|0.75|1|0.25|0|0.75|0.25|0,23,127,112,128,0.5514941454545453,0.9736381818181817,-5.092740058898926,0.6587393283843994,-0.48291015625,-0.3193359375,0.8108461499214172,0.8863025307655334,0.5487151145935059,0.7892857193946838,0.5527417063713074,0.8122020363807678,0.403076171875,65.5927734375,176.0,0.0001,,45.21053407504223,
31,1.1515345573425293,1.151216745376587,0.05125495791435242,0.0062,0.4708958864212036,False,1024.0,1024.0,16,MATR_b1c38|MATR_b3c35|MATR_b4c30|MATR_b2c6|MATR_b1c9|MATR_b3c41|MATR_b3c10|MATR_b4c39|MATR_b2c38|MATR_b2c23|MATR_b3c21|MATR_b1c45|MATR_b3c39|MATR_b3c5|MATR_b2c28|MATR_b3c41,405|690|157|342|284|570|484|459|287|380|266|189|564|438|232|229,0.25|0.75|0.75|0.75|0|0.5|0.5|0.5|0.5|0|0.75|0.5|0.5|1|0|0.25,43,128,128,128,0.6165992636363636,0.982805909090909,-4.205718517303467,0.7836445569992065,-0.47900390625,-0.376220703125,0.8196857571601868,0.9007157683372498,0.5485092401504517,0.7902846932411194,0.552017331123352,0.8164827227592468,0.465576171875,65.5927734375,176.0,0.0001,,46.596425426891074,
32,3.2113726139068604,3.210341453552246,0.1611129641532898,0.0064,8.232629776000977,False,1024.0,1024.0,16,MATR_b3c4|MATR_b3c10|MATR_b1c0|MATR_b3c12|MATR_b2c6|MATR_b3c12|MATR_b1c23|MATR_b4c14|MATR_b1c15|MATR_b4c2|MATR_b1c40|MATR_b2c5|MATR_b4c25|MATR_b2c34|MATR_b4c31|MATR_b1c31,549|853|812|556|342|534|782|157|474|425|331|369|418|127|548|284,1|0.75|0|1|1|0.5|0.25|0.25|0.75|1|0|0.75|0.25|0.5|0.25|1,15,112,128,128,0.23376573636363635,0.9871200909090908,-9.421613693237305,0.8424229025840759,-0.483154296875,-0.3623046875,0.8486682176589966,0.9059397578239441,0.5471723675727844,0.7916180491447449,0.5511903762817383,0.8257047533988953,0.57470703125,65.5908203125,176.0,0.0001,,48.19709122902714,
33,1.2433074712753296,1.2427748441696167,0.08070801943540573,0.0066,0.3294035792350769,False,1024.0,1024.0,16,MATR_b1c43|MATR_b3c39|MATR_b4c19|MATR_b3c26|MATR_b1c16|MATR_b4c0|MATR_b2c46|MATR_b1c7|MATR_b4c17|MATR_b2c44|MATR_b3c16|MATR_b3c40|MATR_b1c28|MATR_b3c19|MATR_b1c43|MATR_b3c38,265|847|394|759|243|275|290|200|338|167|932|578|675|272|466|875,0|0|0.5|0.75|0.25|0.25|0.75|0|0.25|0.25|1|0|0.75|0|0.5|1,9,128,128,128,0.5335607818181818,0.9916494545454544,-5.337072372436523,0.9041329622268677,-0.49462890625,-0.364501953125,0.8238549828529358,0.9388614892959595,0.5461456179618835,0.7920183539390564,0.5499517321586609,0.8037518262863159,0.387939453125,65.5927734375,176.0,0.0001,,50.01132508995943,
34,1.6070159673690796,1.6064382791519165,0.08494915813207626,0.0068,1.3681458234786987,False,1024.0,1024.0,16,MATR_b3c22|MATR_b2c6|MATR_b1c1|MATR_b2c4|MATR_b4c26|MATR_b2c5|MATR_b4c14|MATR_b3c44|MATR_b2c27|MATR_b4c17|MATR_b2c25|MATR_b2c20|MATR_b3c8|MATR_b1c45|MATR_b1c28|MATR_b2c11,211|203|645|117|273|249|250|422|269|524|107|283|551|250|302|168,0|0.25|0.75|0.5|0.75|1|0.5|0.25|0|0.25|0.25|0.75|1|1|0.5|0.25,9,124,128,128,0.4507227909090909,0.9787135454545455,-6.465693950653076,0.7278883457183838,-0.45166015625,-0.326171875,0.8372743725776672,0.917908251285553,0.5463508367538452,0.7899516224861145,0.5466588139533997,0.8118629455566406,0.49658203125,65.5927734375,176.0,0.0001,,51.41474835504778,
35,1.503540277481079,1.5027763843536377,0.10912460833787918,0.007,1.2634625434875488,False,1024.0,1024.0,16,MATR_b2c36|MATR_b4c19|MATR_b4c38|MATR_b3c13|MATR_b2c28|MATR_b1c32|MATR_b2c28|MATR_b4c44|MATR_b3c4|MATR_b1c29|MATR_b4c20|MATR_b4c0|MATR_b4c16|MATR_b2c47|MATR_b2c27|MATR_b1c45,287|765|596|538|285|242|261|861|259|537|353|545|251|421|282|427,1|0.25|0.25|1|1|0.25|0|1|0.75|0.75|0.5|0.25|0.25|0.75|1|0.25,12,116,128,128,0.5335607818181818,0.9746926363636362,-5.337072372436523,0.6731057167053223,-0.48681640625,-0.3447265625,0.8379663825035095,0.9315987229347229,0.5463508367538452,0.7879549860954285,0.5495392680168152,0.8274885416030884,0.574462890625,65.591796875,176.0,0.0001,,52.91211919486523,
36,1.5944608449935913,1.5938153266906738,0.08965393900871277,0.0072,1.3807631731033325,False,1024.0,1024.0,16,MATR_b2c31|MATR_b1c29|MATR_b1c33|MATR_b1c43|MATR_b2c29|MATR_b4c17|MATR_b1c38|MATR_b1c43|MATR_b3c27|MATR_b4c43|MATR_b4c19|MATR_b3c5|MATR_b4c16|MATR_b4c20|MATR_b2c34|MATR_b2c2,138|431|226|459|321|255|485|223|249|502|413|464|709|355|215|174,0.75|1|0.5|0.25|0.5|0.25|0.25|0.5|1|0|0|0|0.5|0.25|0.25|0.25,8,125,128,128,0.4127323363636364,0.9883221818181817,-6.983293056488037,0.8588007092475891,-0.482177734375,-0.404541015625,0.8407376408576965,0.9205483794212341,0.5457353591918945,0.7899516224861145,0.5487151145935059,0.8170954585075378,0.387451171875,65.5927734375,176.0,0.0001,,54.25722181191668,
37,2.638824939727783,2.637877941131592,0.12797552347183228,0.0074,6.005573272705078,False,1024.0,1024.0,16,MATR_b4c19|MATR_b3c44|MATR_b2c27|MATR_b2c6|MATR_b2c46|MATR_b2c23|MATR_b4c8|MATR_b2c4|MATR_b3c13|MATR_b4c40|MATR_b2c2|MATR_b3c22|MATR_b3c0|MATR_b4c31|MATR_b1c45|MATR_b4c37,423|666|199|163|327|274|387|241|540|362|99|371|769|532|253|671,0.75|0.25|0.25|1|1|1|0.75|0.75|0.25|0.5|0.75|0.5|0|0.25|0.25|0.75,11,121,122,128,0.23376573636363635,0.9787581818181819,-9.421613693237305,0.7284964919090271,-0.52880859375,-0.364013671875,0.8281752467155457,0.9114741683006287,0.5444035530090332,0.7876224517822266,0.5465561747550964,0.8269393444061279,0.558837890625,65.5927734375,176.0,0.0001,,55.62370694195852,
38,1.4828505516052246,1.48222017288208,0.08293750137090683,0.0076,0.8825345039367676,False,1024.0,1024.0,16,MATR_b4c13|MATR_b4c33|MATR_b3c12|MATR_b1c20|MATR_b1c45|MATR_b4c16|MATR_b3c4|MATR_b2c14|MATR_b4c39|MATR_b3c11|MATR_b1c41|MATR_b2c42|MATR_b4c43|MATR_b2c14|MATR_b2c14|MATR_b3c25,490|144|235|307|193|520|342|226|419|560|671|249|563|261|315|600,0.75|0.25|1|1|0|0.5|0.5|1|0.5|1|1|0|0.75|1|0|1,10,124,128,128,0.4127323363636364,0.982751,-6.983293056488037,0.7828964591026306,-0.5,-0.31982421875,0.861427366733551,0.9575431942939758,0.5447106957435608,0.787555992603302,0.5453253388404846,0.8192764520645142,0.637451171875,65.5927734375,176.0,0.0001,,56.98214174201712,
39,1.753368616104126,1.7524770498275757,0.11430339515209198,0.0078,2.116750955581665,False,1024.0,1024.0,16,MATR_b4c38|MATR_b2c26|MATR_b2c14|MATR_b1c17|MATR_b4c33|MATR_b1c16|MATR_b3c19|MATR_b4c5|MATR_b2c13|MATR_b2c34|MATR_b4c35|MATR_b3c25|MATR_b4c25|MATR_b2c2|MATR_b2c45|MATR_b2c45,669|125|226|453|291|602|669|698|415|242|490|781|397|358|229|212,0.5|0.5|1|0|0.25|0.25|0|0|0.25|0.75|0|0.25|0.25|0.5|0.5|0,13,127,105,128,0.4820561909090908,0.9765834545454545,-6.038793563842773,0.6988670229911804,-0.5556640625,-0.374755859375,0.8770113587379456,0.9361895322799683,0.5432785749435425,0.7866257429122925,0.5443012118339539,0.8211195468902588,0.309814453125,65.5927734375,176.0,0.0001,,58.323649073950946,
40,1.5529507398605347,1.5521361827850342,0.10181848704814911,0.008,1.1591964960098267,False,1024.0,1024.0,16,MATR_b2c13|MATR_b4c44|MATR_b4c27|MATR_b1c36|MATR_b2c13|MATR_b4c28|MATR_b4c38|MATR_b3c25|MATR_b4c5|MATR_b3c25|MATR_b3c25|MATR_b3c0|MATR_b1c1|MATR_b3c35|MATR_b4c17|MATR_b4c16,173|838|317|260|119|539|869|433|759|225|773|380|543|276|408|233,0.75|1|0|0.5|1|0.5|0.25|0.5|0.75|1|1|0.5|0|0.75|0|0.25,9,124,128,128,0.5514941454545453,0.974329818181818,-5.092740058898926,0.6681625247001648,-0.5166015625,-0.364013671875,0.8774388432502747,0.9467554688453674,0.5424615144729614,0.7854306101799011,0.5418493151664734,0.8334063291549683,0.543701171875,65.5927734375,176.0,0.0001,,60.153338365023956,
41,2.6832849979400635,2.6821985244750977,0.13248559832572937,0.0082,6.421645641326904,False,1024.0,1024.0,16,MATR_b4c4|MATR_b3c12|MATR_b3c28|MATR_b4c40|MATR_b3c16|MATR_b2c5|MATR_b2c10|MATR_b1c17|MATR_b1c39|MATR_b2c32|MATR_b3c44|MATR_b2c20|MATR_b3c28|MATR_b3c26|MATR_b4c2|MATR_b1c43,676|319|239|270|736|390|377|429|262|125|548|180|347|720|370|461,1|0|0.25|0|0|1|1|0.5|0|0|0.75|0.25|0.5|0.5|0|0.75,8,123,117,128,0.22817332727272724,0.9810106363636362,-9.497807502746582,0.7591849565505981,-0.56298828125,-0.38427734375,0.8774388432502747,0.9848315715789795,0.5435852408409119,0.7852978706359863,0.5425636172294617,0.8280379176139832,0.399169921875,65.5927734375,176.0,0.0001,,61.59800095297396,
42,1.726035475730896,1.724786639213562,0.14866980910301208,0.0084,2.0412631034851074,False,1024.0,1024.0,16,MATR_b2c47|MATR_b2c28|MATR_b2c38|MATR_b4c22|MATR_b2c35|MATR_b3c0|MATR_b1c40|MATR_b4c35|MATR_b4c14|MATR_b2c25|MATR_b3c12|MATR_b3c0|MATR_b2c28|MATR_b3c28|MATR_b4c5|MATR_b2c27,536|429|369|460|141|377|267|828|422|387|270|404|224|291|812|248,0.75|0|0|0.5|0.5|0.5|0|0.5|0.75|0.25|0.75|0.5|1|0.25|0.5|0.75,14,128,100,128,0.4507227909090909,0.9807340909090908,-6.465693950653076,0.7554171681404114,-0.5615234375,-0.429931640625,0.8863025307655334,0.9857489466667175,0.5412376523017883,0.78423672914505,0.5428699851036072,0.8350626826286316,0.465576171875,65.5927734375,176.0,0.0001,,62.93462009401992,
43,2.558145046234131,2.5569849014282227,0.1349097490310669,0.0086,5.407973766326904,False,1024.0,1024.0,16,MATR_b3c27|MATR_b2c29|MATR_b3c5|MATR_b4c4|MATR_b4c27|MATR_b4c38|MATR_b2c23|MATR_b4c40|MATR_b2c13|MATR_b3c12|MATR_b1c31|MATR_b4c38|MATR_b4c35|MATR_b1c33|MATR_b3c12|MATR_b4c35,635|274|221|631|235|819|434|334|382|682|351|888|661|343|509|441,0|0|0|0.25|0.25|0.5|0.5|1|1|0.25|0.5|0.25|0|0.25|0.25|1,11,121,128,128,0.22817332727272724,0.9852559999999999,-9.497807502746582,0.8170257210731506,-0.5234375,-0.366455078125,0.8904675841331482,1.023481011390686,0.5415434241294861,0.7837064862251282,0.5428699851036072,0.8327168226242065,0.3720703125,65.5927734375,176.0,0.0001,,64.53892897791229,
44,1.4037798643112183,1.4028877019882202,0.10138678550720215,0.0088,0.44229739904403687,False,1024.0,1024.0,16,MATR_b3c4|MATR_b3c16|MATR_b3c27|MATR_b2c39|MATR_b4c13|MATR_b3c0|MATR_b2c38|MATR_b4c30|MATR_b3c0|MATR_b3c16|MATR_b1c24|MATR_b1c39|MATR_b1c41|MATR_b3c19|MATR_b3c10|MATR_b2c32,337|887|431|336|601|612|159|568|249|1274|323|340|368|758|465|384,0.25|1|0.75|0|0.75|0.75|0|0.75|0.75|0.25|1|0.25|0.75|0|1|0.25,17,127,128,128,0.5888787181818181,0.9740933636363635,-4.583395957946777,0.6649409532546997,-0.544921875,-0.407958984375,0.888455331325531,0.9799471497535706,0.5394057631492615,0.7812573313713074,0.5409319996833801,0.8251563906669617,0.528076171875,65.5927734375,176.0,0.0001,,66.28815251984634,
45,1.2230699062347412,1.2223166227340698,0.08370237052440643,0.009,1.2374274730682373,False,1024.0,1024.0,16,MATR_b3c44|MATR_b2c46|MATR_b4c17|MATR_b1c17|MATR_b3c22|MATR_b2c31|MATR_b1c32|MATR_b3c12|MATR_b2c29|MATR_b3c11|MATR_b1c43|MATR_b1c45|MATR_b2c13|MATR_b3c34|MATR_b2c28|MATR_b1c24,294|115|267|471|535|160|552|634|367|257|161|220|113|537|292|786,0|0.25|0.5|0.5|0.75|0.5|0.25|1|1|0|0.5|1|0.75|0|0.5|1,8,125,128,128,0.6294339363636363,0.9809455454545454,-4.030853271484375,0.7582981586456299,-0.56494140625,-0.365478515625,0.8927707076072693,1.0141263008117676,0.5422573685646057,0.7807283997535706,0.5413395166397095,0.8113883137702942,0.528076171875,65.5927734375,176.0,0.0001,,67.64965011691675,
46,1.3899765014648438,1.3890457153320312,0.1011783704161644,0.0092,0.3656843602657318,False,1024.0,1024.0,16,MATR_b3c16|MATR_b2c43|MATR_b4c35|MATR_b1c33|MATR_b4c30|MATR_b2c6|MATR_b1c44|MATR_b4c38|MATR_b2c27|MATR_b4c17|MATR_b1c45|MATR_b4c23|MATR_b4c38|MATR_b4c22|MATR_b4c17|MATR_b3c27,733|142|369|379|492|248|390|565|145|646|121|604|528|274|229|273,0|0.75|0.5|1|0.75|1|0.25|0.75|1|1|0|0.75|0.25|0.25|0.5|0.25,9,102,128,128,0.605261709090909,0.9862780909090909,-4.360186576843262,0.8309510946273804,-0.55712890625,-0.41162109375,0.9124959111213684,0.9986456036567688,0.5417473316192627,0.7797372937202454,0.5400158762931824,0.8393512964248657,0.55908203125,65.58984375,176.0,0.0001,,69.24834794690832,
47,1.4460344314575195,1.445223331451416,0.08628999441862106,0.0094,0.5035936236381531,False,1024.0,1024.0,16,MATR_b2c45|MATR_b1c36|MATR_b4c27|MATR_b4c22|MATR_b2c17|MATR_b4c37|MATR_b1c15|MATR_b4c16|MATR_b1c28|MATR_b1c41|MATR_b4c23|MATR_b1c41|MATR_b4c28|MATR_b3c41|MATR_b2c43|MATR_b4c20,198|177|418|475|230|527|212|225|427|514|486|320|309|521|158|384,0.25|0|0.25|0|0.75|0.5|0.25|0.5|0.25|0|0.5|1|0|1|0.25|0.5,12,119,128,128,0.5425964181818181,0.9788982727272726,-5.2139668464660645,0.7304051518440247,-0.5517578125,-0.38720703125,0.8868763446807861,1.0496189594268799,0.5413395166397095,0.7784172296524048,0.5433807969093323,0.8205731511116028,0.3720703125,65.591796875,176.0,0.0001,,70.69805598002858,
48,1.406922698020935,1.406040906906128,0.09184706211090088,0.0096,0.3328912556171417,False,1024.0,1024.0,16,MATR_b2c17|MATR_b1c24|MATR_b4c40|MATR_b4c27|MATR_b3c41|MATR_b4c24|MATR_b2c4|MATR_b2c2|MATR_b3c0|MATR_b4c38|MATR_b4c43|MATR_b3c41|MATR_b3c16|MATR_b2c10|MATR_b2c0|MATR_b4c13,317|229|439|254|479|456|132|114|573|362|253|591|855|391|138|310,0.75|0.25|0.25|0.75|1|1|0.5|0|1|0.25|1|0.5|1|0.25|0.75|1,13,125,128,128,0.4127323363636364,0.9769396363636363,-6.983293056488037,0.7037198543548584,-0.5322265625,-0.39208984375,0.9298252463340759,1.0300586223602295,0.5404228568077087,0.7770326733589172,0.5398123860359192,0.796899139881134,0.636962890625,65.5927734375,176.0,0.0001,,72.24658110598102,
49,1.757059097290039,1.7554898262023926,0.16012585163116455,0.0098,2.105412483215332,False,1024.0,1024.0,16,MATR_b4c38|MATR_b2c39|MATR_b4c41|MATR_b1c31|MATR_b4c25|MATR_b2c2|MATR_b4c41|MATR_b3c16|MATR_b3c16|MATR_b4c39|MATR_b3c34|MATR_b4c28|MATR_b4c30|MATR_b2c28|MATR_b3c44|MATR_b4c20,444|262|692|353|260|105|215|1065|1051|552|864|623|179|396|448|583,0.75|0.25|0.25|0.75|1|1|0.25|0.5|0.75|0.75|0.5|0|0.25|1|1|0.25,12,100,128,128,0.3939060727272727,0.9851695454545454,-7.239790439605713,0.8158478140830994,-0.56982421875,-0.375244140625,0.9108906388282776,1.0300586223602295,0.5401175618171692,0.7778236865997314,0.5401175618171692,0.8184581398963928,0.574462890625,65.58984375,176.0,0.0001,,73.94888780987822,
50,2.2570462226867676,2.255288600921631,0.1757584810256958,0.01,4.344575881958008,False,1024.0,1024.0,16,MATR_b1c17|MATR_b4c41|MATR_b1c39|MATR_b1c7|MATR_b1c33|MATR_b2c13|MATR_b2c27|MATR_b1c1|MATR_b2c23|MATR_b4c40|MATR_b4c4|MATR_b1c40|MATR_b4c44|MATR_b2c35|MATR_b2c20|MATR_b3c0,530|628|217|672|290|389|182|691|298|512|471|192|655|352|363|381,0.25|0.75|0.25|0.5|0|1|0.5|0.5|0.75|0.75|0.5|0.5|0|0.75|0.75|0.75,9,124,128,128,0.22817332727272724,0.9843884545454544,-9.497807502746582,0.8052058815956116,-0.53515625,-0.353515625,0.889461100101471,1.024731993675232,0.5406264662742615,0.7765715718269348,0.541645348072052,0.8231706023216248,0.52783203125,65.5927734375,176.0,0.0001,,75.56695914804004,
51,2.4284098148345947,2.4270741939544678,0.13094325363636017,0.0102,5.159738540649414,False,1024.0,1024.0,16,MATR_b4c4|MATR_b4c24|MATR_b4c33|MATR_b4c39|MATR_b2c34|MATR_b1c28|MATR_b1c23|MATR_b1c9|MATR_b2c35|MATR_b4c4|MATR_b1c43|MATR_b4c38|MATR_b2c44|MATR_b2c46|MATR_b2c13|MATR_b4c38,322|500|153|396|169|480|799|599|144|379|343|426|256|151|106|756,0.5|0|0.5|1|0.25|0.5|1|0.5|0|1|0.25|0.75|0|0.75|1|1,13,120,128,128,0.22817332727272724,0.9791924545454543,-9.497807502746582,0.734413206577301,-0.55615234375,-0.37744140625,0.9388614892959595,1.0508880615234375,0.5401175618171692,0.7758472561836243,0.5393040776252747,0.8045605421066284,0.559326171875,65.591796875,176.0,0.0001,,77.0166510369163,
52,1.6160022020339966,1.6143302917480469,0.160758376121521,0.0104,1.3710267543792725,False,1024.0,1024.0,16,MATR_b3c21|MATR_b1c28|MATR_b4c25|MATR_b4c30|MATR_b3c0|MATR_b3c34|MATR_b4c13|MATR_b2c28|MATR_b3c22|MATR_b2c29|MATR_b3c4|MATR_b1c0|MATR_b1c31|MATR_b4c5|MATR_b3c4|MATR_b2c23,566|679|259|564|281|827|642|153|281|262|723|1351|227|636|439|179,0|0.25|0.75|1|0|0.75|0.75|1|1|1|0.25|0.5|0|0.25|1|0.5,11,104,128,128,0.4820561909090908,0.990184909090909,-6.038793563842773,0.8841793537139893,-0.54296875,-0.35107421875,0.927906334400177,1.0486676692962646,0.5389993190765381,0.7777577042579651,0.5391008853912354,0.8396283984184265,0.559326171875,65.58984375,176.0,0.0001,,78.68196800304577,
53,1.2815452814102173,1.2801005840301514,0.1362946480512619,0.0106,0.8114177584648132,False,1024.0,1024.0,16,MATR_b2c20|MATR_b2c26|MATR_b3c5|MATR_b1c29|MATR_b3c11|MATR_b4c30|MATR_b3c38|MATR_b2c26|MATR_b2c5|MATR_b4c19|MATR_b2c6|MATR_b2c25|MATR_b1c29|MATR_b1c20|MATR_b4c35|MATR_b4c20,324|242|437|575|605|441|1113|133|227|278|378|306|265|398|883|270,0.25|0.75|0.75|0.5|1|0.25|0.5|0.25|0.5|1|1|0.5|0|0.75|1|1,10,127,128,128,0.5839974272727272,0.9762822727272726,-4.649900913238525,0.6947636008262634,-0.591796875,-0.392822265625,0.9277588129043579,1.0556551218032837,0.5398123860359192,0.7775599360466003,0.5384915471076965,0.8177084922790527,0.621337890625,65.5927734375,176.0,0.0001,,80.14970939792693,
54,1.5676852464675903,1.5660107135772705,0.15504902601242065,0.0108,0.7728316783905029,False,1024.0,1024.0,16,MATR_b3c4|MATR_b4c16|MATR_b3c5|MATR_b4c30|MATR_b4c14|MATR_b2c0|MATR_b2c11|MATR_b3c8|MATR_b2c38|MATR_b1c16|MATR_b3c5|MATR_b4c0|MATR_b2c4|MATR_b2c36|MATR_b1c32|MATR_b2c34,444|437|265|144|451|211|120|280|101|377|553|641|182|408|279|163,0.5|0.5|0.75|1|0.5|1|0.5|1|1|0|0.75|0.5|0|0.25|1|1,11,123,115,128,0.4507227909090909,0.9772896363636362,-6.465693950653076,0.708488404750824,-0.59375,-0.4013671875,0.951541006565094,1.0770959854125977,0.5407282710075378,0.7778895497322083,0.5422573685646057,0.8166188597679138,0.63720703125,65.5927734375,176.0,0.0001,,81.43083231896162,
55,1.8340394496917725,1.831963062286377,0.18876388669013977,0.011,2.5398991107940674,False,1024.0,1024.0,16,MATR_b3c40|MATR_b3c19|MATR_b4c39|MATR_b4c28|MATR_b3c10|MATR_b4c25|MATR_b4c25|MATR_b1c7|MATR_b2c0|MATR_b1c33|MATR_b2c43|MATR_b4c28|MATR_b3c5|MATR_b3c39|MATR_b4c2|MATR_b4c37,579|769|239|693|636|362|432|197|148|526|343|701|197|310|344|766,0|0.25|0.75|0.25|0.5|0|0.5|0.5|0.5|0|0.5|1|0.25|0.25|0.75|0.5,15,128,128,128,0.4820561909090908,0.9919006363636363,-6.038793563842773,0.9075552225112915,-0.6552734375,-0.3154296875,0.944070041179657,1.0709911584854126,0.5395073890686035,0.7794071435928345,0.5399141311645508,0.8316143751144409,0.403076171875,65.5927734375,176.0,0.0001,,82.88881389703602,
56,1.8003003597259521,1.7988874912261963,0.12614542245864868,0.0112,1.8548561334609985,False,1024.0,1024.0,16,MATR_b3c35|MATR_b2c17|MATR_b2c14|MATR_b4c13|MATR_b4c39|MATR_b2c4|MATR_b2c25|MATR_b4c44|MATR_b3c8|MATR_b4c31|MATR_b1c1|MATR_b3c13|MATR_b3c39|MATR_b2c20|MATR_b4c35|MATR_b3c44,529|109|167|195|478|144|223|503|656|217|1288|496|867|111|882|461,1|0.5|1|0.5|1|0.5|1|0.75|0.25|0.25|0.75|1|0.25|0.5|0.25|0.5,32,122,128,128,0.23376573636363635,0.9868243636363636,-9.421613693237305,0.8383938074111938,-0.60546875,-0.35595703125,0.9403479099273682,1.1046429872512817,0.5413395166397095,0.7785491347312927,0.5345436930656433,0.8103719353675842,0.62109375,65.5927734375,176.0,0.0001,,84.53887974005193,
57,2.317533016204834,2.3155972957611084,0.16979289054870605,0.0114,4.643760681152344,False,1024.0,1024.0,16,MATR_b1c44|MATR_b1c32|MATR_b4c44|MATR_b1c16|MATR_b2c26|MATR_b4c2|MATR_b3c28|MATR_b3c38|MATR_b1c33|MATR_b4c43|MATR_b3c0|MATR_b4c4|MATR_b1c29|MATR_b1c43|MATR_b1c31|MATR_b3c16,306|378|760|256|199|208|237|482|245|245|497|579|693|474|661|1287,0.25|0.5|1|0.5|0.25|0.25|0.5|1|0.5|0.75|0.5|0|0.5|0.25|0.75|1,14,124,128,128,0.22817332727272724,0.9869530909090908,-9.497807502746582,0.8401476144790649,-0.62939453125,-0.311767578125,0.9394558668136597,1.0835429430007935,0.5395073890686035,0.7809266448020935,0.5339382290840149,0.8200952410697937,0.527587890625,65.5927734375,176.0,0.0001,,86.2550150488969,
58,1.302322506904602,1.3011162281036377,0.10398611426353455,0.0116,1.1062067747116089,False,1024.0,1024.0,16,MATR_b1c33|MATR_b3c4|MATR_b2c43|MATR_b4c44|MATR_b4c33|MATR_b2c14|MATR_b4c28|MATR_b3c11|MATR_b2c14|MATR_b4c28|MATR_b2c25|MATR_b3c4|MATR_b4c19|MATR_b3c21|MATR_b1c38|MATR_b1c7,600|357|236|491|205|284|502|170|162|468|120|277|466|310|183|631,0|0|0.5|0|1|0|0.75|0.5|0.5|0.25|1|0|0.5|1|0|0.75,9,126,128,128,0.5839974272727272,0.9777719090909089,-4.649900913238525,0.7150591015815735,-0.6357421875,-0.4091796875,0.9427289962768555,1.129266381263733,0.5413395166397095,0.7797372937202454,0.5394057631492615,0.7907512187957764,0.41943359375,65.5927734375,176.0,0.0001,,87.6507984700147,
59,1.2953929901123047,1.2937891483306885,0.13591770827770233,0.0118,0.9533532857894897,False,1024.0,1024.0,16,MATR_b4c30|MATR_b2c0|MATR_b4c28|MATR_b2c10|MATR_b3c13|MATR_b1c36|MATR_b4c38|MATR_b1c20|MATR_b3c21|MATR_b4c30|MATR_b1c39|MATR_b3c11|MATR_b1c44|MATR_b1c26|MATR_b2c2|MATR_b1c32,219|163|622|254|421|183|746|286|282|285|126|477|438|174|134|212,0.5|0.5|0.25|0.75|0.25|1|1|0.25|0.5|0.25|0.75|0.75|0.75|0|0|0.75,22,126,128,128,0.6165992636363636,0.9879301818181817,-4.205718517303467,0.8534599542617798,-0.58447265625,-0.360595703125,0.9329301118850708,1.113801121711731,0.5417473316192627,0.7795392274856567,0.5388977527618408,0.7978374361991882,0.51220703125,65.5927734375,176.0,0.0001,,88.92554568988271,
60,2.0527045726776123,2.050520896911621,0.18196770548820496,0.012,3.28576397895813,False,1024.0,1024.0,16,MATR_b2c43|MATR_b3c5|MATR_b4c23|MATR_b1c41|MATR_b4c31|MATR_b4c16|MATR_b3c10|MATR_b1c44|MATR_b3c13|MATR_b4c25|MATR_b2c28|MATR_b1c17|MATR_b3c44|MATR_b2c2|MATR_b3c11|MATR_b4c35,278|181|718|432|404|406|413|412|498|245|290|542|234|103|274|770,0|0.5|0.25|0.5|0.75|0.5|0.5|0.25|0.5|0.5|0.75|1|0|1|1|1,12,122,128,128,0.23376573636363635,0.9778621818181817,-9.421613693237305,0.7162889838218689,-0.6708984375,-0.406982421875,0.9653797745704651,1.0916317701339722,0.5398123860359192,0.7817863821983337,0.5375785231590271,0.8068548440933228,0.55908203125,65.5927734375,176.0,0.0001,,90.4063699489925,
61,2.091507911682129,2.0888161659240723,0.22064423561096191,0.0122,3.6842458248138428,False,1024.0,1024.0,16,MATR_b1c16|MATR_b3c39|MATR_b1c39|MATR_b2c11|MATR_b4c25|MATR_b4c31|MATR_b2c6|MATR_b2c47|MATR_b4c33|MATR_b4c28|MATR_b3c19|MATR_b2c39|MATR_b2c38|MATR_b3c41|MATR_b2c38|MATR_b4c14,514|887|441|138|203|465|148|377|319|404|426|190|281|277|156|188,0.5|1|0.5|0.25|1|0.25|0.5|0.75|0|0.25|0|0|1|0.75|1|1,12,123,128,128,0.23376573636363635,0.9825734545454544,-9.421613693237305,0.7804774641990662,-0.67578125,-0.305419921875,0.9881978631019592,1.1902316808700562,0.5401175618171692,0.7819187045097351,0.5326282978057861,0.8214611411094666,0.543701171875,65.5927734375,176.0,0.0001,,91.68859498691745,
62,1.7885611057281494,1.7858507633209229,0.21857990324497223,0.0124,1.7573033571243286,False,1024.0,1024.0,16,MATR_b2c2|MATR_b4c23|MATR_b4c2|MATR_b4c25|MATR_b3c22|MATR_b1c29|MATR_b1c39|MATR_b1c7|MATR_b3c26|MATR_b4c41|MATR_b4c41|MATR_b3c19|MATR_b2c2|MATR_b1c20|MATR_b2c5|MATR_b4c41,234|368|391|370|482|249|215|647|691|332|223|405|289|346|387|398,0|1|0.25|0.5|0|0.25|0.5|0.75|0.5|0.75|1|1|0.5|0.25|0|0,10,124,120,128,0.3939060727272727,0.9806753636363635,-7.239790439605713,0.7546170353889465,-0.6328125,-0.3515625,0.9652287364006042,1.1538490056991577,0.5401175618171692,0.7827791571617126,0.5352506041526794,0.802001416683197,0.4501953125,65.5927734375,176.0,0.0001,,93.16108948085457,
63,1.359600305557251,1.3571043014526367,0.19809341430664062,0.0126,0.6804123520851135,False,1024.0,1024.0,16,MATR_b1c28|MATR_b2c27|MATR_b4c35|MATR_b2c35|MATR_b3c4|MATR_b1c40|MATR_b4c43|MATR_b1c45|MATR_b2c17|MATR_b4c33|MATR_b4c2|MATR_b2c28|MATR_b1c26|MATR_b1c36|MATR_b3c39|MATR_b1c40,517|174|843|355|284|458|355|392|147|398|185|366|457|550|891|534,1|0.75|0.5|0.25|0.5|0.25|0.5|0.75|1|0|0|0.75|0.75|0.75|0.25|0.25,19,127,128,128,0.4127323363636364,0.973243,-6.983293056488037,0.6533551812171936,-0.65869140625,-0.426025390625,0.9726473093032837,1.1299269199371338,0.541645348072052,0.7816540598869324,0.5335349440574646,0.8005222678184509,0.51220703125,65.5927734375,176.0,0.0001,,94.57600867887959,
64,1.4269572496414185,1.4240310192108154,0.22861231863498688,0.0128,0.7159484624862671,False,1024.0,1024.0,16,MATR_b3c21|MATR_b1c16|MATR_b3c40|MATR_b3c27|MATR_b4c24|MATR_b3c5|MATR_b2c47|MATR_b3c34|MATR_b4c37|MATR_b2c44|MATR_b4c2|MATR_b2c4|MATR_b4c28|MATR_b4c19|MATR_b3c34|MATR_b4c28,448|354|404|624|548|600|207|584|804|257|521|311|642|670|314|253,0|0.5|0|0.5|0.5|0.25|0.25|0.75|0.75|0|0.75|0.25|0.75|0.75|0|1,17,126,128,128,0.5425964181818181,0.9784596363636363,-5.2139668464660645,0.7244290113449097,-0.6513671875,-0.379150390625,1.002966284751892,1.1319102048873901,0.5415434241294861,0.7832427620887756,0.5354527831077576,0.8092886805534363,0.4345703125,65.5927734375,176.0,0.0001,,96.14835671405308,
65,2.5968968868255615,2.593871593475342,0.23272091150283813,0.013,6.587028980255127,False,1024.0,1024.0,16,MATR_b3c10|MATR_b4c44|MATR_b1c16|MATR_b3c0|MATR_b3c13|MATR_b2c4|MATR_b2c42|MATR_b2c1|MATR_b1c28|MATR_b1c31|MATR_b3c40|MATR_b4c8|MATR_b1c44|MATR_b1c39|MATR_b1c9|MATR_b4c4,616|651|637|434|423|322|177|59|515|241|523|549|304|378|748|727,0|0.75|0.25|0.25|0.5|1|1|0.5|0.75|0.25|0.25|0.25|1|0|0.75|1,8,128,111,128,0.22817332727272724,0.9892085454545453,-9.497807502746582,0.8708769679069519,-0.6435546875,-0.3388671875,0.9746211171150208,1.1269556283950806,0.5401175618171692,0.7877554297447205,0.5370718240737915,0.8376894593238831,0.51220703125,65.5927734375,176.0,0.0001,,97.54785976395942,
66,1.9517686367034912,1.9479644298553467,0.2881931662559509,0.0132,2.60545015335083,False,1024.0,1024.0,16,MATR_b4c23|MATR_b4c23|MATR_b2c42|MATR_b4c22|MATR_b4c4|MATR_b1c38|MATR_b3c34|MATR_b4c16|MATR_b1c45|MATR_b4c40|MATR_b3c21|MATR_b4c38|MATR_b4c30|MATR_b4c44|MATR_b3c8|MATR_b3c8,315|518|370|309|452|147|628|345|445|462|527|674|506|828|619|370,0.75|1|1|0.25|0.5|0|0|1|0.25|0.25|1|0.75|0.5|0.75|0.25|0.25,12,122,122,128,0.22817332727272724,0.9756173636363635,-9.497807502746582,0.6857045888900757,-0.642578125,-0.439453125,1.0004960298538208,1.1468439102172852,0.5421553254127502,0.7837727665901184,0.5349475741386414,0.819412887096405,0.52783203125,65.5927734375,176.0,0.0001,,99.1750887138769,
67,2.2329039573669434,2.229862928390503,0.226950541138649,0.0134,4.443978309631348,False,1024.0,1024.0,16,MATR_b3c35|MATR_b1c0|MATR_b3c4|MATR_b3c5|MATR_b1c1|MATR_b1c24|MATR_b4c17|MATR_b2c42|MATR_b1c40|MATR_b4c31|MATR_b3c40|MATR_b1c16|MATR_b2c4|MATR_b2c1|MATR_b2c28|MATR_b3c16,690|978|481|428|910|348|661|239|660|581|533|605|138|64|209|373,0.75|0.25|0.5|1|0.5|0.5|0.25|0.75|0.25|0|0.5|1|1|0|1|0.5,10,115,106,128,0.23376573636363635,0.9710007272727272,-9.421613693237305,0.6228054761886597,-0.6552734375,-0.3310546875,0.9848315715789795,1.1325715780258179,0.5425636172294617,0.7857624292373657,0.5377813577651978,0.8342342376708984,0.54345703125,65.591796875,176.0,0.0001,,101.03165855584666,
68,1.9076876640319824,1.903036117553711,0.34202611446380615,0.0136,2.9540622234344482,False,1024.0,1024.0,16,MATR_b2c28|MATR_b4c40|MATR_b2c38|MATR_b1c29|MATR_b3c40|MATR_b3c26|MATR_b1c39|MATR_b2c2|MATR_b2c45|MATR_b3c5|MATR_b4c25|MATR_b2c36|MATR_b2c47|MATR_b2c0|MATR_b4c43|MATR_b4c25,164|709|252|718|573|783|380|296|405|214|422|146|344|138|640|363,0.25|0|0.5|1|0|0.5|0.5|0.25|0.75|0.5|1|0.75|0.5|0.25|0.5|0.75,20,121,109,128,0.4127323363636364,0.9844747272727272,-6.983293056488037,0.8063812851905823,-0.7109375,-0.32421875,1.0020395517349243,1.1689361333847046,0.5418493151664734,0.7845682501792908,0.5357560515403748,0.8196175694465637,0.49658203125,65.5927734375,176.0,0.0001,,102.25896578887478,
69,1.6866427659988403,1.6834951639175415,0.22809135913848877,0.0138,1.6887273788452148,False,1024.0,1024.0,16,MATR_b3c16|MATR_b2c32|MATR_b3c4|MATR_b1c36|MATR_b1c28|MATR_b1c31|MATR_b2c23|MATR_b3c19|MATR_b4c4|MATR_b4c27|MATR_b2c34|MATR_b1c28|MATR_b1c24|MATR_b1c24|MATR_b4c23|MATR_b1c36,1188|391|259|310|402|339|261|836|451|123|228|614|410|632|401|434,1|0.25|0.75|0.75|0|0|0|0.5|1|0.5|0.75|0.75|0.5|0.5|0.25|1,15,127,128,128,0.22817332727272724,0.9852631818181817,-9.497807502746582,0.817123532295227,-0.705078125,-0.3427734375,0.9382673501968384,1.1953316926956177,0.5430742502212524,0.7823819518089294,0.5276127457618713,0.798977792263031,0.528076171875,65.5927734375,176.0,0.0001,,103.86703653889708,
70,1.313189148902893,1.3102312088012695,0.21127790212631226,0.014,1.1749521493911743,False,1024.0,1024.0,16,MATR_b4c37|MATR_b4c2|MATR_b4c40|MATR_b2c10|MATR_b2c42|MATR_b2c39|MATR_b4c40|MATR_b1c32|MATR_b1c45|MATR_b1c15|MATR_b2c42|MATR_b2c46|MATR_b1c24|MATR_b3c5|MATR_b3c40|MATR_b4c23,695|225|623|159|199|276|858|507|262|160|118|271|424|442|602|798,1|1|1|0.75|0|0|1|0.75|0|0.25|0|1|0.5|0.75|1|0.75,22,118,128,128,0.5425964181818181,0.9830762727272727,-5.2139668464660645,0.7873281240463257,-0.763671875,-0.296142578125,0.9323381781578064,1.181418538093567,0.5447106957435608,0.7838390469551086,0.5328296422958374,0.8107784390449524,0.6064453125,65.591796875,176.0,0.0001,,105.25630924385041,
71,1.3735064268112183,1.3705366849899292,0.2091371864080429,0.0142,0.946659505367279,False,1024.0,1024.0,16,MATR_b1c15|MATR_b2c14|MATR_b3c39|MATR_b1c38|MATR_b3c25|MATR_b3c39|MATR_b3c40|MATR_b4c26|MATR_b3c19|MATR_b2c1|MATR_b1c43|MATR_b4c22|MATR_b1c1|MATR_b4c28|MATR_b2c32|MATR_b2c1,498|215|717|335|228|855|429|263|658|66|137|324|1091|509|123|66,0.75|0.25|0.5|1|0.5|1|0|1|1|1|0.25|0|0.5|0.75|1|0.25,22,125,104,128,0.4820003818181818,0.9813047272727272,-6.039554119110107,0.7631917595863342,-0.73974609375,-0.337158203125,1.0259839296340942,1.1831107139587402,0.5450178980827332,0.782977819442749,0.5352506041526794,0.8062471151351929,0.60595703125,65.5927734375,176.0,0.0001,,106.77663514902815,
72,1.5476477146148682,1.542847990989685,0.3333181142807007,0.0144,1.2643492221832275,False,1024.0,1024.0,16,MATR_b1c33|MATR_b3c4|MATR_b2c46|MATR_b4c43|MATR_b4c30|MATR_b2c32|MATR_b2c6|MATR_b3c19|MATR_b4c2|MATR_b1c43|MATR_b1c1|MATR_b2c1|MATR_b3c25|MATR_b2c11|MATR_b1c33|MATR_b3c16,519|796|267|701|571|252|289|515|495|176|1049|91|257|157|337|1013,0|0|0|0.75|1|0.75|1|1|0.25|0.25|0.25|0.5|0|0.25|1|0.5,8,122,79,128,0.4127323363636364,0.9814582727272727,-6.983293056488037,0.7652837634086609,-0.67236328125,-0.253173828125,0.9989537596702576,1.2189370393753052,0.5461456179618835,0.7845682501792908,0.5302162766456604,0.8346483707427979,0.4658203125,65.5927734375,176.0,0.0001,,108.38798175286502,
73,1.8144843578338623,1.809741735458374,0.3248351216316223,0.0146,2.2875916957855225,False,1024.0,1024.0,16,MATR_b4c4|MATR_b4c20|MATR_b3c34|MATR_b4c0|MATR_b3c4|MATR_b3c26|MATR_b1c39|MATR_b4c39|MATR_b4c17|MATR_b4c39|MATR_b2c10|MATR_b2c28|MATR_b1c15|MATR_b1c28|MATR_b1c1|MATR_b1c23,482|198|557|743|476|725|295|375|589|559|424|396|436|318|534|732,0.5|0.75|0.25|0.75|0.75|1|0.75|1|0.75|0.25|1|1|0.25|1|1|1,11,128,128,128,0.22817332727272724,0.975127909090909,-9.497807502746582,0.679036021232605,-0.78173828125,-0.3515625,1.0011132955551147,1.2289289236068726,0.5480976104736328,0.7836402654647827,0.5185768008232117,0.807800829410553,0.74609375,65.5927734375,176.0,0.0001,,110.11897038295865,
74,1.5732264518737793,1.5676007270812988,0.38011714816093445,0.0148,1.2551759481430054,False,1024.0,1024.0,16,MATR_b1c1|MATR_b3c11|MATR_b2c47|MATR_b1c26|MATR_b2c18|MATR_b4c41|MATR_b2c18|MATR_b4c24|MATR_b2c2|MATR_b4c20|MATR_b3c25|MATR_b2c10|MATR_b1c17|MATR_b4c30|MATR_b2c14|MATR_b4c26,1304|301|353|478|164|583|395|790|358|603|231|221|528|255|138|117,1|0.5|0|0|1|0.25|0.75|0|0.25|1|1|0.5|1|0|0.5|0.5,15,107,106,128,0.3939060727272727,0.9799589090909091,-7.239790439605713,0.7448557615280151,-0.72705078125,-0.345703125,0.9614567160606384,1.230310320854187,0.5488181114196777,0.7835739850997925,0.5305173397064209,0.8043583035469055,0.5126953125,65.5908203125,176.0,0.0001,,111.6578874969855,
75,1.2905951738357544,1.2883155345916748,0.15197226405143738,0.015,1.4072234630584717,False,1024.0,1024.0,16,MATR_b2c27|MATR_b1c7|MATR_b1c0|MATR_b1c28|MATR_b2c38|MATR_b1c15|MATR_b4c23|MATR_b2c5|MATR_b3c21|MATR_b3c39|MATR_b2c42|MATR_b4c25|MATR_b1c40|MATR_b1c39|MATR_b2c31|MATR_b2c36,179|569|1406|387|325|159|343|171|187|326|196|115|339|140|211|273,0.25|0.25|0.25|1|0.5|0.75|0.5|0|0|0.25|0.75|0.5|0.75|1|0.75|0,19,125,128,128,0.4820561909090908,0.9844697272727272,-6.038793563842773,0.806313157081604,-0.57763671875,-0.26025390625,0.9189344644546509,1.1461780071258545,0.5496423840522766,0.7856296896934509,0.533635675907135,0.7986422777175903,0.465576171875,65.5927734375,176.0,0.0001,,113.10085631185211,
76,1.6893353462219238,1.6831588745117188,0.40635037422180176,0.0152,1.979971170425415,False,1024.0,1024.0,16,MATR_b4c38|MATR_b3c38|MATR_b4c22|MATR_b1c39|MATR_b4c25|MATR_b2c4|MATR_b2c23|MATR_b1c29|MATR_b1c45|MATR_b3c19|MATR_b2c43|MATR_b2c14|MATR_b4c25|MATR_b2c32|MATR_b4c37|MATR_b2c5,321|1283|403|279|368|198|192|219|433|437|374|251|425|358|618|218,0.25|0|0|0.75|0.25|0.75|1|0.75|0.5|0.25|0.25|0.75|0.25|0.25|0.25|0.25,15,120,113,128,0.4820561909090908,0.9789126363636363,-6.038793563842773,0.730600893497467,-0.78857421875,-0.2044677734375,0.8923385739326477,1.2466013431549072,0.5501580238342285,0.786359965801239,0.5184781551361084,0.8240603804588318,0.40283203125,65.591796875,176.0,0.0001,,114.52418403304182,
77,2.3054044246673584,2.2990365028381348,0.41349637508392334,0.0154,5.325191497802734,False,1024.0,1024.0,16,MATR_b3c38|MATR_b3c38|MATR_b4c25|MATR_b3c28|MATR_b3c5|MATR_b4c35|MATR_b2c11|MATR_b4c16|MATR_b4c4|MATR_b3c35|MATR_b4c20|MATR_b2c25|MATR_b2c36|MATR_b1c26|MATR_b2c39|MATR_b4c44,949|699|441|218|319|764|187|226|647|359|179|368|236|670|364|731,0.25|1|0.75|0.25|0.5|0.25|0|1|0.25|0.75|1|1|0.75|0.5|0|0.25,32,123,116,128,0.22817332727272724,0.977815909090909,-9.497807502746582,0.7156585454940796,-0.81103515625,-0.21533203125,0.9101614952087402,1.2462536096572876,0.5510870814323425,0.7880879640579224,0.5057775974273682,0.8307881355285645,0.52783203125,65.5927734375,176.0,0.0001,,116.24053652700968,
78,1.3130214214324951,1.3086950778961182,0.27732691168785095,0.0156,1.0403776168823242,False,1024.0,1024.0,16,MATR_b4c8|MATR_b4c35|MATR_b4c37|MATR_b1c28|MATR_b3c27|MATR_b2c36|MATR_b2c25|MATR_b2c34|MATR_b1c41|MATR_b1c45|MATR_b1c1|MATR_b3c27|MATR_b4c20|MATR_b2c36|MATR_b1c20|MATR_b4c19,388|394|489|216|180|292|269|277|799|346|1136|538|427|394|296|884,0.5|0.75|0.25|0.5|0.25|0|0.5|0.25|1|0.25|0|0.5|0.75|1|0.75|1,8,123,128,128,0.5425964181818181,0.9773164545454546,-5.2139668464660645,0.7088537812232971,-0.67236328125,-0.31396484375,0.9018750786781311,1.2155011892318726,0.5548151731491089,0.7898850440979004,0.5320245027542114,0.7977033853530884,0.51220703125,65.5927734375,176.0,0.0001,,117.84277325705625,
79,1.387229561805725,1.3825763463974,0.29450467228889465,0.0158,0.43010643124580383,False,1024.0,1024.0,16,MATR_b1c36|MATR_b2c32|MATR_b1c32|MATR_b1c29|MATR_b2c27|MATR_b3c28|MATR_b3c22|MATR_b3c11|MATR_b4c22|MATR_b2c43|MATR_b2c43|MATR_b1c43|MATR_b4c14|MATR_b4c5|MATR_b3c12|MATR_b3c10,430|224|389|436|395|308|589|645|351|354|165|272|292|344|656|669,0.25|0.75|0.75|0.25|0.5|0|0|0.75|0.75|0.25|0.75|0.25|0.75|0.5|0.25|0.25,12,118,100,128,0.4507227909090909,0.9761261818181818,-6.465693950653076,0.6926369667053223,-0.71533203125,-0.24853515625,0.9298252463340759,1.2616004943847656,0.5537776947021484,0.792618989944458,0.5263145565986633,0.802001416683197,0.43408203125,65.591796875,176.0,0.0001,,119.18517179903574,
80,1.3008137941360474,1.296807050704956,0.250419557094574,0.016,0.9679441452026367,False,1024.0,1024.0,16,MATR_b2c36|MATR_b2c18|MATR_b4c44|MATR_b1c20|MATR_b4c8|MATR_b2c47|MATR_b1c24|MATR_b2c38|MATR_b2c20|MATR_b1c26|MATR_b4c2|MATR_b3c41|MATR_b2c18|MATR_b1c40|MATR_b1c28|MATR_b2c29,315|220|857|201|457|289|561|333|114|242|522|373|398|445|210|229,0|0.75|0.75|0.5|0.5|1|0.5|0.25|1|0.5|0.25|0.25|1|0.75|0.5|0.5,35,121,125,128,0.5859904363636363,0.9868243636363636,-4.62274694442749,0.8383938074111938,-0.712890625,-0.18212890625,0.8832941651344299,1.206249475479126,0.558666467666626,0.7936208248138428,0.5288131237030029,0.8043583035469055,0.558837890625,65.5927734375,176.0,0.0001,,120.47124880203046,
81,1.3035101890563965,1.2994078397750854,0.2532336115837097,0.0162,0.9469711780548096,False,1024.0,1024.0,16,MATR_b4c17|MATR_b2c17|MATR_b2c45|MATR_b4c30|MATR_b4c38|MATR_b3c28|MATR_b3c25|MATR_b2c14|MATR_b1c26|MATR_b4c24|MATR_b4c38|MATR_b2c35|MATR_b3c11|MATR_b2c39|MATR_b3c5|MATR_b3c25,517|222|273|251|547|213|610|191|534|730|974|224|371|183|304|233,0.5|0.25|0|0.5|0.75|0.75|1|1|0.5|0.5|1|0.5|0.25|0.75|0.75|1,13,125,128,128,0.5911384363636363,0.983191818181818,-4.552608489990234,0.7889023423194885,-0.74462890625,-0.16162109375,0.859878659248352,1.2272032499313354,0.5583534836769104,0.7945565581321716,0.5306177139282227,0.8029437065124512,0.621337890625,65.5927734375,176.0,0.0001,,121.918614506023,
82,2.261620044708252,2.257289171218872,0.2640828788280487,0.0164,6.869806289672852,False,1024.0,1024.0,16,MATR_b4c8|MATR_b4c4|MATR_b4c40|MATR_b2c6|MATR_b4c22|MATR_b3c22|MATR_b1c29|MATR_b3c21|MATR_b1c45|MATR_b2c10|MATR_b3c13|MATR_b1c36|MATR_b2c43|MATR_b1c41|MATR_b2c1|MATR_b3c44,406|692|560|285|515|231|272|293|375|124|394|241|278|434|48|464,0.25|0.5|0|0.75|1|1|1|0.5|1|0.75|0.5|0.25|0.25|0.25|0.5|0.75,9,119,122,128,0.22817332727272724,0.9760917272727272,-9.497807502746582,0.6921675205230713,-0.71435546875,-0.21826171875,0.8650950789451599,1.1723029613494873,0.5358571410179138,0.8056396842002869,0.508298397064209,0.8503438234329224,0.574462890625,65.591796875,176.0,0.0001,,123.28424271591939,
83,1.2268110513687134,1.223528265953064,0.19775953888893127,0.0166,1.336858868598938,False,1024.0,1024.0,16,MATR_b1c31|MATR_b2c44|MATR_b3c40|MATR_b3c0|MATR_b1c29|MATR_b2c5|MATR_b2c46|MATR_b3c16|MATR_b4c28|MATR_b3c8|MATR_b1c29|MATR_b4c27|MATR_b4c23|MATR_b3c5|MATR_b4c35|MATR_b1c26,297|139|403|684|372|360|294|330|295|627|272|278|809|315|831|315,0.75|0.25|0.5|0.75|0.5|0|0.5|0|0|0.5|1|1|0|0.25|0.25|0.5,9,108,128,128,0.6086392818181818,0.9866234545454545,-4.314168930053711,0.8356565237045288,-0.61865234375,-0.1424560546875,0.8309258818626404,1.1115076541900635,0.564533531665802,0.7959615588188171,0.5317227840423584,0.8069899678230286,0.4189453125,65.5908203125,176.0,0.0001,,124.86332144006155,
84,1.8842124938964844,1.878009557723999,0.36922508478164673,0.0168,4.803404808044434,False,1024.0,1024.0,16,MATR_b2c47|MATR_b2c47|MATR_b2c42|MATR_b1c38|MATR_b1c45|MATR_b4c31|MATR_b2c0|MATR_b3c22|MATR_b3c35|MATR_b2c42|MATR_b3c25|MATR_b2c46|MATR_b1c28|MATR_b3c40|MATR_b1c31|MATR_b3c11,432|573|388|233|435|534|186|455|222|156|758|128|259|349|559|545,0.25|0.75|1|0|0.25|0.25|0.5|0|0.75|0|1|0.5|0.75|0.25|1|0.5,44,121,104,128,0.23376573636363635,0.9806193636363635,-9.421613693237305,0.7538540959358215,-0.794921875,-0.1251220703125,0.8036844730377197,1.19329035282135,0.563692569732666,0.7969661951065063,0.49142250418663025,0.8383816480636597,0.481201171875,65.5927734375,176.0,0.0001,,126.16785211395472,
85,1.218095064163208,1.2141653299331665,0.23116055130958557,0.017,0.8149845004081726,False,1024.0,1024.0,16,MATR_b4c44|MATR_b3c26|MATR_b4c38|MATR_b2c47|MATR_b1c1|MATR_b1c39|MATR_b2c2|MATR_b1c41|MATR_b1c40|MATR_b4c44|MATR_b2c4|MATR_b2c0|MATR_b2c35|MATR_b1c7|MATR_b4c38|MATR_b1c33,783|251|511|493|836|484|161|658|607|236|208|119|238|595|668|521,1|1|1|0.25|0.5|0.25|0.5|0|0.25|0.25|1|0.25|1|0|1|1,12,128,128,128,0.5859904363636363,0.9719529999999998,-4.62274694442749,0.6357796788215637,-0.73681640625,-0.13671875,0.8205731511116028,1.165238618850708,0.5693871378898621,0.7966311573982239,0.5326282978057861,0.8094916939735413,0.57470703125,65.5927734375,176.0,0.0001,,127.87043997389264,
86,1.8266124725341797,1.8183720111846924,0.47909918427467346,0.0172,5.3991618156433105,False,1024.0,1024.0,16,MATR_b3c13|MATR_b1c31|MATR_b4c19|MATR_b4c5|MATR_b2c14|MATR_b4c4|MATR_b3c34|MATR_b2c10|MATR_b4c40|MATR_b3c44|MATR_b1c16|MATR_b4c2|MATR_b2c45|MATR_b2c23|MATR_b2c10|MATR_b3c19,478|293|581|540|395|529|408|413|557|457|204|604|197|374|282|756,0.75|0|0.75|0.25|1|0.75|0.25|0.5|0.25|0|0.25|1|0.75|0|0.75|0.25,16,127,114,128,0.22817332727272724,0.9870163636363635,-9.497807502746582,0.8410096764564514,-0.7001953125,-0.083984375,0.7807944416999817,1.1881948709487915,0.5716131925582886,0.7981727719306946,0.4863326847553253,0.8272139430046082,0.465576171875,65.5927734375,176.0,0.0001,,129.41672926186584,
87,1.3143882751464844,1.3088624477386475,0.31757843494415283,0.0174,1.0845756530761719,False,1024.0,1024.0,16,MATR_b3c34|MATR_b4c38|MATR_b2c38|MATR_b4c0|MATR_b3c21|MATR_b2c35|MATR_b2c26|MATR_b1c0|MATR_b4c33|MATR_b2c6|MATR_b1c15|MATR_b4c8|MATR_b2c27|MATR_b1c17|MATR_b4c44|MATR_b4c28,572|533|276|368|491|146|326|911|280|361|230|213|297|543|795|396,1|0.5|0.25|0.75|0|0.5|0.5|0|1|1|0.5|0.75|0.75|1|0.5|0,21,127,128,128,0.5335607818181818,0.9696110909090908,-5.337072372436523,0.6038724780082703,-0.79443359375,-0.1846923828125,0.8153262138366699,1.2038568258285522,0.5684350728988647,0.8005895018577576,0.5242226719856262,0.8152582049369812,0.559326171875,65.5927734375,176.0,0.0001,,130.94976852298714,
88,1.3002060651779175,1.2949128150939941,0.3007548451423645,0.0176,1.1188862323760986,False,1024.0,1024.0,16,MATR_b1c36|MATR_b1c38|MATR_b2c31|MATR_b4c22|MATR_b1c1|MATR_b3c11|MATR_b2c6|MATR_b4c28|MATR_b4c13|MATR_b2c1|MATR_b2c14|MATR_b1c9|MATR_b3c41|MATR_b2c6|MATR_b2c32|MATR_b4c28,423|179|131|192|1239|380|137|447|668|86|194|511|604|246|159|436,0.5|0.25|0.75|0.25|0|0|0|0.5|0|0|0.25|0.75|0.25|0.5|0.5|0.75,10,127,84,128,0.5888787181818181,0.979394909090909,-4.583395957946777,0.7371715903282166,-0.59716796875,-0.139892578125,0.7609358429908752,1.076130747795105,0.5706583857536316,0.8030783534049988,0.5289132595062256,0.817776620388031,0.325439453125,65.5927734375,176.0,0.0001,,132.38654792890884,
89,1.7702571153640747,1.7634010314941406,0.3851703107357025,0.0178,5.3075175285339355,False,1024.0,1024.0,16,MATR_b3c40|MATR_b2c20|MATR_b2c47|MATR_b4c24|MATR_b3c10|MATR_b2c45|MATR_b4c4|MATR_b2c25|MATR_b2c5|MATR_b3c27|MATR_b3c25|MATR_b4c33|MATR_b1c28|MATR_b4c35|MATR_b1c29|MATR_b1c1,385|108|473|688|633|357|508|278|218|558|787|309|294|506|612|656,1|0.75|1|0.5|0.25|0|0|0.5|0|0|0.5|0|0.5|1|1|0.25,9,126,128,128,0.22817332727272724,0.9870321818181816,-9.497807502746582,0.8412252068519592,-0.82763671875,-0.1065673828125,0.7409389615058899,1.156523585319519,0.5712948441505432,0.8057071566581726,0.4818429946899414,0.8232390284538269,0.450439453125,65.5927734375,176.0,0.0001,,134.03262641304173,
90,1.1638567447662354,1.161367416381836,0.13829925656318665,0.018,0.9944317936897278,False,1024.0,1024.0,16,MATR_b3c5|MATR_b2c47|MATR_b2c2|MATR_b2c47|MATR_b3c27|MATR_b3c11|MATR_b2c31|MATR_b3c28|MATR_b1c31|MATR_b2c31|MATR_b2c44|MATR_b1c0|MATR_b3c10|MATR_b2c44|MATR_b3c8|MATR_b2c14,501|162|184|418|473|552|213|298|318|235|336|471|681|349|375|299,0.25|0.5|0.75|0.25|0|0.5|1|0.25|1|0.5|0.5|1|0.25|0.5|0.25|0.5,14,127,128,128,0.750131609090909,0.9852095454545453,-2.3864142894744873,0.8163927793502808,-0.86865234375,-0.11627197265625,0.7616508603096008,1.1706188917160034,0.5675898194313049,0.8076656460762024,0.5376799702644348,0.8197540640830994,0.496337890625,65.5927734375,176.0,0.0001,,135.415110074915,
91,1.1210224628448486,1.1182632446289062,0.15160351991653442,0.0182,1.7375365495681763,False,1024.0,1024.0,16,MATR_b4c8|MATR_b4c35|MATR_b2c34|MATR_b2c42|MATR_b3c0|MATR_b3c25|MATR_b2c2|MATR_b3c22|MATR_b3c13|MATR_b2c0|MATR_b3c19|MATR_b3c38|MATR_b2c13|MATR_b3c16|MATR_b1c38|MATR_b3c35,283|725|337|182|618|627|99|700|284|211|710|446|303|363|332|371,1|1|0|0.25|0.25|0.75|0|0.25|0.75|0.5|1|0|0.75|0|0.5|0.25,23,112,115,128,0.7154796909090909,0.9784156363636362,-2.858527421951294,0.7238295078277588,-0.8349609375,-0.1240234375,0.7598317265510559,1.1871771812438965,0.5669564604759216,0.8121342062950134,0.5306177139282227,0.8281752467155457,0.4501953125,65.5908203125,176.0,0.0001,,137.09463813202456,
92,1.4203375577926636,1.4154160022735596,0.26747646927833557,0.0184,2.3606812953948975,False,1024.0,1024.0,16,MATR_b1c39|MATR_b4c23|MATR_b1c1|MATR_b2c43|MATR_b1c26|MATR_b4c14|MATR_b1c40|MATR_b2c42|MATR_b3c16|MATR_b3c8|MATR_b4c22|MATR_b2c46|MATR_b1c28|MATR_b1c24|MATR_b2c42|MATR_b4c16,479|533|819|192|304|424|550|122|1150|552|201|232|241|742|116|577,0.25|0.5|0.25|0.75|0|0.25|0|0.75|1|0.5|1|0.75|0|1|0.5|0.5,10,128,128,128,0.4507227909090909,0.9834277272727272,-6.465693950653076,0.7921164631843567,-0.61083984375,-0.0611572265625,0.7247373461723328,1.0004960298538208,0.5720379948616028,0.8135594725608826,0.5123907923698425,0.8199587464332581,0.496826171875,65.5927734375,176.0,0.0001,,138.77772740693763,
93,1.2196979522705078,1.2157621383666992,0.21160012483596802,0.0186,0.6271399259567261,False,1024.0,1024.0,16,MATR_b1c15|MATR_b3c38|MATR_b4c38|MATR_b3c21|MATR_b2c45|MATR_b1c24|MATR_b3c41|MATR_b4c22|MATR_b1c20|MATR_b1c36|MATR_b2c13|MATR_b1c44|MATR_b2c11|MATR_b2c25|MATR_b4c25|MATR_b1c15,410|1371|554|377|380|460|257|513|297|312|308|371|187|248|138|258,1|0|0.5|0|0.75|0.25|0.5|1|0.75|0|0|0.75|1|0|0.5|0.25,18,127,128,128,0.4820561909090908,0.9709156363636363,-6.038793563842773,0.6216461658477783,-0.76171875,-0.1334228515625,0.7664723992347717,1.1164252758026123,0.5695988535881042,0.8143065571784973,0.5295143723487854,0.8254991173744202,0.450439453125,65.5927734375,176.0,0.0001,,140.18864427902736,
94,1.6803058385849,1.6702831983566284,0.5331212282180786,0.0188,4.884058475494385,False,1024.0,1024.0,16,MATR_b2c25|MATR_b3c35|MATR_b4c41|MATR_b1c29|MATR_b2c44|MATR_b3c39|MATR_b1c17|MATR_b3c28|MATR_b2c44|MATR_b2c23|MATR_b2c13|MATR_b2c43|MATR_b2c42|MATR_b4c13|MATR_b4c41|MATR_b1c33,382|684|516|322|186|353|175|422|119|230|326|298|113|611|786|438,0.25|0.5|0.75|0.75|0.25|0.75|0|1|1|0|0.75|0.25|0|1|0.75|0.5,10,110,105,128,0.3939060727272727,0.9836419090909091,-7.239790439605713,0.7950345873832703,-0.919921875,-0.12335205078125,0.7581775784492493,1.1756746768951416,0.5549190044403076,0.8214611411094666,0.48408377170562744,0.8352007865905762,0.528076171875,65.5908203125,176.0,0.0001,,141.49773135199212,
95,2.070673942565918,2.0569393634796143,0.7228716611862183,0.019,7.251590251922607,False,1024.0,1024.0,16,MATR_b4c26|MATR_b4c5|MATR_b1c31|MATR_b4c28|MATR_b4c4|MATR_b4c0|MATR_b4c14|MATR_b3c27|MATR_b3c38|MATR_b4c2|MATR_b2c32|MATR_b3c16|MATR_b2c26|MATR_b3c41|MATR_b1c39|MATR_b1c9,347|707|616|276|484|376|215|245|1270|550|156|631|387|490|461|403,0|0.75|0|0.5|0.5|0.75|0.25|0.75|0.5|1|0.75|0|0.25|0.5|0.25|0,15,122,111,128,0.22817332727272724,0.979749818181818,-9.497807502746582,0.7420070171356201,-1.01171875,-0.10577392578125,0.7456081509590149,1.2059074640274048,0.5688580274581909,0.821256160736084,0.47378790378570557,0.848249614238739,0.4189453125,65.5927734375,176.0,0.0001,,143.2142620428931,
96,1.4447846412658691,1.4394255876541138,0.27911484241485596,0.0192,1.7121461629867554,False,1024.0,1024.0,16,MATR_b3c34|MATR_b1c15|MATR_b1c45|MATR_b4c14|MATR_b1c45|MATR_b3c35|MATR_b3c13|MATR_b1c9|MATR_b1c17|MATR_b3c10|MATR_b4c39|MATR_b2c20|MATR_b2c4|MATR_b4c38|MATR_b4c44|MATR_b1c20,663|299|282|435|449|479|317|354|414|426|313|295|345|834|593|413,0.75|0.25|0.75|1|0.25|0.75|0.75|1|0|1|0.75|0.75|0|0.5|0|1,11,126,120,128,0.4507227909090909,0.9804195454545453,-6.465693950653076,0.7511316537857056,-0.96826171875,-0.1357421875,0.7511342167854309,1.1475101709365845,0.5665345191955566,0.8234443068504333,0.5223355889320374,0.8375511169433594,0.590576171875,65.5927734375,176.0,0.0001,,144.72928786394186,
97,1.236260175704956,1.2301386594772339,0.3155393600463867,0.0194,1.4139890670776367,False,1024.0,1024.0,16,MATR_b4c23|MATR_b3c22|MATR_b1c36|MATR_b2c5|MATR_b3c5|MATR_b2c45|MATR_b1c39|MATR_b4c37|MATR_b3c21|MATR_b3c39|MATR_b1c17|MATR_b2c18|MATR_b3c16|MATR_b2c47|MATR_b4c22|MATR_b2c45,819|670|491|228|466|354|280|542|443|400|634|129|611|208|564|260,1|1|0|0.5|0.25|0|1|0.5|1|0.25|0|0|1|0.25|0.25|0.5,13,128,128,128,0.5425964181818181,0.9764488181818181,-5.2139668464660645,0.6970326900482178,-1.025390625,-0.2034912109375,0.7595720887184143,1.1642311811447144,0.5676953792572021,0.8259790539741516,0.5238249897956848,0.8352007865905762,0.4658203125,65.5927734375,176.0,0.0001,,146.24257512995973,
98,1.9121801853179932,1.8987493515014648,0.6852463483810425,0.0196,6.0529680252075195,False,1024.0,1024.0,16,MATR_b2c23|MATR_b3c26|MATR_b2c2|MATR_b2c11|MATR_b1c40|MATR_b4c26|MATR_b4c26|MATR_b4c31|MATR_b1c29|MATR_b4c40|MATR_b1c31|MATR_b4c28|MATR_b3c13|MATR_b2c14|MATR_b4c44|MATR_b4c22,312|390|287|181|493|278|322|217|491|638|360|307|267|278|431|439,0.75|0|0.25|1|0.75|0|0|0.75|1|0.5|0.25|0.25|0.5|1|1|0.5,12,118,128,128,0.23376573636363635,0.9838051818181817,-9.421613693237305,0.7972590923309326,-0.8955078125,-0.198486328125,0.7698072791099548,1.1953316926956177,0.5672730803489685,0.8288623094558716,0.4814702868461609,0.8371360898017883,0.528076171875,65.591796875,176.0,0.0001,,147.6529429878574,
99,1.2499077320098877,1.2456154823303223,0.21678069233894348,0.0198,0.6045190691947937,False,1024.0,1024.0,16,MATR_b1c15|MATR_b4c20|MATR_b2c14|MATR_b1c0|MATR_b4c35|MATR_b3c12|MATR_b1c41|MATR_b2c0|MATR_b2c6|MATR_b1c28|MATR_b2c43|MATR_b4c33|MATR_b1c16|MATR_b4c13|MATR_b4c2|MATR_b4c19,214|291|262|1474|595|743|704|74|311|510|176|246|625|493|325|230,1|0.25|0.5|0.75|1|0.75|1|0.25|1|0.75|0.5|0|0|0|0|1,9,127,128,128,0.5839974272727272,0.9750560909090908,-4.649900913238525,0.6780575513839722,-1.083984375,-0.1961669921875,0.784966230392456,1.2278932332992554,0.5643231868743896,0.831476628780365,0.5262148380279541,0.8467159867286682,0.5439453125,65.5927734375,176.0,0.0001,,149.19385868194513,
100,1.3594032526016235,1.3523162603378296,0.35435134172439575,0.02,1.0857034921646118,False,1024.0,1024.0,16,MATR_b3c34|MATR_b4c43|MATR_b2c6|MATR_b3c19|MATR_b1c32|MATR_b3c44|MATR_b4c8|MATR_b1c45|MATR_b1c9|MATR_b2c26|MATR_b1c15|MATR_b4c13|MATR_b1c40|MATR_b3c44|MATR_b4c24|MATR_b4c22,401|258|148|592|286|698|554|214|606|124|216|333|484|201|239|493,0|0|1|1|0.25|0.75|0.25|0.75|1|0.75|0.5|0.25|0.25|0.75|0.5|0,9,83,128,128,0.4127323363636364,0.9812781818181818,-6.983293056488037,0.7628301382064819,-0.95166015625,-0.145751953125,0.7468266487121582,1.1622178554534912,0.5667454600334167,0.8343722820281982,0.5185768008232117,0.8456016778945923,0.496826171875,65.58740234375,176.0,0.0001,0.06515614991582958,150.74048075894825,MATR_b1c11:0.04707177|MATR_b1c21:0.03755623|MATR_b1c25:0.04733267|MATR_b1c27:0.04777535|MATR_b1c3:0.04898007|MATR_b1c37:0.04812556|MATR_b1c4:0.04376135|MATR_b2c12:0.0501059|MATR_b2c21:0.05979852|MATR_b2c30:0.05848828|MATR_b2c37:0.0651644|MATR_b2c40:0.06182255|MATR_b3c15:0.0429599|MATR_b3c18:0.04543194|MATR_b3c20:0.04746843|MATR_b3c29:0.04346692|MATR_b3c3:0.0468143|MATR_b3c30:0.04682715|MATR_b3c45:0.04315682|MATR_b3c7:0.04382377|MATR_b3c9:0.04783106|MATR_b4c10:0.184935|MATR_b4c12:0.08330934|MATR_b4c18:0.1148107|MATR_b4c29:0.07095329|MATR_b4c36:0.1568011|MATR_b4c9:0.1246437
