dataset,normalized_life,mean,q10,q25,median,q75,q90,num_cells
HUST,0.0,1.094029620916962,1.078703491414141,1.0839854949494931,1.0920200429292917,1.0993881666666683,1.111441821717172,77
HUST,0.005,1.095562942525416,1.0784131636414123,1.0847793797979763,1.0947479681565673,1.104835226262626,1.1117883228181833,77
HUST,0.01,1.0968027202508852,1.0775565065454547,1.084752734545452,1.098940298989897,1.1065438454545462,1.1141751603737373,77
HUST,0.015,1.0968099324168628,1.0766261759469706,1.0838567098989873,1.0987471184722197,1.1069540928030281,1.1146879751666672,77
HUST,0.02,1.0963730391650253,1.0753550005050487,1.0820098173737365,1.0994844990404011,1.1070576446969693,1.1140659896363645,77
HUST,0.025,1.0957234686671902,1.0744212231818158,1.081400695202019,1.0983127455808075,1.106960411616162,1.1131950566666655,77
HUST,0.03,1.0948474195680826,1.074023260989896,1.0806596300505038,1.097614997272723,1.1064538601010092,1.1122585196919177,77
HUST,0.035,1.0938576225393533,1.073054696287875,1.0799357529292912,1.096695603762627,1.1058539873737359,1.1115056688863627,77
HUST,0.04,1.0929099072425543,1.0722336802222188,1.0791874955555534,1.095612586464645,1.1047333984848466,1.1099639694545433,77
HUST,0.045,1.092006966414304,1.0716672443636355,1.0786230965404016,1.0950053126767723,1.1039248134090904,1.1092143230075755,77
HUST,0.05,1.0910079840892684,1.070795810808078,1.0783138138888875,1.0936801843434336,1.102790524368692,1.1079849523737364,77
HUST,0.055,1.0901563804566758,1.0698898548838365,1.077520181186867,1.092836974734847,1.1016791466287916,1.1072329397171703,77
HUST,0.06,1.0892015750675572,1.0692809152121188,1.076937125858585,1.092211673636368,1.1009614305555582,1.1058346080303032,77
HUST,0.065,1.088397321360192,1.068704702090907,1.0764458846717164,1.09116177565657,1.099905480946972,1.1052346186792912,77
HUST,0.07,1.0876166990505693,1.0678744954595945,1.0752024583838369,1.0906460278282815,1.0989081477525273,1.1040904239797993,77
HUST,0.075,1.086883055937622,1.0677158483585838,1.0752742834595945,1.0892973154040382,1.0978067493686896,1.1033417757575767,77
HUST,0.08,1.086069065792994,1.0669575334343417,1.074757006262625,1.088758606464645,1.0972040617171706,1.1026026713333326,77
HUST,0.085,1.085396034922765,1.0665520971060587,1.0741985575757562,1.0879443091035386,1.0962572198989917,1.101803130181817,77
HUST,0.09,1.0846612579689743,1.0658809412525236,1.0736797878787874,1.0873338696212083,1.095560063737372,1.100675383707069,77
HUST,0.095,1.0840451427997495,1.0654075254545432,1.073686043181819,1.0864720953030247,1.0946045637373758,1.100136564989897,77
HUST,0.1,1.0833343789321772,1.0649176483838363,1.0731669484848456,1.0853644876262571,1.0935476032828306,1.0995040120201998,77
HUST,0.105,1.0827451149676954,1.0643802922929275,1.0725934639015113,1.0846925772727298,1.0929854049242445,1.0988571648838366,77
HUST,0.11,1.082123588934146,1.0640111874393927,1.0720573822474715,1.0841139565909066,1.0923244260858602,1.0979154954949482,77
HUST,0.115,1.081440876907877,1.0633538586313114,1.07149544698232,1.0837972444444435,1.0912319100631334,1.0971927813737359,77
HUST,0.12,1.0808103512396683,1.0629379656969677,1.0709312480808035,1.0824673385858607,1.0906864394949523,1.0965847135555529,77
HUST,0.125,1.0802649891610903,1.0625920477272701,1.0703729905302992,1.0824807020202047,1.09004609848485,1.0962222291666657,77
HUST,0.13,1.0796801204988187,1.0618038854898983,1.06989288363636,1.0815158914141432,1.0889781681818198,1.0955058420101007,77
HUST,0.135,1.078952796016495,1.0617660062727257,1.0698192395454507,1.0804222481060615,1.088554418308079,1.094887807969697,77
HUST,0.14,1.0783596560402724,1.0613656087878787,1.069277844292926,1.079857727272729,1.0877903840404033,1.0937081291717161,77
HUST,0.145,1.077698726548766,1.0607910259722215,1.0682203377272754,1.0787891546717172,1.0870104148232291,1.0930798147777774,77
HUST,0.15,1.0771136945805448,1.0601749521969717,1.06822597979798,1.0781888345959612,1.0862843760100966,1.0924905378787875,77
HUST,0.155,1.076471527435228,1.0596475959494949,1.0671463256313127,1.077680219065657,1.0859610338888868,1.0915967394292916,77
HUST,0.16,1.0759417289689088,1.059394449050504,1.0666379843434342,1.0771113484848494,1.0850536356565654,1.0913336409494956,77
HUST,0.165,1.0753188718747528,1.0590592013156561,1.066374252525253,1.0765256496212132,1.084136981515154,1.0900461299898978,77
HUST,0.17,1.0747844738301842,1.0586304137323208,1.0657212171717179,1.0754673459595956,1.0835929473737396,1.089503312424242,77
HUST,0.17500000000000002,1.0740805104035478,1.0582958001893927,1.0651106449494963,1.0748860340909097,1.0827988633838395,1.0889024129292917,77
HUST,0.18,1.0734472822471453,1.0579028098484835,1.0645269249494977,1.0743425303030307,1.0819265085858538,1.0879277902828266,77
HUST,0.185,1.0728535932021506,1.057391319323232,1.063933946363639,1.073513301805555,1.0812815774242381,1.0873830830303028,77
HUST,0.19,1.0722500701288855,1.0569639394191899,1.0629288416161622,1.0729377160858578,1.0806534704040427,1.086890418878787,77
HUST,0.195,1.0715655983580927,1.0569078292171699,1.0625057790909087,1.0721701041666643,1.079693451010096,1.0859292116691899,77
HUST,0.2,1.0710416030171839,1.0563315411111107,1.0619531398989865,1.0717374914141395,1.079014367171719,1.085412700606061,77
HUST,0.20500000000000002,1.0704356726290483,1.0560945837828255,1.0613281151515122,1.071042575126261,1.0786722396212114,1.0848030749292927,77
HUST,0.21,1.069744011180636,1.055509578333332,1.0608090939393937,1.0701636499999987,1.077551690202019,1.0838541351313118,77
HUST,0.215,1.0691824153274618,1.0549219079974743,1.0611554095707028,1.0695565950757544,1.0774809540404011,1.0835156337424245,77
HUST,0.22,1.0684839503535348,1.0544143175050482,1.0597743152525207,1.0689779823737364,1.0763366819191873,1.0827690902424252,77
HUST,0.225,1.0679634792970274,1.0541890916792904,1.0594762473484827,1.0683511761363547,1.0757057842803,1.081771072929293,77
HUST,0.23,1.0673331867388156,1.0535389497525236,1.0582596721969697,1.0676615729292918,1.0752036486868697,1.081279984909089,77
HUST,0.23500000000000001,1.066658677196477,1.0530895211590885,1.0577014876893944,1.0667904388636327,1.0743358423232312,1.0804815032121218,77
HUST,0.24,1.066082480827757,1.0524842996161585,1.0579251069696964,1.0662019203030295,1.0734319742424212,1.0799400989898993,77
HUST,0.245,1.0654559190782817,1.0519935242550487,1.0574871227272642,1.0653644061616139,1.0731486342424215,1.0792918667929292,77
HUST,0.25,1.0648295289420162,1.0513321333333325,1.0566355050505067,1.0645956470959588,1.0719878484848473,1.078911862626261,77
HUST,0.255,1.064223086265741,1.0509391954292915,1.0563753840656598,1.0637141413888869,1.0713633760100967,1.0781726152878808,77
HUST,0.26,1.063489812947657,1.0500809486969689,1.0554917932828285,1.0630925803030282,1.070719732828283,1.0773357740404053,77
HUST,0.265,1.0629123646917216,1.0500620357171704,1.0549242650631314,1.0623983356565643,1.0705351305050526,1.0768467715858614,77
HUST,0.27,1.0622261680076728,1.0494633094040395,1.0543736959090915,1.0615041887878771,1.0692359129797984,1.0759565081212132,77
HUST,0.275,1.0616017922537047,1.0493817386616164,1.0538628715909097,1.060392582828281,1.0684582296085878,1.0754657449494969,77
HUST,0.28,1.0608909665525375,1.0484749894343424,1.0534254744444442,1.0598323085858565,1.0679035605050526,1.0743869814949523,77
HUST,0.28500000000000003,1.0602594503545182,1.0481157729747457,1.053078617487369,1.058945377436865,1.0676184227399015,1.0736994685202024,77
HUST,0.29,1.059587545087563,1.0474234946161587,1.0521502583333338,1.0587182653535336,1.0665402412373755,1.0729270509292956,77
HUST,0.295,1.0588962358676035,1.0468669636919175,1.0515978968434299,1.0575980835606045,1.0661546390909067,1.0725848906161635,77
HUST,0.3,1.0582969791453487,1.0462895343434324,1.0507651755050458,1.056501867676766,1.0654150025252533,1.071641559292932,77
HUST,0.305,1.0575653722974867,1.0453013663838364,1.0500433662878745,1.0561778303030327,1.0643726183964672,1.0707804749494965,77
HUST,0.31,1.05684967504624,1.0446869232424223,1.0492245475505053,1.0549651494949517,1.0639374639898975,1.070165782101012,77
HUST,0.315,1.0562082934130255,1.0440563048080769,1.04878959008838,1.0543196953282816,1.063055898611108,1.0695498883333345,77
HUST,0.32,1.0555092615072796,1.043148283212117,1.0479942163636369,1.0533307227272746,1.062530878989897,1.0687844157373743,77
HUST,0.325,1.0547996776416755,1.0424139558585834,1.0476863630050466,1.053006876262628,1.0619477903409067,1.0680513737878796,77
HUST,0.33,1.0540793280526033,1.04183231692929,1.0470148691666672,1.0524487681818204,1.0613238943939374,1.0673207478787892,77
HUST,0.335,1.0533349940631966,1.041014142949494,1.0459806055050498,1.0506378595959622,1.0603673477525235,1.0663425477676776,77
HUST,0.34,1.0526689670254485,1.0405127765656552,1.0453494133333334,1.049895417272726,1.0599213140404036,1.0659833165252535,77
HUST,0.34500000000000003,1.0518900501177348,1.0395929401111101,1.044759493876259,1.048995036830806,1.0589811837878786,1.0649083973232327,77
HUST,0.35000000000000003,1.0511444041141935,1.0388242804040395,1.0442097892676732,1.0485583914141443,1.0581726688131292,1.0640460652525265,77
HUST,0.355,1.0503870189436562,1.0383376254015129,1.0436429566414103,1.047343136060605,1.0572913395833334,1.0630675035858603,77
HUST,0.36,1.0496332489466078,1.0379816870101022,1.042525072929289,1.046780683030301,1.0565246658585883,1.0624031414545476,77
HUST,0.365,1.0488339871730281,1.0369516737676738,1.0418485753030327,1.0462336431313124,1.0559981314141433,1.0614205115252537,77
HUST,0.37,1.0480876934317191,1.0365437921616145,1.040866906792926,1.0456754050252517,1.054865226818184,1.0607614205656584,77
HUST,0.375,1.0473356387249102,1.0355629395201982,1.040702809974746,1.0445690684974736,1.054329269255053,1.059945451515153,77
HUST,0.38,1.0464997041899504,1.034890321383835,1.0396597006565667,1.0444773494949482,1.0533774246464624,1.0591368244242425,77
HUST,0.385,1.0457478756936238,1.0339650167297945,1.0390964285353521,1.043445869810605,1.0523701982449505,1.0583308042095976,77
HUST,0.39,1.044898851185556,1.0333403683535327,1.038418560353537,1.0428460704292923,1.0518329789899,1.0573441297020219,77
HUST,0.395,1.0439710587696769,1.0326852103838353,1.0374917004040383,1.0417311175631292,1.0506427520201997,1.056425951671719,77
HUST,0.4,1.0431409674668755,1.0320357143434333,1.036511727777776,1.0412335944444433,1.0500433116161596,1.0556769765656584,77
HUST,0.405,1.042321942239111,1.0315068708333313,1.0353390555176754,1.040114504583332,1.0484771647979825,1.055084978974748,77
HUST,0.41000000000000003,1.0414917840768063,1.0307687693333303,1.034701519191921,1.0395146990404016,1.048439471060606,1.0540861244040434,77
HUST,0.41500000000000004,1.0406006381964117,1.0298298985606074,1.0336958560732308,1.038460989709595,1.047294321111112,1.053095197651517,77
HUST,0.42,1.0397609618529442,1.0290388485858557,1.0330417173737396,1.037888270656564,1.0465550863636348,1.0521153716969713,77
HUST,0.425,1.0388110646751598,1.0284045799242412,1.0319554525252517,1.0369013885100966,1.0455931929292919,1.0509687523737359,77
HUST,0.43,1.0379640370684111,1.02750927691919,1.0314078173737369,1.0362296521212093,1.0448636631565638,1.0501968896464644,77
HUST,0.435,1.0370495513154263,1.0266600640151493,1.0302120777398935,1.0354320615909107,1.0437929910606047,1.0493527761010126,77
HUST,0.44,1.0360612817670203,1.0256405075757575,1.0288811391919161,1.03454502989899,1.0429582736363658,1.0482122004040422,77
HUST,0.445,1.0351676134955066,1.0249951696212125,1.028410806262625,1.0336485462121199,1.0420484310858558,1.04755710191919,77
HUST,0.45,1.034234360422405,1.0239907608585859,1.0273118696969685,1.0327292813131332,1.0411006674242418,1.0465680606565664,77
HUST,0.455,1.0332559904889802,1.0229471102525252,1.0263318650757516,1.031809702297978,1.0399272253282825,1.0458069822373748,77
HUST,0.46,1.0322481246963129,1.022116855303032,1.0252851915151484,1.03102935050505,1.0388590932323223,1.044575767292932,77
HUST,0.465,1.0312752775836278,1.021232117282827,1.0241938274494915,1.030115628055554,1.0381182963005036,1.0434679773484856,77
HUST,0.47000000000000003,1.030339125307621,1.020364688737373,1.0235446662373677,1.0292528031060622,1.037200216464644,1.0426359320050511,77
HUST,0.47500000000000003,1.02929136198839,1.018785764848484,1.0224286474747415,1.028393071464642,1.0354984630050506,1.0415093223737382,77
HUST,0.48,1.0282896045572598,1.0176755280202012,1.0212948431313067,1.0276812911111102,1.034381928383837,1.0404850156363643,77
HUST,0.485,1.0272014459320473,1.0165451559671728,1.0202243905808064,1.0267203310606043,1.0332675951010089,1.0393395444040412,77
HUST,0.49,1.026190476792273,1.015596760636364,1.0192282595959592,1.0256508333838366,1.0322228511616154,1.038597002919193,77
HUST,0.495,1.0251739333349723,1.0140637322727286,1.0185501374999943,1.0248619022222203,1.0313381636363612,1.037117856121213,77
HUST,0.5,1.0241119446904101,1.01316556969697,1.0175352702020193,1.02342372222222,1.0303422222222198,1.0360138146464646,77
HUST,0.505,1.0230751278928893,1.0121839272272712,1.0163462555176719,1.0225972227020164,1.0292220338383813,1.0348964473030309,77
HUST,0.51,1.0219212517076601,1.0110386361010089,1.0153691544444425,1.0214844584595975,1.0277901323232297,1.0337589284899003,77
HUST,0.515,1.020809958223795,1.00968186134091,1.0141171098863577,1.0204661519949476,1.027174967171715,1.0326392832651523,77
HUST,0.52,1.0197663205680172,1.008495189878789,1.0132801313131348,1.0193379498989927,1.0258927938383833,1.0315749467272728,77
HUST,0.525,1.0186354481101598,1.0073473867424256,1.0118922308080753,1.0182230449494976,1.025888641414139,1.0302941458585868,77
HUST,0.53,1.0174352802039874,1.0058708358636381,1.0107775881313077,1.0173251661616145,1.024237889949493,1.0290961235353537,77
HUST,0.535,1.0162030210233821,1.0046145330151517,1.0095887304797952,1.0162303662626249,1.0228826688636348,1.027885030050506,77
HUST,0.54,1.0150242571061254,1.0031828154343434,1.0086720216161607,1.0149105803030294,1.0213627085353563,1.026561344808081,77
HUST,0.545,1.0138120398512718,1.0018896949318188,1.0075534455808077,1.0138318525252548,1.020396146300504,1.0250343610757588,77
HUST,0.55,1.012710775446018,1.0004494623484856,1.0063000118686807,1.012886865656564,1.0192349924242399,1.0240249418686878,77
HUST,0.555,1.0114394848235597,0.9992482791919198,1.005194941300499,1.0116128323232345,1.0181232892045429,1.0227075126313139,77
HUST,0.56,1.010233017423586,0.9977758030505052,1.0038552166666699,1.010442035656568,1.0170563337373726,1.0213620910909098,77
HUST,0.5650000000000001,1.0089313987613135,0.9968052233383842,1.0024936037373755,1.0094252095959626,1.01576856443182,1.0201798594545446,77
HUST,0.5700000000000001,1.0076601451046165,0.9951642083232329,1.0013798282828301,1.0082933632323254,1.0142447854292909,1.018711799999999,77
HUST,0.5750000000000001,1.0064190147087755,0.9941379797727278,1.0001398210858516,1.007026604040405,1.0133943676767663,1.0175313326262592,77
HUST,0.58,1.0050690313091948,0.9927968443636371,0.9987124171212122,1.0058953412626275,1.012002913686871,1.016052628727273,77
HUST,0.585,1.00380962031418,0.9913851892222235,0.9975746477020205,1.00485966992424,1.0104824301136348,1.0145097957651508,77
HUST,0.59,1.0023802937668893,0.9900356234343447,0.9959877103282833,1.00331255078283,1.0089343320706996,1.0132966782878774,77
HUST,0.595,1.0010555422991274,0.9888397475050487,0.9948678478661616,1.0018454746969725,1.0079643984722202,1.0120391617474753,77
HUST,0.6,0.999626081214744,0.9871842657575739,0.9931975651515157,1.000675320707069,1.0065746641414135,1.010716774040402,77
HUST,0.605,0.9982981704046953,0.9859718712929275,0.9921008923863636,0.9991003602398985,1.0056748992045434,1.0093936355050495,77
HUST,0.61,0.9968166049183386,0.9842627643333315,0.9907965089393892,0.9979629693434331,1.0038562596717158,1.007912739272728,77
HUST,0.615,0.9953194806147505,0.9832459265303014,0.9888873321464654,0.9965592443181811,1.0022900162626247,1.0062629923434345,77
HUST,0.62,0.9938888659123699,0.9815233678989885,0.9876152085353539,0.9955049497474735,1.0010728772727226,1.0048409586868683,77
HUST,0.625,0.9923528259912432,0.9796219203282815,0.9859449592803032,0.9935746751893927,0.999635630997473,1.0038144409090903,77
HUST,0.63,0.9908399824734347,0.978571095777776,0.9842892427272728,0.9927503290404027,0.9980315176767618,1.0018216138686866,77
HUST,0.635,0.9892690813182141,0.9764505276414127,0.9828818588636311,0.9908721419191907,0.9962147146464582,1.000346161323232,77
HUST,0.64,0.987691829783549,0.9751288557373721,0.9813220889898938,0.9893016127272711,0.9945864494949446,0.9988569505454558,77
HUST,0.645,0.9861377905904819,0.9734149544090896,0.9792014342424187,0.9874740868939378,0.9934650813888889,0.9974052432373735,77
HUST,0.65,0.9845167466761768,0.9717508123737362,0.9776335323232338,0.9860720808080808,0.9915863728535356,0.9959407515909091,77
HUST,0.655,0.9828526919200116,0.9704651627929277,0.9762639414141422,0.9843653995328263,0.9900349292045435,0.9946635740025267,77
HUST,0.66,0.9811342026971,0.9684962369494934,0.9748689966666675,0.9827996464646457,0.9882714681818168,0.9930680175757588,77
HUST,0.665,0.9794980906988712,0.9667863974797963,0.9731967333080812,0.981471894444444,0.9866427146590897,0.9913775467727274,77
HUST,0.67,0.9777656118296589,0.9649772935555537,0.9718491653535355,0.9790918004040393,0.9850942146969689,0.9895833243080786,77
HUST,0.675,0.975967565920569,0.9630136775000012,0.9698347768308083,0.9778182744949477,0.9833568545454567,0.9875923186111111,77
HUST,0.68,0.9742558002807287,0.9612885736565644,0.9684289541414142,0.9758537653535324,0.9807624428282807,0.9860614628080797,77
HUST,0.685,0.9724143480635897,0.95929892059596,0.9664903381565654,0.9743246535353507,0.9790886683207057,0.9843524167626264,77
HUST,0.6900000000000001,0.9706201543552397,0.957643482727273,0.9642857231818185,0.972166128030303,0.9773740334848455,0.9827200533787888,77
HUST,0.6950000000000001,0.968776261256886,0.9556982476212126,0.9626304214520205,0.970536586590908,0.9754585132701987,0.980871598156567,77
HUST,0.7000000000000001,0.9668662967598053,0.9535774133333339,0.9607945770202013,0.9683107636363627,0.9734164863636335,0.979403476767676,77
HUST,0.705,0.9649417681204897,0.9513654867878791,0.9587204162626257,0.9665883066161609,0.9717122066540401,0.9776351030681827,77
HUST,0.71,0.9629758664967848,0.9496576414848503,0.956937634646465,0.9644656326767672,0.969574677020199,0.975658201848486,77
HUST,0.715,0.961047910866784,0.9474128796969712,0.9548497722979802,0.9628915856565646,0.9679568948106025,0.9738585782272737,77
HUST,0.72,0.9590498458389074,0.9457880790101019,0.9526040319191931,0.9605546858585844,0.9652179417171709,0.9718341898787874,77
HUST,0.725,0.9569230220607037,0.943677746464647,0.9502757051767684,0.958886507449494,0.9628275728535348,0.969719251994949,77
HUST,0.73,0.954896134258821,0.9415827811010116,0.948546454949495,0.9565607573232331,0.960802535858585,0.9679917830707067,77
HUST,0.735,0.9528587246889337,0.9395428343131326,0.9462181012626248,0.9539417272727291,0.9585817337878776,0.9661651482727265,77
HUST,0.74,0.9507268476898848,0.9375078796161623,0.9439296967171644,0.9522518062626275,0.9564052744949487,0.9644084342424235,77
HUST,0.745,0.9486224165217096,0.9352924308888896,0.9416834743686884,0.949766164242422,0.9551317070454517,0.9621957364797976,77
HUST,0.75,0.9463546184327031,0.9333768512626255,0.9395426294191926,0.9468821571969702,0.9519060827020218,0.9597975265151499,77
HUST,0.755,0.94420597493572,0.9311708175252527,0.9377162639520208,0.9447986518686875,0.9502508592045439,0.9574920749090897,77
HUST,0.76,0.9419974039433285,0.9289556170100974,0.9358079146464634,0.9425814506060612,0.9477540283838397,0.9553585927272715,77
HUST,0.765,0.9396987260902853,0.9267793208383803,0.9327671591540411,0.9403696685353535,0.9454212645707087,0.9535227711616154,77
HUST,0.77,0.937477502418666,0.9245564775302987,0.9309663716161604,0.93837277381313,0.9438256367424216,0.9512176485959591,77
HUST,0.775,0.9351981631559089,0.9221112451767649,0.9282601464646496,0.9353713213383837,0.9412495206439369,0.949022745075757,77
HUST,0.78,0.9329345275751006,0.9197198277373714,0.9260389846464677,0.9330995044949495,0.9389053418686886,0.9469440413131305,77
HUST,0.785,0.9304870690763143,0.9170138557929278,0.9238514733333363,0.9310876579292926,0.9363175670454511,0.9444607929848485,77
HUST,0.79,0.9281812583936764,0.9144482053636341,0.9215722935353562,0.9284080535101009,0.9342822966666673,0.9424065744646455,77
HUST,0.795,0.9258341571994281,0.9124880919747448,0.9193959991666694,0.9261381167929277,0.9320618830934357,0.9400593408207063,77
HUST,0.8,0.9234778481240971,0.9103222987878785,0.9171513398989929,0.9235780373737353,0.9298389646464663,0.9378338401010087,77
HUST,0.805,0.9209786477069379,0.9072310355707018,0.9149102043939419,0.921036871994947,0.9272771618055569,0.9354711925303013,77
HUST,0.81,0.9185831770457816,0.9049058233737344,0.912467479898992,0.9187086261363635,0.924916012373737,0.9328346092727269,77
HUST,0.8150000000000001,0.9161176526182269,0.9026338836666645,0.9104648984595985,0.9161297154292904,0.9225934754671731,0.930292100608585,77
HUST,0.8200000000000001,0.9136506724006282,0.9003950254040387,0.9076298159595925,0.9138401654545426,0.9200754980303044,0.9276071879393935,77
HUST,0.8250000000000001,0.9111681839220113,0.8979152243560594,0.9048395021464617,0.9109200292929296,0.917625373674244,0.9247898177777762,77
HUST,0.8300000000000001,0.908674555252852,0.895551924691918,0.9020658156565597,0.9086529964141412,0.9154051111111124,0.9220717378030296,77
HUST,0.835,0.9061711339716965,0.8936254805050485,0.8996550818813103,0.9059524428661614,0.9130289178535368,0.9192633509873729,77
HUST,0.84,0.9036975223101131,0.891146716121212,0.8967901237373678,0.903750936363637,0.9098907030303036,0.9164332241010089,77
HUST,0.845,0.901100431190475,0.8886742236313115,0.8942929791161587,0.90108438314394,0.907225671452019,0.9137435100025247,77
HUST,0.85,0.8984236637363888,0.8863135323232308,0.8914919633838327,0.8988977891414152,0.9048331887626276,0.9107034616919177,77
HUST,0.855,0.8958454368590115,0.8839943045808065,0.8887639010858579,0.8966693739267685,0.9017650207070692,0.9079390834116147,77
HUST,0.86,0.8933171500996973,0.8814880185454537,0.8865744425757566,0.8939302181818181,0.8990342350505037,0.9054661978787872,77
HUST,0.865,0.890654710762986,0.8791431751010083,0.8839647621717177,0.8911679313131254,0.8973535079292883,0.902344550424241,77
HUST,0.87,0.888059684777318,0.8768167175151517,0.8811877301010105,0.8883498414141394,0.8937768428535343,0.8996206432727265,77
HUST,0.875,0.8854147994514947,0.8744521295454528,0.8784040681818188,0.885567247474746,0.8913781941287867,0.8969293166666659,77
HUST,0.88,0.8826719211727659,0.8720561054747463,0.8756986757575737,0.882834212626257,0.8882220707070698,0.8938177090707077,77
HUST,0.885,0.8800515526190468,0.8695545843813115,0.8729171298737355,0.8799749578030297,0.8856395188510087,0.8916681211414147,77
HUST,0.89,0.8773361272756783,0.8671461506818162,0.8701407984595942,0.8774928091666658,0.8826611376010092,0.8886629990707076,77
HUST,0.895,0.8746548516414131,0.8648912931666664,0.8676393413257547,0.8748956554545477,0.8799088796969681,0.884880406737372,77
HUST,0.9,0.8720215187229426,0.8625338930303024,0.865990207070704,0.8724155083333301,0.8771082696969682,0.8826843664646469,77
HUST,0.905,0.869360550232355,0.8601852545757573,0.862884284722221,0.8693101483838397,0.8743495225252476,0.8799593122828285,77
HUST,0.91,0.8666247041446927,0.8575572923535345,0.8603813079545424,0.8666487292929259,0.871614003914143,0.8764640880909087,77
HUST,0.915,0.8638921890649995,0.8551745724949491,0.8575777849747445,0.8638064803030321,0.8682747641919181,0.8734706488333328,77
HUST,0.92,0.8611969572648556,0.8529075526262601,0.8551752576767647,0.8609640122222233,0.8653957902020152,0.8702884638181821,77
HUST,0.925,0.8584436599312925,0.8506959635101012,0.8526478561868661,0.8581403116792934,0.8624509434343421,0.8674233388257575,77
HUST,0.93,0.8557206543007995,0.8484725604292894,0.8501658105050498,0.8552608896969687,0.8595330760606048,0.8644884624444459,77
HUST,0.935,0.8529797235338769,0.8457729494797981,0.847740360101012,0.8524008224242406,0.8571472517171704,0.8615411221237382,77
HUST,0.9400000000000001,0.8502037496110446,0.8434312011313115,0.8451824956565658,0.8498591069696955,0.8538441744444444,0.8586256703535361,77
HUST,0.9450000000000001,0.8474350418499926,0.8408115362626231,0.8427498605555555,0.8469887196969663,0.851078263333332,0.8557078669040409,77
HUST,0.9500000000000001,0.8446664095106903,0.8382373889393908,0.8407158176767671,0.844206262626259,0.847881417171716,0.8521922527525251,77
HUST,0.9550000000000001,0.8419187855981887,0.8357755801919196,0.8380877415151508,0.8414230880681821,0.8447672173737362,0.8500682170909073,77
HUST,0.96,0.8391741406231131,0.8332002029494964,0.8357209027272721,0.8386214129292915,0.8420720353535341,0.8470688422424243,77
HUST,0.965,0.836332514659418,0.8307554484545463,0.8329932898106038,0.83586572323232,0.8393742016666671,0.843591877454544,77
HUST,0.97,0.8336203654191251,0.828614683717173,0.8303332594949498,0.8331699440656566,0.8360256963636361,0.8404953613131293,77
HUST,0.975,0.8307116670487334,0.8259714631818192,0.8279281450757606,0.8299604690656562,0.8329456224116146,0.8365923968686853,77
HUST,0.98,0.8279646275219722,0.8233442247070696,0.8251260396969718,0.8275331466666614,0.8301041839393923,0.8340446792525256,77
HUST,0.985,0.8251360709774684,0.8205956165606038,0.822442204040403,0.8247648113131286,0.827238505176769,0.8305784689090915,77
HUST,0.99,0.8223180536616154,0.8181358307979782,0.8197854825757548,0.8219703684343438,0.8243590916666667,0.8270596321212124,77
HUST,0.995,0.8194795882472439,0.8157404253434319,0.8170131894949468,0.8191759646464606,0.8214600214015153,0.8235746767828279,77
HUST,1.0,0.8167755042962078,0.8128229075757509,0.8142400934343433,0.8167989520202005,0.818444143939393,0.8210441651515141,77
MATR,0.0,0.9688185336202261,0.9526459636363637,0.9613897272727272,0.9709306363636362,0.9768504545454545,0.9815977636363635,169
MATR,0.005,0.9710115905944053,0.954207078181818,0.9633933072727271,0.9730882963636363,0.979282389090909,0.984259091090909,169
MATR,0.01,0.97157029514255,0.954645549090909,0.9639962036363636,0.9734247599999999,0.9796913436363636,0.9848028847272726,169
MATR,0.015,0.9717971105002686,0.9547978563636363,0.9641497604545455,0.9737429781818181,0.980397893181818,0.985343572181818,169
MATR,0.02,0.971919514007531,0.9548846799999999,0.9644808563636362,0.9737958272727272,0.9805229363636363,0.9855056719999999,169
MATR,0.025,0.9721172051640662,0.9550523545454545,0.9639563999999998,0.9740928545454545,0.9810740681818182,0.9858011909090907,169
MATR,0.03,0.972195051796665,0.9550005854545454,0.9641306545454544,0.9741223454545453,0.9810148072727272,0.9860437185454544,169
MATR,0.035,0.9721970364443246,0.9550606843636364,0.9642021022727272,0.9740082981818181,0.9812791872727272,0.9862039169090908,169
MATR,0.04,0.9721527160408818,0.955001485090909,0.9640120836363635,0.9738905454545455,0.9813510763636362,0.9861696305454544,169
MATR,0.045,0.9720787445481435,0.9549766554545454,0.9642852995454545,0.9739575309090909,0.9813850404545453,0.9862642043636363,169
MATR,0.05,0.9720617642280793,0.9547715436363636,0.9642632181818181,0.9737609272727272,0.9813249363636362,0.9861210545454545,169
MATR,0.055,0.9720152716541149,0.9546742164545453,0.9641739545454544,0.9736855386363635,0.9814828422727272,0.9860572021818181,169
MATR,0.06,0.9719732307799888,0.9545965029090908,0.9642356145454545,0.9736930472727271,0.9816862854545454,0.9858686901818181,169
MATR,0.065,0.9718586864685316,0.9545469994545454,0.9640800618181816,0.9736985190909091,0.981493854090909,0.9858205044545454,169
MATR,0.07,0.9717981279558897,0.9544624683636361,0.9639768,0.97349312,0.981190799090909,0.985865,169
MATR,0.075,0.9717025234534699,0.9543194513636363,0.9637625636363636,0.9734331136363635,0.9813428727272726,0.9859975354545454,169
MATR,0.08,0.9715924861108125,0.9542708174545455,0.9636537272727271,0.9733430727272726,0.9815442618181817,0.9856445694545453,169
MATR,0.085,0.9714594172350727,0.9540350723636364,0.9631540472727272,0.9731383999999998,0.981492429090909,0.9855087959090908,169
MATR,0.09,0.9713061331091984,0.9536988559999999,0.9629010645454543,0.9732170436363636,0.9816146872727272,0.9854642169090908,169
MATR,0.095,0.9711857248870358,0.9535797275454545,0.9629523668181819,0.97299335,0.9814437527272727,0.9853205879090908,169
MATR,0.1,0.9710704941366327,0.9533959309090908,0.9629116,0.9727452,0.9813077454545454,0.9852975527272727,169
MATR,0.105,0.970894526863905,0.9533154334545453,0.9626964527272727,0.9724116263636362,0.9809263199999999,0.9852456136363635,169
MATR,0.11,0.9707561285745029,0.9532204010909089,0.9626240581818181,0.9720499381818181,0.9808000618181818,0.9851171021818181,169
MATR,0.115,0.9706013690209787,0.9527528926363636,0.9624673709090907,0.9720161804545454,0.9808124363636364,0.9849833368181817,169
MATR,0.12,0.9704399571597633,0.9523350799999999,0.9621802327272726,0.9719700218181817,0.9804019454545454,0.9851495229090909,169
MATR,0.125,0.9703433195266276,0.952097218181818,0.9621665681818181,0.971242125,0.9805482499999998,0.9850074227272726,169
MATR,0.13,0.970184874475524,0.9517298741818181,0.9621676745454544,0.9715600254545453,0.9802689309090908,0.9850138818181817,169
MATR,0.135,0.9700177519607315,0.9515689370909092,0.9619396109090907,0.9713311027272725,0.9801246454545454,0.9849187667272727,169
MATR,0.14,0.9698402377514791,0.951252541090909,0.9618135963636363,0.9711606254545454,0.9806127672727272,0.9848672087272725,169
MATR,0.145,0.9696673553200643,0.9510399319999999,0.9617291918181816,0.9712010290909089,0.9801474827272727,0.9847145834545453,169
MATR,0.15,0.9694938575578267,0.9508483927272726,0.9610158136363636,0.9709865272727272,0.9797259272727272,0.9845886672727272,169
MATR,0.155,0.9693283559386763,0.9506023814545455,0.9606204636363637,0.9708107327272727,0.9797608827272727,0.9845267645454545,169
MATR,0.16,0.9691518462399136,0.9504228167272726,0.9603917199999998,0.97025204,0.9793074872727271,0.984468928,169
MATR,0.165,0.9689893840048409,0.9500288442727272,0.9602518099999999,0.9700868727272728,0.9790477,0.984272252,169
MATR,0.17,0.9688063327649274,0.9500019729090908,0.9600849927272727,0.9699279018181818,0.9788003336363634,0.9842753261818181,169
MATR,0.17500000000000002,0.9686029648466913,0.9496629913636363,0.9598751863636362,0.9697466,0.9789573363636364,0.9840816481818181,169
MATR,0.18,0.9684297612587407,0.9496190763636363,0.9597192618181818,0.9697162181818181,0.9788540218181818,0.9839335599999999,169
MATR,0.185,0.9681764563690162,0.9493883382727273,0.95952052,0.9694691127272727,0.9781571618181817,0.9837748029090908,169
MATR,0.19,0.9680163831629911,0.9492189139999999,0.9592157109090909,0.9694122363636363,0.9779590672727271,0.9835024214545454,169
MATR,0.195,0.9678098898924159,0.949081951090909,0.9592708136363635,0.9690891672727271,0.9781359654545453,0.9834168979999999,169
MATR,0.2,0.967567420548682,0.9489654145454546,0.9589259636363636,0.9688525090909091,0.9780443272727272,0.9833210909090908,169
MATR,0.20500000000000002,0.9673781652985471,0.94872335,0.9589246618181817,0.968570509090909,0.9779283872727271,0.9831439174545454,169
MATR,0.21,0.9670221810866059,0.9477993789090907,0.9583375636363635,0.9681546145454545,0.9777916672727273,0.9829281112727272,169
MATR,0.215,0.9668994231871975,0.9483912676363636,0.9585093422727272,0.9677113118181818,0.9773492554545454,0.9828443841818181,169
MATR,0.22,0.9666113599677244,0.9476438698181817,0.9578102363636363,0.96783634,0.9769730309090908,0.982586846181818,169
MATR,0.225,0.9665233192576659,0.9473327118181817,0.9574545068181818,0.9676563068181817,0.9766380272727272,0.9824877309090908,169
MATR,0.23,0.9661983599731039,0.9472270239999999,0.95718869,0.9673152254545454,0.9765449090909091,0.9821393045454545,169
MATR,0.23500000000000001,0.9661410975874124,0.9468910622727272,0.9570720886363636,0.9674061272727271,0.9763859681818181,0.982434026181818,169
MATR,0.24,0.9658520501990312,0.9466042487272727,0.9568034,0.9669393636363636,0.9761329999999999,0.9817857956363635,169
MATR,0.245,0.9656438431334056,0.9462184779999999,0.9565426681818182,0.9667963127272727,0.9760023159090909,0.9819911291818181,169
MATR,0.25,0.9654151007261972,0.9457335272727272,0.9562515909090907,0.9667470909090907,0.9759804545454545,0.9814356954545453,169
MATR,0.255,0.9652516288596019,0.9445478145454544,0.9560348727272726,0.9667680927272727,0.9757718931818182,0.9815554885454545,169
MATR,0.26,0.9649467594298006,0.9442151432727273,0.9557496872727271,0.9663302727272727,0.9755999999999999,0.981051326181818,169
MATR,0.265,0.9647382787170525,0.9440351163636364,0.9554911049999999,0.9662601309090908,0.9752828636363635,0.9811839903636362,169
MATR,0.27,0.9644907207692308,0.9436265650909089,0.9552638909090909,0.9660403527272726,0.9753540727272725,0.9809964252727271,169
MATR,0.275,0.964192050322754,0.943331419090909,0.955051709090909,0.9657574636363635,0.9751230636363637,0.980805288181818,169
MATR,0.28,0.9640047536955351,0.9430175221818182,0.9546906763636362,0.965504149090909,0.9747087818181818,0.9806233658181818,169
MATR,0.28500000000000003,0.9637992114012909,0.9429861872727272,0.954238914090909,0.9653667386363636,0.9746357654545453,0.9804729208181817,169
MATR,0.29,0.9635163602635826,0.9427252087272726,0.9537386681818182,0.9650123854545454,0.9743554954545453,0.9804394389090908,169
MATR,0.295,0.9631400254975789,0.9423797309090908,0.952960349090909,0.9648825363636363,0.9743438563636362,0.9801419510909091,169
MATR,0.3,0.9630097581495425,0.9420899054545453,0.9532312727272726,0.9648300727272726,0.9739876818181817,0.9800240636363635,169
MATR,0.305,0.9627530043222166,0.941765613090909,0.9528513977272727,0.9646584018181819,0.9739991381818179,0.9795667394545454,169
MATR,0.31,0.9624967227703071,0.941768256,0.9527098409090908,0.964387609090909,0.9738510454545453,0.9795002963636362,169
MATR,0.315,0.9622682208848833,0.9414912803636363,0.952299440909091,0.9641564727272727,0.9735393299999999,0.9793356027272726,169
MATR,0.32,0.9619783293383539,0.9413344254545454,0.9519230545454545,0.9636108363636363,0.9732722363636362,0.9791754763636363,169
MATR,0.325,0.9617269655190968,0.9410225736363635,0.951700168181818,0.9637127,0.9730999999999999,0.9788750677272726,169
MATR,0.33,0.9614682777084458,0.9410215909090909,0.9514759399999999,0.9634157454545454,0.9728612090909089,0.9786403512727273,169
MATR,0.335,0.9611813726277565,0.940448238090909,0.9511859172727272,0.963289303181818,0.9727574436363636,0.9788002322727273,169
MATR,0.34,0.9609328132759547,0.9401778229090908,0.9510569727272727,0.9626376363636363,0.9724450418181817,0.9785710625454545,169
MATR,0.34500000000000003,0.9606530050430333,0.9405486665454545,0.9508766672727272,0.9624842149999999,0.972277784090909,0.9783607206363636,169
MATR,0.35000000000000003,0.9602955968800432,0.939543069090909,0.9506404727272727,0.9619259818181818,0.9720791363636363,0.9782603999999999,169
MATR,0.355,0.960133784322216,0.9390200239090908,0.9504522945454544,0.9615707909090909,0.9719050918181817,0.9780966015454544,169
MATR,0.36,0.9597921213555677,0.9386047781818181,0.9502745381818182,0.9610929127272726,0.9716768109090909,0.9776434523636363,169
MATR,0.365,0.9594952437331895,0.9382583109999999,0.9497197645454545,0.9605652209090908,0.9713177763636364,0.9777730800909089,169
MATR,0.37,0.9592081241043567,0.9380184570909089,0.949677748181818,0.96034254,0.9709827818181818,0.9776052923636362,169
MATR,0.375,0.9589746919714895,0.9378952999999999,0.9493566590909089,0.9599692613636364,0.9709244999999999,0.9771306886363635,169
MATR,0.38,0.9585315546207636,0.9370653636363635,0.94902786,0.959855389090909,0.9708291818181818,0.976995994181818,169
MATR,0.385,0.9583795814281869,0.9374168977272727,0.9487477022727272,0.9593257181818182,0.9704604590909091,0.9765321557272726,169
MATR,0.39,0.9580920672565896,0.9371241358181818,0.9481921736363635,0.9591912363636363,0.9702625863636363,0.9763057712727272,169
MATR,0.395,0.9578012699435178,0.9368198167272727,0.9480007345454544,0.9590283159090909,0.9703955272727272,0.9760359836363635,169
MATR,0.4,0.9574832119419041,0.9364298036363635,0.947653509090909,0.9588540909090908,0.9697689999999999,0.9758303127272726,169
MATR,0.405,0.9572006438649809,0.9361476478181817,0.9473402545454545,0.9585213818181817,0.9691887045454545,0.9755841760909091,169
MATR,0.41000000000000003,0.9569039120441102,0.9358761581818181,0.9470553854545454,0.9578411954545453,0.9693446636363636,0.9754188405454546,169
MATR,0.41500000000000004,0.9563693520467995,0.9352700923636363,0.9464956904545454,0.9574996545454545,0.9688790227272726,0.9751344721818183,169
MATR,0.42,0.9558800341086607,0.9347762603636364,0.9464326345454545,0.9572193472727272,0.9688686272727272,0.9747714770909089,169
MATR,0.425,0.9559335188676713,0.9348383709090908,0.9462669022727271,0.9568755272727272,0.968721193181818,0.9745700872727272,169
MATR,0.43,0.9556342958149545,0.9342119163636363,0.9458428272727272,0.95655691,0.9683303627272726,0.9742058154545453,169
MATR,0.435,0.9553020342280801,0.9338297486363636,0.9454156018181816,0.9561494249999999,0.9682990863636363,0.9740219898181818,169
MATR,0.44,0.9549415045077999,0.9328781396363636,0.9450030945454544,0.9556065090909089,0.9680585418181817,0.9737768858181817,169
MATR,0.445,0.9546221325040343,0.9324669549090908,0.9448413309090907,0.9552261818181818,0.9675154518181817,0.9731895204545454,169
MATR,0.45,0.9542930086659492,0.9325009236363636,0.9445123636363636,0.9552704545454546,0.967160559090909,0.9730063145454545,169
MATR,0.455,0.9534311506213017,0.9310661279999999,0.9434479468181817,0.9546937381818181,0.9664314999999999,0.9729641549999999,169
MATR,0.46,0.9530392470295855,0.9306278101818181,0.9434200654545454,0.9544083163636363,0.9662400363636363,0.972203098181818,169
MATR,0.465,0.9532666026151153,0.9314119359999999,0.9436446049999999,0.9543733427272727,0.9660933954545454,0.9722428805454545,169
MATR,0.47000000000000003,0.952706839780527,0.9311787505454544,0.9429558636363636,0.954051009090909,0.9653597272727272,0.9712816032727272,169
MATR,0.47500000000000003,0.9525409991648739,0.9309449136363636,0.942754693181818,0.9535443090909091,0.9653238295454545,0.9714893236363636,169
MATR,0.48,0.9522151195675091,0.9306396567272727,0.9425296618181817,0.953307789090909,0.9653227890909091,0.9712640698181817,169
MATR,0.485,0.9518254265809569,0.9301505336363637,0.9422907513636364,0.9529209481818182,0.9644117204545455,0.9708512516363635,169
MATR,0.49,0.9507628748832704,0.9284400545454544,0.9412875590909091,0.9523706927272727,0.964222908181818,0.9706936123636363,169
MATR,0.495,0.9510126525847232,0.9293077274545454,0.9419111463636364,0.9520429063636364,0.9642101054545454,0.9703926647272726,169
MATR,0.5,0.9501508495427649,0.9284633999999999,0.9407774999999999,0.9515092727272727,0.9633667727272726,0.9696779272727272,169
MATR,0.505,0.9503080222568583,0.9287339604545454,0.9407315836363636,0.9514009309090908,0.9634011372727271,0.9692915655454545,169
MATR,0.51,0.9498547275121031,0.9281950474545454,0.9406252945454544,0.9511100363636362,0.9628123636363636,0.9687935952727272,169
MATR,0.515,0.9494788700139857,0.9277958072727271,0.9402059586363636,0.9507274727272728,0.9630287849999999,0.9687137595454546,169
MATR,0.52,0.9491517885981706,0.9274754596363635,0.9398838945454544,0.9504519127272727,0.962301069090909,0.9680917978181817,169
MATR,0.525,0.9487585318141472,0.9270824018181817,0.9395516454545454,0.9500839545454545,0.9619417409090909,0.9681291809090907,169
MATR,0.53,0.9482941969198497,0.9266575954545454,0.9393750272727271,0.9496681227272726,0.9616264354545454,0.9676420534545453,169
MATR,0.535,0.947896625385422,0.9261658667272726,0.9387669536363635,0.9493456254545453,0.961367604090909,0.9676957136363636,169
MATR,0.54,0.9474588818267888,0.9252708916363636,0.9384319745454546,0.9489322018181818,0.9608574327272728,0.9671796559999999,169
MATR,0.545,0.9470585208380852,0.9242731379090908,0.9378142827272726,0.9484834404545452,0.9606005663636363,0.9668459848181817,169
MATR,0.55,0.9465331970467998,0.923542788181818,0.9375040909090909,0.9480952272727271,0.960016509090909,0.9663092127272727,169
MATR,0.555,0.9461455787775683,0.9231733554545454,0.9370567245454544,0.9479415272727273,0.96008949,0.9657304005454544,169
MATR,0.56,0.9457218167638513,0.922465970181818,0.9367699236363636,0.9475286763636364,0.9595667745454545,0.9653839134545453,169
MATR,0.5650000000000001,0.945280600544917,0.9217535756363635,0.9366548222727271,0.9471006095454545,0.9590764063636363,0.965444469090909,169
MATR,0.5700000000000001,0.944828807058096,0.9210923621818182,0.9362359518181818,0.9466132172727272,0.958558708181818,0.9649160632727272,169
MATR,0.5750000000000001,0.9442995609198496,0.921662409090909,0.9357518681818181,0.9462077636363635,0.958085409090909,0.9645446454545453,169
MATR,0.58,0.9437806275158689,0.9209648756363635,0.9352677199999999,0.9457321218181818,0.9574427981818181,0.9642129599999999,169
MATR,0.585,0.9432380495661645,0.9204916745454546,0.9346627295454546,0.9450248927272726,0.956881229090909,0.9636272110909091,169
MATR,0.59,0.9426798926767073,0.9198974858181819,0.9341258290909089,0.9448005809090908,0.9565707336363636,0.9631136043636362,169
MATR,0.595,0.9421354018663257,0.9189061963636364,0.9335059222727272,0.944271499090909,0.955925409090909,0.9626421618181817,169
MATR,0.6,0.9415798380527165,0.9176521127272728,0.9327603636363635,0.9435704727272726,0.9555465454545453,0.9620639454545454,169
MATR,0.605,0.9410342935207099,0.9168350985454544,0.9323514177272727,0.9432639945454544,0.9548892909090907,0.9616085636363636,169
MATR,0.61,0.9404426572657342,0.915968290181818,0.9319879572727272,0.9427085981818181,0.954365698181818,0.9610505854545454,169
MATR,0.615,0.9398412314389463,0.9150515410909091,0.931645253181818,0.9421559136363635,0.9539758327272726,0.9605045492727272,169
MATR,0.62,0.9392009450726196,0.9141800509090908,0.9313345145454545,0.9415205399999999,0.953572949090909,0.9599002098181817,169
MATR,0.625,0.9385864803388919,0.9133925727272726,0.9307948295454543,0.9412081477272727,0.9531686363636362,0.9593412159090907,169
MATR,0.63,0.9379418820091445,0.9126775185454545,0.9303399018181817,0.9403432945454544,0.9525146836363636,0.9587172474545453,169
MATR,0.635,0.9372232385548679,0.9122813759999999,0.9297292463636363,0.9397992445454545,0.9518026109090908,0.9581327167272725,169
MATR,0.64,0.9364667172372245,0.9112489338181818,0.9289154181818181,0.9392110836363635,0.9512584509090908,0.9573461854545454,169
MATR,0.645,0.9357873985295858,0.909976197490909,0.9283432845454545,0.9386556113636363,0.9509061727272726,0.956635274181818,169
MATR,0.65,0.9350401565357721,0.9086838776363635,0.9276824681818182,0.9382226136363635,0.9500565681818182,0.9561167990909091,169
MATR,0.655,0.9342151242313076,0.9075823421727272,0.9266941200000002,0.937423404090909,0.9494679054545454,0.9555404016363637,169
MATR,0.66,0.9334449418579879,0.9064813805090908,0.9266824672727272,0.937018229090909,0.9491731818181818,0.9545812123636362,169
MATR,0.665,0.9324060466979557,0.9045766852545454,0.9254590227272727,0.936659859090909,0.9483053463636364,0.9539741763636364,169
MATR,0.67,0.9318381209843999,0.9042332122363635,0.925259909090909,0.936079629090909,0.9480236718181818,0.9531220932727271,169
MATR,0.675,0.930927121418773,0.9033492787272726,0.923992359090909,0.9352037772727273,0.9474210613636362,0.9524079609090907,169
MATR,0.68,0.9300613656503494,0.9015013269090909,0.9229826945454543,0.9344785709090908,0.9463139090909091,0.9513355309090907,169
MATR,0.685,0.9291666927283484,0.899756026090909,0.9219641936363636,0.9337409763636363,0.9456499809090909,0.9507232063636363,169
MATR,0.6900000000000001,0.9280517151646044,0.898360175490909,0.9210839454545454,0.9329106909090908,0.9450175236363636,0.9499235767272726,169
MATR,0.6950000000000001,0.927195966998386,0.8967523303454544,0.919620929090909,0.9320972454545455,0.944398904090909,0.9493289145454544,169
MATR,0.7000000000000001,0.926125073141474,0.8956941734545454,0.9183346909090908,0.9313793454545454,0.9438740727272726,0.9485850418181818,169
MATR,0.705,0.9250320126057019,0.8935222525545454,0.9166686981818181,0.9303512145454546,0.9431125127272727,0.9478814752727271,169
MATR,0.71,0.9239310407374935,0.8912274776363636,0.9153132690909093,0.929733999090909,0.9419032181818181,0.9474096343636363,169
MATR,0.715,0.9227642514704133,0.8901510264181818,0.9139458754545454,0.9283198145454545,0.9410325781818182,0.9463367079090909,169
MATR,0.72,0.9215466339752557,0.8891153314909089,0.9127941963636363,0.9275705636363636,0.9400881454545452,0.9455223425454544,169
MATR,0.725,0.9202930356266809,0.8886644771818181,0.9111446772727272,0.9267148681818181,0.9393584181818181,0.9445463431818181,169
MATR,0.73,0.9190417464244214,0.8880141788545454,0.9098815818181818,0.9258893927272727,0.9383790272727273,0.9434563745454545,169
MATR,0.735,0.9177154899050564,0.8854654036454546,0.908615321090909,0.9248747654545454,0.9373711563636362,0.9423614366363636,169
MATR,0.74,0.9162838615696606,0.8822999175636362,0.9067468018181818,0.9242573745454544,0.9363087745454544,0.9411840570909089,169
MATR,0.745,0.9147961446826243,0.8794569068181818,0.9051973759090908,0.9231799086363636,0.9353714186363635,0.9400454249090907,169
MATR,0.75,0.9133271797068319,0.8765354690909091,0.9036075818181817,0.9220657045454544,0.9339002727272726,0.9387214818181817,169
MATR,0.755,0.9117321328902637,0.8747285090363636,0.9018445509090908,0.921157099090909,0.9323087254545454,0.9378334238181818,169
MATR,0.76,0.9101508189757932,0.8728342254545454,0.9000964472727272,0.9200162727272727,0.9313871636363636,0.9368377432727272,169
MATR,0.765,0.9084604996853144,0.8708106281181817,0.8982473595454545,0.9189463659090907,0.9298188754545453,0.9356766640909091,169
MATR,0.77,0.9067533916858519,0.8697801777454545,0.8958575454545454,0.9174942472727272,0.9282925127272726,0.9347496621818181,169
MATR,0.775,0.9048930367657337,0.8675297982727272,0.8935230190909089,0.9162637363636363,0.9269244568181817,0.9331614672727272,169
MATR,0.78,0.9030460718526089,0.8627290245818181,0.8915722276363636,0.9149442836363636,0.925882698181818,0.9318910087272726,169
MATR,0.785,0.9010721421995705,0.8597926291272727,0.8894070413636362,0.913628698181818,0.9243687204545454,0.930383973090909,169
MATR,0.79,0.899077768778913,0.8579408561090909,0.8869245645454545,0.9120436181818181,0.922771349090909,0.9294359032727273,169
MATR,0.795,0.8970091655944054,0.8565331637545454,0.8843490022727272,0.91073646,0.9206716363636362,0.9278240827272727,169
MATR,0.8,0.8947813133189891,0.8524231247272726,0.8824327309090909,0.9092143454545454,0.9185971090909091,0.9264858909090908,169
MATR,0.805,0.892499795056482,0.8492683906909089,0.8802645345454545,0.9075373669090909,0.9170152681818181,0.9246259056363635,169
MATR,0.81,0.8901020763609468,0.8466672951454545,0.878064588,0.9059324134545453,0.9158874181818181,0.9233372969090909,169
MATR,0.8150000000000001,0.8876560363407745,0.8441516302181817,0.8758984323636363,0.9039898554090907,0.9144071395454545,0.9214059476363635,169
MATR,0.8200000000000001,0.8850939761151153,0.8414396044363636,0.8731625036363635,0.9023862756363635,0.9124131727272727,0.9195105032727273,169
MATR,0.8250000000000001,0.8824235977528239,0.8372550897272727,0.8705950184090908,0.9002393245454545,0.9103705818181818,0.9175713304545453,169
MATR,0.8300000000000001,0.8795396650376544,0.8330020970181816,0.868718345090909,0.8975929989090908,0.908227862090909,0.9152878829090908,169
MATR,0.835,0.8767383346304457,0.827054144290909,0.8669811030454545,0.8958013245454545,0.9058217596818181,0.9136264086363635,169
MATR,0.84,0.8737979320150621,0.8213018746181818,0.8650150149090908,0.8927497243636363,0.9037417181818181,0.91194876,169
MATR,0.845,0.8706777179107046,0.8145546150181819,0.8632551844545454,0.8906527233636363,0.9007678777272726,0.9102475386363637,169
MATR,0.85,0.8674796082194726,0.8079791078181818,0.861507,0.8876072145454545,0.8987101113636362,0.9084326199999999,169
MATR,0.855,0.8642202670675092,0.8024336104727272,0.8566316767272727,0.8840638224090909,0.896135158181818,0.9068316222181817,169
MATR,0.86,0.8608159123410442,0.797609184,0.8515480696363635,0.8812115556363636,0.8938223218181818,0.9048743909090908,169
MATR,0.865,0.8573181814607314,0.7912596914181819,0.8488336146363636,0.8775785854545454,0.8914028454545454,0.9022711556090909,169
MATR,0.87,0.8537151801188811,0.7849461229090909,0.8459883388181818,0.8751313129090909,0.8884228796363636,0.8999474131090909,169
MATR,0.875,0.8500076758136093,0.7785172754545453,0.8432955897727272,0.8731911238636363,0.8861747954545454,0.8972642634090909,169
MATR,0.88,0.8462102235696614,0.7718192530181818,0.8406645992727272,0.8702823774545454,0.8832979825454544,0.8942266922909091,169
MATR,0.885,0.842313242749597,0.7649617276181817,0.8381694499999999,0.8663006123636363,0.8800243472727273,0.8914250113818181,169
MATR,0.89,0.8383544955906396,0.7581107601818181,0.8354348978181817,0.8617970258181817,0.8772019229090908,0.8879971886363636,169
MATR,0.895,0.8342426932401824,0.7510281081272726,0.8323702836363636,0.8570078322272726,0.8740759024545454,0.8844659984818182,169
MATR,0.9,0.8301037095104892,0.7439474825454544,0.8288619063636363,0.8531390654545453,0.8705332145454544,0.8815508,169
MATR,0.905,0.8258176466385159,0.7367582095454543,0.8240989256818181,0.8489902372727273,0.8680467774545454,0.8783954637636363,169
MATR,0.91,0.821484651561054,0.7294769083636362,0.8196248052727272,0.843470354181818,0.8646258590909089,0.874876589490909,169
MATR,0.915,0.8170911255672404,0.7223294774909089,0.8154148542727271,0.8412590827727272,0.8620066285454544,0.8713725636545454,169
MATR,0.92,0.8125525259946202,0.715560314181818,0.8117030927272726,0.8341234145454545,0.8586780989090907,0.8681074403636364,169
MATR,0.925,0.8080099694540077,0.7089898743636363,0.8080859636363635,0.8292391113636363,0.8558674490909091,0.8649315494545455,169
MATR,0.93,0.8033581118918774,0.7024788146181817,0.8046038127272727,0.8264227743636363,0.8526313032727272,0.8615941999818181,169
MATR,0.935,0.7986694373275957,0.6958922973090907,0.8008724672727272,0.8243137698636364,0.8490690585454543,0.8573960495909091,169
MATR,0.9400000000000001,0.7938729488144162,0.6894573309818179,0.7979901345454544,0.8176465829090908,0.8458933247272726,0.8529792256363636,169
MATR,0.9450000000000001,0.7890613002087145,0.6823555603999999,0.7931490528181816,0.8124011556363635,0.8422379229090908,0.850075247390909,169
MATR,0.9500000000000001,0.7841295106186126,0.6729003352727271,0.7868553618181816,0.8072856809090908,0.8389715818181817,0.8464000293636362,169
MATR,0.9550000000000001,0.7790570473071543,0.6625261448363635,0.7835524356363636,0.7999169004545453,0.8354555696363635,0.8425715603454543,169
MATR,0.96,0.7739562094072086,0.6523924090181817,0.7792535214545454,0.7963811396363636,0.8318487290909091,0.8381558319272726,169
MATR,0.965,0.7687010765868748,0.6418609534909091,0.7748878689090909,0.7916920289090909,0.82773714,0.8338172413090909,169
MATR,0.97,0.7633731485884883,0.6321909049818182,0.7706965429999999,0.7863192494545453,0.8239706549090908,0.829217401,169
MATR,0.975,0.7579510334265734,0.6243882236818181,0.7663938738636363,0.7807054720454545,0.820457501590909,0.8246588864999999,169
MATR,0.98,0.7524798359268423,0.6164092458545455,0.7597734887272727,0.7750678876363637,0.8164009881818182,0.8199806812363636,169
MATR,0.985,0.7469225896503493,0.6088633313454546,0.7577767661818181,0.769420279090909,0.8125145302727272,0.8150693953272727,169
MATR,0.99,0.7412583494421734,0.5992794411636364,0.7555747029090909,0.7637052424545454,0.8086243999090909,0.8102123919272727,169
MATR,0.995,0.7355690119585798,0.5903126274909091,0.7533538990454545,0.7580152847272728,0.8044719337272725,0.8056743414636363,169
MATR,1.0,0.7300835852071,0.5791858145454545,0.7500358636363635,0.7522901636363636,0.8004391727272727,0.8008599363636364,169
