iteration,gradient_norm
1,1.0511385202407837
2,1.0221248865127563
3,0.9874075651168823
4,0.9529930949211121
5,0.9143674969673157
6,0.8741229176521301
7,0.8270302414894104
8,0.777888834476471
9,0.7193767428398132
10,0.6570929288864136
11,0.5853578448295593
12,0.5026615858078003
13,0.41327008605003357
14,0.31521719694137573
15,0.20380806922912598
16,0.08777794241905212
17,0.047967616468667984
18,0.14673830568790436
19,0.2325812131166458
20,0.2838590145111084
21,0.3261043429374695
22,0.3353690207004547
23,0.32332131266593933
24,0.3040688633918762
25,0.2848969101905823
26,0.2477405071258545
27,0.21536517143249512
28,0.16906064748764038
29,0.13121001422405243
30,0.08296582847833633
31,0.04768943414092064
32,0.033029090613126755
33,0.043938226997852325
34,0.06743268668651581
35,0.08092091232538223
36,0.10219729691743851
37,0.12020175158977509
38,0.12731096148490906
39,0.12791045010089874
40,0.12398573756217957
41,0.12019214779138565
42,0.11805625259876251
43,0.10252252966165543
44,0.09224201738834381
45,0.07744317501783371
46,0.05694974958896637
47,0.046019960194826126
48,0.03619720786809921
49,0.03306117281317711
50,0.03545907139778137
51,0.047495048493146896
52,0.05132775381207466
53,0.06331359595060349
54,0.073520727455616
55,0.06416980177164078
56,0.07251667231321335
57,0.07188991457223892
58,0.051898520439863205
59,0.05609254166483879
60,0.04815329983830452
61,0.04166129603981972
62,0.039452116936445236
63,0.03515355661511421
64,0.032031476497650146
65,0.03349502012133598
66,0.03539569303393364
67,0.035062503069639206
68,0.033525507897138596
69,0.03534788265824318
70,0.034872084856033325
71,0.036495696753263474
72,0.04177176579833031
73,0.04115866497159004
74,0.04517342522740364
75,0.04419245198369026
76,0.049265917390584946
77,0.04556488245725632
78,0.04607953131198883
79,0.045510437339544296
80,0.046347472816705704
81,0.03947589546442032
82,0.039452649652957916
83,0.03959924355149269
84,0.03969593718647957
85,0.03903992101550102
86,0.04156947880983353
87,0.042513128370046616
88,0.04499543830752373
89,0.04381680116057396
90,0.052279647439718246
91,0.05588824674487114
92,0.04981143772602081
93,0.05234260484576225
94,0.04466235637664795
95,0.05132183060050011
96,0.04315371811389923
97,0.042948562651872635
98,0.044303979724645615
99,0.04764534905552864
100,0.04652376100420952
101,0.043617576360702515
102,0.06636787950992584
103,0.040816254913806915
104,0.05174746364355087
105,0.036794811487197876
106,0.04455164447426796
107,0.04324331507086754
108,0.035158704966306686
109,0.09037937223911285
110,0.09211216866970062
111,0.029903223738074303
112,0.04349313676357269
113,0.07429540902376175
114,0.054291341453790665
115,0.024569135159254074
116,0.029190201312303543
117,0.23117074370384216
118,0.10621320456266403
119,0.14471279084682465
120,0.053119853138923645
121,0.11530808359384537
122,0.10105864703655243
123,0.04986590892076492
124,0.05225096270442009
125,0.036771390587091446
126,0.022840768098831177
127,0.027067184448242188
128,0.07115364074707031
129,0.025101205334067345
130,0.024041367694735527
131,0.021201837807893753
132,0.04936903715133667
133,0.020048359408974648
134,0.017113184556365013
135,0.07257695496082306
136,0.03471643105149269
137,0.033324602991342545
138,0.01848682202398777
139,0.06448994576931
140,0.11540685594081879
141,0.0484575554728508
142,0.013172733597457409
143,0.09335027635097504
144,0.09290909767150879
145,0.06245731562376022
146,0.1577480137348175
147,0.0160252396017313
148,0.0494212843477726
149,0.022725338116288185
150,0.10838907957077026
151,0.042745571583509445
152,0.04226863384246826
153,0.03392552211880684
154,0.02158728986978531
155,0.06333787739276886
156,0.07895595580339432
157,0.060030702501535416
158,0.011069153435528278
159,0.0210732351988554
160,0.020663833245635033
161,0.03459073230624199
162,0.016441194340586662
163,0.024684036150574684
164,0.04917293041944504
165,0.15240401029586792
166,0.0319354422390461
167,0.03971865028142929
168,0.06938856095075607
169,0.019085679203271866
170,0.06709674745798111
171,0.03973908722400665
172,0.07227306067943573
173,0.02458377182483673
174,0.022383205592632294
175,0.035026781260967255
176,0.09771402925252914
177,0.012531735002994537
178,0.006180823314934969
179,0.08777385950088501
180,0.02525187097489834
181,0.027365488931536674
182,0.008326882496476173
183,0.020754750818014145
184,0.03116436116397381
185,0.03681953251361847
186,0.014509355649352074
187,0.01394188217818737
188,0.03568456694483757
189,0.05708899348974228
190,0.052674341946840286
191,0.005936997011303902
192,0.08825350552797318
193,0.11184166371822357
194,0.034822192043066025
195,0.08218220621347427
196,0.07703782618045807
197,0.009071831591427326
198,0.07795805484056473
199,0.11993500590324402
200,0.008507000282406807
201,0.028474027290940285
202,0.030948523432016373
203,0.0873943343758583
204,0.04168182238936424
205,0.005943112075328827
206,0.11771811544895172
207,0.075229212641716
208,0.04224303364753723
209,0.08673639595508575
210,0.1124088391661644
211,0.0980219766497612
212,0.06319217383861542
213,0.1230529397726059
214,0.06631962954998016
215,0.01826690137386322
216,0.011902931146323681
217,0.050064101815223694
218,0.11322909593582153
219,0.046146634966135025
220,0.010829413309693336
221,0.05977842956781387
222,0.04738551005721092
223,0.010733405128121376
224,0.027016710489988327
225,0.14613783359527588
226,0.05486448481678963
227,0.04455136880278587
228,0.10926511883735657
229,0.025991547852754593
230,0.029765786603093147
231,0.0040670521557331085
232,0.039422567933797836
233,0.06788595765829086
234,0.0487712137401104
235,0.07596287131309509
236,0.024609878659248352
237,0.1319608986377716
238,0.08514267206192017
239,0.003895358182489872
240,0.08641673624515533
241,0.07887279987335205
242,0.05093744397163391
243,0.02491416223347187
244,0.08647939562797546
245,0.1191655695438385
246,0.036787088960409164
247,0.010292645543813705
248,0.044777873903512955
249,0.0837172120809555
250,0.104853555560112
251,0.04796725511550903
252,0.07672156393527985
253,0.09917104244232178
254,0.020726751536130905
255,0.03279722109436989
256,0.04124750941991806
257,0.06121008098125458
258,0.0314481221139431
259,0.0030092450324445963
260,0.07253199815750122
261,0.014306755736470222
262,0.073664590716362
263,0.011314182542264462
264,0.03086722083389759
265,0.07317793369293213
266,0.03028838522732258
267,0.022119665518403053
268,0.014640606008470058
269,0.02601907216012478
270,0.07601406425237656
271,0.0025502112694084644
272,0.012142849154770374
273,0.022501152008771896
274,0.047873109579086304
275,0.0013913136208429933
276,0.03944673761725426
277,0.07411209493875504
278,0.019016966223716736
279,0.028589600697159767
280,0.028337927535176277
281,0.08753883093595505
282,0.0446881540119648
283,0.07678297907114029
284,0.05280020460486412
285,0.03342984616756439
286,0.023590093478560448
287,0.07584676146507263
288,0.010289100930094719
289,0.040562745183706284
290,0.10288944095373154
291,0.001522878184914589
292,0.01729658432304859
293,0.00754039129242301
294,0.026982899755239487
295,0.035991642624139786
296,0.034786295145750046
297,0.004036551807075739
298,0.01805501990020275
299,0.07931344211101532
300,0.00532855000346899
301,0.035501208156347275
302,0.07730638980865479
303,0.03015301562845707
304,0.01719234697520733
305,0.07065573334693909
306,0.001916883047670126
307,0.048710424453020096
308,0.0540144145488739
309,0.013647692278027534
310,0.038195740431547165
311,0.04960029572248459
312,0.02427811548113823
313,0.002315342193469405
314,0.010917505249381065
315,0.04766450822353363
316,0.08633767813444138
317,0.043580591678619385
318,0.07063602656126022
319,0.05445251986384392
320,0.048963822424411774
321,0.03363922983407974
322,0.10493143647909164
323,0.09143717586994171
324,0.006227010861039162
325,0.09738284349441528
326,0.05655045062303543
327,0.06842665374279022
328,0.009052294306457043
329,0.0932292640209198
330,0.07765548676252365
331,0.08072874695062637
332,0.031681835651397705
333,0.06156665086746216
334,0.10509543120861053
335,0.010507659986615181
336,0.07457608729600906
337,0.06219470500946045
338,0.0917096808552742
339,0.08179604262113571
340,0.029891347512602806
341,0.04262135922908783
342,0.061741895973682404
343,0.11780877411365509
344,0.051357775926589966
345,0.05356937646865845
346,0.07558387517929077
347,0.08883705735206604
348,0.02558114565908909
349,0.01678558997809887
350,0.10944975912570953
351,0.08176365494728088
352,0.042198456823825836
353,0.0284112561494112
354,0.1015845388174057
355,0.14401867985725403
356,0.05157813802361488
357,0.0895044133067131
358,0.07856816053390503
359,0.08546855300664902
360,0.06480210274457932
361,0.08168680220842361
362,0.104285329580307
363,0.04584185779094696
364,0.023330828174948692
365,0.05901366099715233
366,0.055363960564136505
367,0.07760672271251678
368,0.03707454726099968
369,0.050696518272161484
370,0.06848510354757309
371,0.06475930660963058
372,0.004480720032006502
373,0.009894494898617268
374,0.06011636555194855
375,0.08875352889299393
376,0.03361402824521065
377,0.10509008169174194
378,0.0006669187569059432
379,0.0554744228720665
380,0.02140725776553154
381,0.011665565893054008
382,0.03161144256591797
383,0.009795206598937511
384,0.06202419474720955
385,0.03448275104165077
386,0.005264625884592533
387,0.030059149488806725
388,0.003569558262825012
389,0.03869274631142616
390,0.028551524505019188
391,0.01475760992616415
392,0.03408438712358475
393,0.06562233716249466
394,0.003909805789589882
395,0.04188407212495804
396,0.0036867456510663033
397,0.009283235296607018
398,0.048029158264398575
399,0.0022372964303940535
400,0.0014596637338399887
401,0.02658705972135067
402,0.024715900421142578
403,0.00775854242965579
404,0.008328196592628956
405,0.013150247745215893
406,0.0050333719700574875
407,0.03487314656376839
408,0.04191948100924492
409,0.01507551409304142
410,0.02993748150765896
411,0.03110494278371334
412,0.009898599237203598
413,0.018716268241405487
414,0.002933577634394169
415,0.05992138758301735
416,0.09469851106405258
417,0.02479957975447178
418,0.056764502078294754
419,0.15140017867088318
420,0.044216275215148926
421,0.034916918724775314
422,0.06469369679689407
423,0.06270046532154083
424,0.04343919828534126
425,0.036653291434049606
426,0.022889159619808197
427,0.07810085266828537
428,0.1098446324467659
429,0.0102107934653759
430,0.02766624093055725
431,0.08641324192285538
432,0.02949574962258339
433,0.01568879932165146
434,0.03590306639671326
435,0.061305027455091476
436,0.09138158708810806
437,0.031711939722299576
438,0.024733668193221092
439,0.02133795991539955
440,0.04461367055773735
441,0.05815794691443443
442,0.006444529164582491
443,0.004148835316300392
444,0.05129208415746689
445,0.025016814470291138
446,0.008458621799945831
447,0.0018659642664715648
448,0.04698198661208153
449,0.029101740568876266
450,0.04011787101626396
451,0.014496779069304466
452,0.019089529290795326
453,0.024469858035445213
454,0.04859296977519989
455,0.04139355197548866
456,0.05491795390844345
457,0.015989352017641068
458,0.04375525936484337
459,0.02524348720908165
460,0.015280100516974926
461,0.04408048465847969
462,0.02567158080637455
463,0.006203880533576012
464,0.02864478901028633
465,0.017419926822185516
466,0.005664641037583351
467,0.018633591011166573
468,0.013390612788498402
469,0.038236793130636215
470,0.012400142848491669
471,0.00886013824492693
472,0.021480776369571686
473,0.018383655697107315
474,0.019094739109277725
475,0.016408346593379974
476,0.01630011759698391
477,0.008493048138916492
478,0.02574848383665085
479,0.030399588868021965
480,0.02212757058441639
481,0.005474856123328209
482,0.0519094355404377
483,0.03745561093091965
484,0.012020290829241276
485,0.00831248052418232
486,0.030447494238615036
487,0.0063246916979551315
488,0.009045063517987728
489,0.04192729666829109
490,0.02571372501552105
491,0.016367757692933083
492,0.012187778018414974
493,0.02282598800957203
494,0.018850212916731834
495,0.018210481852293015
496,0.022965265437960625
497,0.0283941850066185
498,0.025738047435879707
499,0.050105903297662735
500,0.004785672761499882
501,0.031210055574774742
502,0.03726204112172127
503,0.0014866356505081058
504,0.01446823962032795
505,0.0032237377017736435
506,0.0446600578725338
507,0.028896838426589966
508,0.01002615038305521
509,0.01837095618247986
510,0.019904768094420433
511,0.062370140105485916
512,0.005729381926357746
513,0.014618865214288235
514,0.05679149925708771
515,0.0014441778184846044
516,0.012554982677102089
517,0.03449004888534546
518,0.03194926306605339
519,0.009357262402772903
520,0.008705656044185162
521,0.017250562086701393
522,0.004063731525093317
523,0.03922824561595917
524,0.017627712339162827
525,0.004460347816348076
526,0.024896934628486633
527,0.03440950810909271
528,0.004718196112662554
529,0.034780874848365784
530,0.042239051312208176
531,0.05585978552699089
532,0.002410581801086664
533,0.030339155346155167
534,0.026810573413968086
535,0.002999688498675823
536,0.001995011931285262
537,0.013444967567920685
538,0.03633217141032219
539,0.026659518480300903
540,0.058307286351919174
541,0.018651248887181282
542,0.051282357424497604
543,0.0651841014623642
544,0.04065672308206558
545,0.018423905596137047
546,0.11373216658830643
547,0.03423050791025162
548,0.0020284252241253853
549,0.006116891745477915
550,0.04541892558336258
551,0.06694517284631729
552,0.053198590874671936
553,0.018216775730252266
554,0.05331326648592949
555,0.05743805691599846
556,0.07772471755743027
557,0.011518878862261772
558,0.0031128544360399246
559,0.07202409207820892
560,0.06172451004385948
561,0.008978402242064476
562,0.015776101499795914
563,0.006939099635928869
564,0.06326694041490555
565,0.01462585385888815
566,0.023139216005802155
567,0.0022555210161954165
568,0.0034431875683367252
569,0.00928762461990118
570,0.005161093547940254
571,0.01928742788732052
572,0.011900389567017555
573,0.011934223584830761
574,0.002544439397752285
575,0.023404065519571304
576,0.005267561879009008
577,0.01745777204632759
578,0.007522036321461201
579,0.0026760476175695658
580,0.005568668711930513
581,0.014843097887933254
582,0.018481392413377762
583,0.016920479014515877
584,0.04363308846950531
585,0.02158224955201149
586,0.05126480013132095
587,0.026306265965104103
588,0.007421641144901514
589,0.025667157024145126
590,0.04616711661219597
591,0.03488127142190933
592,0.009327501989901066
593,0.015072755515575409
594,0.05404878407716751
595,0.02527255192399025
596,0.042706962674856186
597,0.022307759150862694
598,0.07280264794826508
599,0.05306682735681534
600,0.022224530577659607
601,0.042440883815288544
602,0.07183322310447693
603,0.07032015174627304
604,0.044950950890779495
605,0.046332914382219315
606,0.1430048644542694
607,0.06214192509651184
608,0.02119211107492447
609,0.07675274461507797
610,0.06601369380950928
611,0.021489104256033897
612,0.027470381930470467
613,0.025766557082533836
614,0.03039359301328659
615,0.018005844205617905
616,0.009164808318018913
617,0.03321593254804611
618,0.02110479399561882
619,0.004425894934684038
620,0.010656418278813362
621,0.05596167594194412
622,0.0024040499702095985
623,0.030311403796076775
624,0.00211518257856369
625,0.01668469049036503
626,0.0023638494312763214
627,0.0040345643647015095
628,0.039855726063251495
629,0.03442578762769699
630,0.011155272834002972
631,0.04071420058608055
632,0.038912270218133926
633,0.04902127757668495
634,0.06746797263622284
635,0.024845421314239502
636,0.01354748010635376
637,0.026847664266824722
638,0.06200588122010231
639,0.03804008662700653
640,0.04108947515487671
641,0.05077547952532768
642,0.03501623496413231
643,0.0063940598629415035
644,0.019498281180858612
645,0.04397039860486984
646,0.017576230689883232
647,0.021372249349951744
648,0.02473658137023449
649,0.04888154938817024
650,0.045035917311906815
651,0.004291691351681948
652,0.055092450231313705
653,0.036625783890485764
654,0.006912610959261656
655,0.01480113621801138
656,0.024068625643849373
657,0.027917714789509773
658,0.02828717790544033
659,0.008087409660220146
660,0.029718950390815735
661,0.06862667202949524
662,0.022162606939673424
663,0.012217671610414982
664,0.04836419224739075
665,0.03212613984942436
666,0.03152453526854515
667,0.022819461300969124
668,0.021435998380184174
669,0.01103872898966074
670,0.04561808705329895
671,0.019555311650037766
672,0.01552729494869709
673,0.06309833377599716
674,0.042790353298187256
675,0.006012117490172386
676,0.011181145906448364
677,0.022902635857462883
678,0.033459313213825226
679,0.026928577572107315
680,0.021654073148965836
681,0.0308671984821558
682,0.023102832958102226
683,0.06278781592845917
684,0.0026333588175475597
685,0.043478891253471375
686,0.0189654640853405
687,0.026377107948064804
688,0.028193918988108635
689,0.025632739067077637
690,0.0005714918952435255
691,0.022227156907320023
692,0.003374318825080991
693,0.03120473027229309
694,0.0010861939517781138
695,0.00380912609398365
696,0.014791022054851055
697,0.06900175660848618
698,0.0076653677970170975
699,0.012096023187041283
700,0.039248377084732056
701,0.012474256567656994
702,0.01648281142115593
703,0.0038005621172487736
704,0.009388696402311325
705,0.02907705120742321
706,0.019027812406420708
707,0.025111202150583267
708,0.0325915664434433
709,0.030536338686943054
710,0.037366338074207306
711,0.011598637327551842
712,0.00909301359206438
713,0.02589208446443081
714,0.002024928806349635
715,0.03648990020155907
716,0.027326734736561775
717,0.006278209388256073
718,0.0158811267465353
719,0.003464226145297289
720,0.03764887899160385
721,0.014056307263672352
722,0.014185627922415733
723,0.019209573045372963
724,0.030071495100855827
725,0.007118090521544218
726,0.002898396225646138
727,0.0029571426566690207
728,0.01193844061344862
729,0.0021337135694921017
730,0.02669983170926571
731,0.018174748867750168
732,0.015524429269134998
733,0.015050897374749184
734,0.02712383307516575
735,0.02735784836113453
736,0.0009265069384127855
737,0.041567690670490265
738,0.0077560883946716785
739,0.01885410211980343
740,0.0037120268680155277
741,0.0007658598478883505
742,0.003500433173030615
743,0.026205789297819138
744,0.006599516607820988
745,0.004006990231573582
746,0.026408726349473
747,0.007690346334129572
748,0.01701643317937851
749,0.0040181647054851055
750,0.017579201608896255
751,0.019087407737970352
752,0.006059597712010145
753,0.02137359231710434
754,0.03296484053134918
755,0.008830191567540169
756,0.028024649247527122
757,0.03862862288951874
758,0.01978694647550583
759,0.03085518069565296
760,0.001626538927666843
761,0.03283463791012764
762,0.019462889060378075
763,0.02686263434588909
764,0.018260549753904343
765,0.0016872104024514556
766,0.004207704681903124
767,0.03822227194905281
768,0.004880738910287619
769,0.02421806938946247
770,0.011162169277668
771,0.010814785957336426
772,0.01079629547894001
773,0.001769247930496931
774,0.012897179462015629
775,0.03537522256374359
776,0.009564467705786228
777,0.010501258075237274
778,0.012073586694896221
779,0.00847448967397213
780,0.009931640699505806
781,0.0027713789604604244
782,0.010243362747132778
783,0.030155515298247337
784,0.004857189953327179
785,0.018895424902439117
786,0.025991948321461678
787,0.010986621491611004
788,0.0035214275121688843
789,0.04638201370835304
790,0.04238155111670494
791,0.01284850761294365
792,0.03791346773505211
793,0.01652408391237259
794,0.016131890937685966
795,0.0029838145710527897
796,0.006213882472366095
797,0.006681385450065136
798,0.05442800372838974
799,0.0022958810441195965
800,0.015345850959420204
801,0.028335295617580414
802,0.0027403617277741432
803,0.019262421876192093
804,0.010382290929555893
805,0.0058624353259801865
806,0.011510799638926983
807,0.010039126500487328
808,0.010799748823046684
809,0.038259949535131454
810,0.006381837651133537
811,0.01665332168340683
812,0.028957854956388474
813,0.0038712755776941776
814,0.004431800451129675
815,0.02348799630999565
816,0.03207949921488762
817,0.009797598235309124
818,0.019870471209287643
819,0.016954267397522926
820,0.010878356173634529
821,0.022753287106752396
822,0.009056566283106804
823,0.011671924032270908
824,0.002390101319178939
825,0.010645774193108082
826,0.03451903909444809
827,0.012012285180389881
828,0.014576899819076061
829,0.042777176946401596
830,0.016933558508753777
831,0.008418315090239048
832,0.029329517856240273
833,0.04835685342550278
834,0.03384484723210335
835,0.017522167414426804
836,0.0561094656586647
837,0.03160417079925537
838,0.018049534410238266
839,0.012641476467251778
840,0.033741749823093414
841,0.018096407875418663
842,0.031085507944226265
843,0.0017970481421798468
844,0.03758640214800835
845,0.023517025634646416
846,0.025430750101804733
847,0.015313291922211647
848,0.04471023753285408
849,0.004392488859593868
850,0.006611471064388752
851,0.02683752030134201
852,0.007592779118567705
853,0.006714181043207645
854,0.026744866743683815
855,0.01974426954984665
856,0.02385735884308815
857,0.03685985878109932
858,0.015716979280114174
859,0.03792456537485123
860,0.03459383547306061
861,0.01721949689090252
862,0.0037665944546461105
863,0.03900156915187836
864,0.03432551771402359
865,0.007065001875162125
866,0.022638000547885895
867,0.01812082529067993
868,0.03318886086344719
869,0.003656443441286683
870,0.012271330691874027
871,0.02920023538172245
872,0.008121836930513382
873,0.003714172402396798
874,0.02296776883304119
875,0.0022671534679830074
876,0.0023901532404124737
877,0.01607339270412922
878,0.005753376986831427
879,0.014652470126748085
880,0.005444707814604044
881,0.012589569203555584
882,0.009471219964325428
883,0.01437153946608305
884,0.019706711173057556
885,0.012093629688024521
886,0.016874630004167557
887,0.006671251729130745
888,0.016002919524908066
889,0.008498996496200562
890,0.022928791120648384
891,0.015028330497443676
892,0.016580063849687576
893,0.003056907095015049
894,0.013721135444939137
895,0.009982774965465069
896,0.00654162373393774
897,0.038387712091207504
898,0.028222782537341118
899,0.025336120277643204
900,0.03956819698214531
901,0.011966786347329617
902,0.00836632028222084
903,0.00903871189802885
904,0.01537658367305994
905,0.028829926624894142
906,0.034834861755371094
907,0.012952368706464767
908,0.014025907032191753
909,0.023803869262337685
910,0.01066938042640686
911,0.00819859653711319
912,0.008716253563761711
913,0.030407320708036423
914,0.0027294408064335585
915,0.0034125351812690496
916,0.0029830692801624537
917,0.04591432586312294
918,0.01630498468875885
919,0.029698507860302925
920,0.03157728910446167
921,0.027102315798401833
922,0.01211701799184084
923,0.03486201539635658
924,0.05320009961724281
925,0.03525889664888382
926,0.05045241862535477
927,0.05460471287369728
928,0.05095289647579193
929,0.02662435546517372
930,0.045765019953250885
931,0.007529452443122864
932,0.028244728222489357
933,0.026400592178106308
934,0.024305758997797966
935,0.05723137781023979
936,0.0314820297062397
937,0.002936610020697117
938,0.028481420129537582
939,0.04058101773262024
940,0.01996002346277237
941,0.0022917459718883038
942,0.019572196528315544
943,0.02448536641895771
944,0.031431518495082855
945,0.027455400675535202
946,0.019201483577489853
947,0.03449790179729462
948,0.0063505326397717
949,0.004569086711853743
950,0.043270010501146317
951,0.017479967325925827
952,0.0021288658026605844
953,0.009504187852144241
954,0.025871604681015015
955,0.017767421901226044
956,0.0026379863265901804
957,0.006949432659894228
958,0.020464183762669563
959,0.001526314066722989
960,0.0040993457660079
961,0.018220514059066772
962,0.004835446830838919
963,0.0016022197669371963
964,0.04098360240459442
965,0.018767226487398148
966,0.0354815311729908
967,0.016815003007650375
968,0.009596461430191994
969,0.008288019336760044
970,0.03722795471549034
971,0.015029428526759148
972,0.010408442467451096
973,0.02187666855752468
974,0.022202953696250916
975,0.013773704878985882
976,0.010945565067231655
977,0.027830377221107483
978,0.010055103339254856
979,0.014514977112412453
980,0.022397076711058617
981,0.0026571552734822035
982,0.01079118624329567
983,0.030306782573461533
984,0.004413111135363579
985,0.023032551631331444
986,0.0066681960597634315
987,0.019517842680215836
988,0.02517629601061344
989,0.02111138217151165
990,0.008835693821310997
991,0.030417228117585182
992,0.028993988409638405
993,0.027949074283242226
994,0.01602531410753727
995,0.05444630980491638
996,0.04440508037805557
997,0.007137548644095659
998,0.041462548077106476
999,0.047139618545770645
1000,0.014199156314134598
1001,0.029424650594592094
1002,0.015033118426799774
1003,0.06034743785858154
1004,0.06498312205076218
1005,0.006751997862011194
1006,0.020176537334918976
1007,0.04229988530278206
1008,0.06393983215093613
1009,0.031132562085986137
1010,0.02109604701399803
1011,0.03656848147511482
1012,0.036356955766677856
1013,0.033258795738220215
1014,0.005642667878419161
1015,0.02765703946352005
1016,0.033950742334127426
1017,0.0528377965092659
1018,0.008406613953411579
1019,0.007179734762758017
1020,0.033997513353824615
1021,0.02823634445667267
1022,0.03635236248373985
1023,0.010464724153280258
1024,0.014170452952384949
1025,0.048875004053115845
1026,0.059452127665281296
1027,0.016047649085521698
1028,0.028880907222628593
1029,0.018460655584931374
1030,0.040466465055942535
1031,0.038614965975284576
1032,0.0032863907981663942
1033,0.0678330659866333
1034,0.044938795268535614
1035,0.015985403209924698
1036,0.04192100465297699
1037,0.05092674866318703
1038,0.026427920907735825
1039,0.02135486528277397
1040,0.014722625724971294
1041,0.03230408579111099
1042,0.015131745487451553
1043,0.011244651861488819
1044,0.028692074120044708
1045,0.011035303585231304
1046,0.04220789670944214
1047,0.043222371488809586
1048,0.002436121227219701
1049,0.04540601745247841
1050,0.04343470558524132
1051,0.012468419969081879
1052,0.0015466714976355433
1053,0.051803428679704666
1054,0.027292635291814804
1055,0.0006647195550613105
1056,0.003008580068126321
1057,0.04035043716430664
1058,0.03472304716706276
1059,0.004826986696571112
1060,0.02704629674553871
1061,0.027907025068998337
1062,0.0019872491247951984
1063,0.0023815350141376257
1064,0.005403169430792332
1065,0.0223067793995142
1066,0.0007364581106230617
1067,0.028590979054570198
1068,0.01451688352972269
1069,0.01753721758723259
1070,0.010961073450744152
1071,0.018275287002325058
1072,0.017110023647546768
1073,0.004441522993147373
1074,0.007665631361305714
1075,0.018992474302649498
1076,0.011960990726947784
1077,0.015415387228131294
1078,0.003380779642611742
1079,0.003423672402277589
1080,0.0100370142608881
1081,0.012385434471070766
1082,0.022745974361896515
1083,0.001979005755856633
1084,0.02440762147307396
1085,0.010169006884098053
1086,0.0073741888627409935
1087,0.0011096162488684058
1088,0.01485006045550108
1089,0.0029126815497875214
1090,0.010501427575945854
1091,0.02659609168767929
1092,0.013825489208102226
1093,0.017710017040371895
1094,0.014153615571558475
1095,0.032490212470293045
1096,0.03116551600396633
1097,0.013364034704864025
1098,0.034139420837163925
1099,0.023321859538555145
1100,0.006434216629713774
1101,0.0061151511035859585
1102,0.016658557578921318
1103,0.005027300678193569
1104,0.034699395298957825
1105,0.019178573042154312
1106,0.00909468811005354
1107,0.01313917525112629
1108,0.03261302411556244
1109,0.01132654957473278
1110,0.01599586382508278
1111,0.013546265661716461
1112,0.013621734455227852
1113,0.003240366233512759
1114,0.00102213304489851
1115,0.0040745725855231285
1116,0.0060487412847578526
1117,0.0018754556076601148
1118,0.007040102034807205
1119,0.03820561617612839
1120,0.009591556154191494
1121,0.016074813902378082
1122,0.030309947207570076
1123,0.0021308616269379854
1124,0.03252885118126869
1125,0.0026108610909432173
1126,0.012232539243996143
1127,0.019469257444143295
1128,0.01023305393755436
1129,0.00222548795863986
1130,0.0057828533463180065
1131,0.01768101379275322
1132,0.017238982021808624
1133,0.005864907056093216
1134,0.0028508782852441072
1135,0.008466298691928387
1136,0.010081524029374123
1137,0.0186469629406929
1138,0.0011745609808713198
1139,0.009284892119467258
1140,0.016697466373443604
1141,0.007805652916431427
1142,0.005107301753014326
1143,0.014862913638353348
1144,0.023639559745788574
1145,0.008037430234253407
1146,0.010036814957857132
1147,0.008727902546525002
1148,0.009362904354929924
1149,0.009433204308152199
1150,0.004008415155112743
1151,0.02142936922609806
1152,0.0035317481961101294
1153,0.0037257091607898474
1154,0.006361155305057764
1155,0.01709165796637535
1156,0.008022199384868145
1157,0.000977314542979002
1158,0.001266336883418262
1159,0.024435020983219147
1160,0.0026293443515896797
1161,0.002342485822737217
1162,0.0319611020386219
1163,0.022123996168375015
1164,0.008597215637564659
1165,0.032909367233514786
1166,0.015041844919323921
1167,0.0030557760037481785
1168,0.002247678115963936
1169,0.01730107143521309
1170,0.012695053592324257
1171,0.01773177459836006
1172,0.013287422247231007
1173,0.03352914750576019
1174,0.006848900578916073
1175,0.03364243730902672
1176,0.00801133643835783
1177,0.008740022778511047
1178,0.0028346076142042875
1179,0.0013147970894351602
1180,0.024448970332741737
1181,0.0009466856135986745
1182,0.02118111588060856
1183,0.011564870364964008
1184,0.008274824358522892
1185,0.010886910371482372
1186,0.026109999045729637
1187,0.03836870193481445
1188,0.0010863159550353885
1189,0.017170555889606476
1190,0.015300720930099487
1191,0.01513058040291071
1192,0.02421523816883564
1193,0.0018276006449013948
1194,0.0318276546895504
1195,0.035248834639787674
1196,0.010141562670469284
1197,0.016922349110245705
1198,0.01961972564458847
1199,0.05506575480103493
1200,0.03579243645071983
1201,0.0030874505173414946
1202,0.041326556354761124
1203,0.03438952565193176
1204,0.02395414374768734
1205,0.01331355981528759
1206,0.03326653689146042
1207,0.037566330283880234
1208,0.004755144007503986
1209,0.006359912920743227
1210,0.0137082040309906
1211,0.023709697648882866
1212,0.0146053247153759
1213,0.0026693616528064013
1214,0.022700106725096703
1215,0.046065885573625565
1216,0.010926468297839165
1217,0.00565370824187994
1218,0.020880911499261856
1219,0.0016568518476560712
1220,0.027629617601633072
1221,0.0016276051755994558
1222,0.010845628567039967
1223,0.03092978708446026
1224,0.011797631159424782
1225,0.010857624933123589
1226,0.022664351388812065
1227,0.009188258089125156
1228,0.03423042222857475
1229,0.007864873856306076
1230,0.005051015876233578
1231,0.004236123524606228
1232,0.01801498606801033
1233,0.007827209308743477
1234,0.016432972624897957
1235,0.012014525942504406
1236,0.021372893825173378
1237,0.002486787736415863
1238,0.005177679006010294
1239,0.0075658815912902355
1240,0.01166615542024374
1241,0.005777409300208092
1242,0.0024227474350482225
1243,0.024363186210393906
1244,0.011573399417102337
1245,0.004730786196887493
1246,0.025563547387719154
1247,0.031059838831424713
1248,0.01928541250526905
1249,0.002676165895536542
1250,0.017777277156710625
1251,0.005291275214403868
1252,0.009719671681523323
1253,0.008569628931581974
1254,0.002901304280385375
1255,0.014262889511883259
1256,0.004908125381916761
1257,0.01234021969139576
1258,0.006421702913939953
1259,0.005346121732145548
1260,0.006238270550966263
1261,0.014624714851379395
1262,0.0003641102812252939
1263,0.004878102336078882
1264,0.0006255223997868598
1265,0.022803034633398056
1266,0.016223419457674026
1267,0.015824100002646446
1268,0.018926192075014114
1269,0.005723823327571154
1270,0.011587305925786495
1271,0.004718790762126446
1272,0.01444398146122694
1273,0.025859305635094643
1274,0.0037749989423900843
1275,0.020245511084794998
1276,0.009366743266582489
1277,0.029094040393829346
1278,0.0088907890021801
1279,0.017551938071846962
1280,0.009599192999303341
1281,0.010476641356945038
1282,0.01896357722580433
1283,0.015039090067148209
1284,0.013643190264701843
1285,0.02865580841898918
1286,0.006643443368375301
1287,0.0024576904252171516
1288,0.028851807117462158
1289,0.030303314328193665
1290,0.0010736549738794565
1291,0.0016279366100206971
1292,0.028493607416749
1293,0.009123248048126698
1294,0.017652668058872223
1295,0.0029085702262818813
1296,0.022556407377123833
1297,0.02858634479343891
1298,0.003645348595455289
1299,0.00459851510822773
1300,0.0286134984344244
1301,0.0021193819120526314
1302,0.002258483786135912
1303,0.001204721862450242
1304,0.005943720694631338
1305,0.008689438924193382
1306,0.002194486791267991
1307,0.007508379872888327
1308,0.005600422155112028
1309,0.010343506000936031
1310,0.005481462925672531
1311,0.005744751542806625
1312,0.003431519027799368
1313,0.013903538696467876
1314,0.005739664193242788
1315,0.01507431548088789
1316,0.025335753336548805
1317,0.007396321278065443
1318,0.003935920540243387
1319,0.0026854355819523335
1320,0.015854623168706894
1321,0.011376583948731422
1322,0.010238687507808208
1323,0.012979668565094471
1324,0.017530806362628937
1325,0.01856733299791813
1326,0.015366184525191784
1327,0.00911288894712925
1328,0.0029537705704569817
1329,0.0018547523068264127
1330,0.022303225472569466
1331,0.012307594530284405
1332,0.012719371356070042
1333,0.045045726001262665
1334,0.009839136153459549
1335,0.02991035021841526
1336,0.019669853150844574
1337,0.0008791739819571376
1338,0.0011784523958340287
1339,0.005209553521126509
1340,0.01502881571650505
1341,0.009060665033757687
1342,0.0028331601060926914
1343,0.026242893189191818
1344,0.00434438232332468
1345,0.010797753930091858
1346,0.016133621335029602
1347,0.037205811589956284
1348,0.0011450493475422263
1349,0.007901893928647041
1350,0.021167198196053505
1351,0.021096937358379364
1352,0.00169995182659477
1353,0.005177927203476429
1354,0.012983658351004124
1355,0.025642957538366318
1356,0.021119415760040283
1357,0.009616880677640438
1358,0.013307297602295876
1359,0.03616038337349892
1360,0.017237534746527672
1361,0.006040151696652174
1362,0.025157563388347626
1363,0.03196544572710991
1364,0.02719082310795784
1365,0.022908778861165047
1366,0.035384342074394226
1367,0.04719895124435425
1368,0.0006776137161068618
1369,0.04819674789905548
1370,0.03910556063055992
1371,0.0073430659249424934
1372,0.022338487207889557
1373,0.02826702781021595
1374,0.016744153574109077
1375,0.009934022091329098
1376,0.025308402255177498
1377,0.01791265234351158
1378,0.013227586634457111
1379,0.013685745187103748
1380,0.013303720392286777
1381,0.0193758737295866
1382,0.002638396108523011
1383,0.024128122255206108
1384,0.013427895493805408
1385,0.018965475261211395
1386,0.016298633068799973
1387,0.01864127814769745
1388,0.005225475877523422
1389,0.02657764032483101
1390,0.004431633744388819
1391,0.015579823404550552
1392,0.04222944378852844
1393,0.01669837161898613
1394,0.023319413885474205
1395,0.01110598910599947
1396,0.024829482659697533
1397,0.01827048324048519
1398,0.02399851568043232
1399,0.021205615252256393
1400,0.015386953949928284
1401,0.017525868490338326
1402,0.0009583985665813088
1403,0.0071142627857625484
1404,0.01318892277777195
1405,0.0031998944468796253
1406,0.004024696536362171
1407,0.008617977611720562
1408,0.0018566322978585958
1409,0.010499349795281887
1410,0.014883683063089848
1411,0.011423506774008274
1412,0.01593616232275963
1413,0.015584657900035381
1414,0.004514249972999096
1415,0.009591740556061268
1416,0.0008177641429938376
1417,0.019332299008965492
1418,0.004150153137743473
1419,0.0024593311827629805
1420,0.007484853267669678
1421,0.019340218976140022
1422,0.02262851595878601
1423,0.011601608246564865
1424,0.009427912533283234
1425,0.002814543666318059
1426,0.007714908104389906
1427,0.016615305095911026
1428,0.013586035929620266
1429,0.004104960709810257
1430,0.020818207412958145
1431,0.024027112871408463
1432,0.0014260323951020837
1433,0.0005208035581745207
1434,0.027034515514969826
1435,0.011115429922938347
1436,0.0018126160139217973
1437,0.00847356952726841
1438,0.024643365293741226
1439,0.011656866408884525
1440,0.0036711005959659815
1441,0.018533093854784966
1442,0.02046981081366539
1443,0.0016889255493879318
1444,0.008312517777085304
1445,0.014570913277566433
1446,0.0183626189827919
1447,0.01512069720774889
1448,0.0029923440888524055
1449,0.018083924427628517
1450,0.003740239655598998
1451,0.013723109848797321
1452,0.008256888948380947
1453,0.0030821245163679123
1454,0.003151354379951954
1455,0.0030442082788795233
1456,0.012065853923559189
1457,0.0014975903322920203
1458,0.017357097938656807
1459,0.0008988130721263587
1460,0.006223640404641628
1461,0.016432445496320724
1462,0.012219230644404888
1463,0.0067860945127904415
1464,0.008859924040734768
1465,0.004916685167700052
1466,0.016783881932497025
1467,0.005126600619405508
1468,0.008908044546842575
1469,0.01764671877026558
1470,0.0009051333763636649
1471,0.0018643130315467715
1472,0.00586238969117403
1473,0.02417324297130108
1474,0.007738539949059486
1475,0.02303287200629711
1476,0.00687926122918725
1477,0.003376308362931013
1478,0.005535774398595095
1479,0.011547114700078964
1480,0.003964890260249376
1481,0.011976534500718117
1482,0.007743504364043474
1483,0.007505638524889946
1484,0.007121401373296976
1485,0.023472946137189865
1486,0.0174387339502573
1487,0.009767070412635803
1488,0.010957444086670876
1489,0.0239787045866251
1490,0.008669869042932987
1491,0.03651168569922447
1492,0.014531069435179234
1493,0.002744259312748909
1494,0.013778489083051682
1495,0.01610119827091694
1496,0.015575363300740719
1497,0.006864679511636496
1498,0.002768932143226266
1499,0.022862842306494713
1500,0.0036150822415947914
1501,0.001956955064088106
1502,0.004593019839376211
1503,0.010582773014903069
1504,0.0010270687052980065
1505,0.0029504788108170033
1506,0.014633103273808956
1507,0.007525785360485315
1508,0.025485040619969368
1509,0.006609354633837938
1510,0.004257486201822758
1511,0.0179744865745306
1512,0.009447423741221428
1513,0.021979331970214844
1514,0.016428392380475998
1515,0.024600639939308167
1516,0.009640714153647423
1517,0.006010476965457201
1518,0.021878201514482498
1519,0.018548989668488503
1520,0.012777421623468399
1521,0.028455644845962524
1522,0.006173068657517433
1523,0.008218061178922653
1524,0.01349687296897173
1525,0.01928187720477581
1526,0.003483459586277604
1527,0.0217739250510931
1528,0.0076368083246052265
1529,0.0015475082909688354
1530,0.003476100042462349
1531,0.009637875482439995
1532,0.0008261313778348267
1533,0.003320697695016861
1534,0.023335333913564682
1535,0.02058437466621399
1536,0.006738135125488043
1537,0.012747433967888355
1538,0.00779234291985631
1539,0.00550801120698452
1540,0.008631004951894283
1541,0.008035271428525448
1542,0.011177388951182365
1543,0.006522549781948328
1544,0.00403932249173522
1545,0.002503757132217288
1546,0.011657629162073135
1547,0.002672096947208047
1548,0.007765147369354963
1549,0.009610149078071117
1550,0.01849619299173355
1551,0.0029187933541834354
1552,0.009066050872206688
1553,0.014071325771510601
1554,0.006786310113966465
1555,0.0014930719044059515
1556,0.0035025086253881454
1557,0.01306829508394003
1558,0.0016488881083205342
1559,0.006697295233607292
1560,0.0014270589454099536
1561,0.0025921675842255354
1562,0.002343383152037859
1563,0.0007845849613659084
1564,0.0034944170620292425
1565,0.003965320996940136
1566,0.002507411874830723
1567,0.005369541235268116
1568,0.023079393431544304
1569,0.009964856319129467
1570,0.00604227464646101
1571,0.03746780380606651
1572,0.005657732952386141
1573,0.02278967946767807
1574,0.014361647889018059
1575,0.004812807310372591
1576,0.009007017128169537
1577,0.012168362736701965
1578,0.009201398119330406
1579,0.0016263246070593596
1580,0.009988008067011833
1581,0.012626093812286854
1582,0.003989061806350946
1583,0.0024507741909474134
1584,0.017895681783556938
1585,0.009535258635878563
1586,0.0036015005316585302
1587,0.010327070951461792
1588,0.009126308374106884
1589,0.006175815127789974
1590,0.014546474441885948
1591,0.007488838396966457
1592,0.0075521101243793964
1593,0.0077736577950417995
1594,0.0020971104968339205
1595,0.00973165687173605
1596,0.01563548669219017
1597,0.0075466991402208805
1598,0.0013200609246268868
1599,0.010458353906869888
1600,0.003108046483248472
1601,0.006263383664190769
1602,0.004671826492995024
1603,0.0008966458262875676
1604,0.0011419251095503569
1605,0.0006261804373934865
1606,0.00830912683159113
1607,0.003294878639280796
1608,0.00039255787851288915
1609,0.016640130430459976
1610,0.0035057570785284042
1611,0.009136777371168137
1612,0.004002509638667107
1613,0.007355039473623037
1614,0.008015590719878674
1615,0.002186122350394726
1616,0.005569074768573046
1617,0.012206178158521652
1618,0.00698706042021513
1619,0.004360424354672432
1620,0.011408609338104725
1621,0.002779079833999276
1622,0.002946874825283885
1623,0.0006358108948916197
1624,0.0055819181725382805
1625,0.004667512606829405
1626,0.008139342069625854
1627,0.0038445335812866688
1628,0.004247932694852352
1629,0.013057243078947067
1630,0.002493137028068304
1631,0.004849736578762531
1632,0.006499424111098051
1633,0.009546536952257156
1634,0.00042285711970180273
1635,0.010836752131581306
1636,0.003767647547647357
1637,0.010355020873248577
1638,0.0034759724512696266
1639,0.009944137185811996
1640,0.015507449395954609
1641,0.008169464766979218
1642,0.0053159212693572044
1643,0.004945667926222086
1644,0.000941406236961484
1645,0.009872513823211193
1646,0.0024825038854032755
1647,0.00018727419956121594
1648,0.0031763860024511814
1649,0.008571519516408443
1650,0.0011087553575634956
1651,0.011138838715851307
1652,0.00910644605755806
1653,0.0058719138614833355
1654,0.005382344126701355
1655,0.0018816166557371616
1656,0.004864258226007223
1657,0.0033966051414608955
1658,0.0019533848389983177
1659,0.005960194393992424
1660,0.0027530514635145664
1661,0.0024911551736295223
1662,0.015303145162761211
1663,0.0036917258985340595
1664,0.0012812730856239796
1665,0.006903597619384527
1666,0.005430582910776138
1667,0.012684120796620846
1668,0.013464945368468761
1669,0.017899008467793465
1670,0.014079841785132885
1671,0.01699851080775261
1672,0.0046987165696918964
1673,0.010614810511469841
1674,0.012687576934695244
1675,0.019308678805828094
1676,0.007979406043887138
1677,0.013530072756111622
1678,0.010252140462398529
1679,0.009413161315023899
1680,0.00430620601400733
1681,0.005258811172097921
1682,0.0004989287117496133
1683,0.005275352392345667
1684,0.004099186509847641
1685,0.011379471980035305
1686,0.0020264789927750826
1687,0.014535907655954361
1688,0.0014041156973689795
1689,0.010582825168967247
1690,0.0016759196296334267
1691,0.0010965914698317647
1692,0.0004900388303212821
1693,0.001430380973033607
1694,0.01955801248550415
1695,0.0010078410850837827
1696,0.013214188627898693
1697,0.025360465049743652
1698,0.0038810218684375286
1699,0.006915797013789415
1700,0.0292348712682724
1701,0.003837497904896736
1702,0.007950454019010067
1703,0.02642400562763214
1704,0.014330060221254826
1705,0.005825979635119438
1706,0.02498333528637886
1707,0.009636822156608105
1708,0.004608307033777237
1709,0.008039443753659725
1710,0.023195423185825348
1711,0.005648316349834204
1712,0.0015925575280562043
1713,0.010437561199069023
1714,0.027066929265856743
1715,0.0007686454919166863
1716,0.016060620546340942
1717,0.01522474642843008
1718,0.005885120946913958
1719,0.0088689886033535
1720,0.004135013557970524
1721,0.011494499631226063
1722,0.0006000291323289275
1723,0.007020014338195324
1724,0.007414842490106821
1725,0.010289053432643414
1726,0.01804181933403015
1727,0.0034765726886689663
1728,0.01806103065609932
1729,0.020366527140140533
1730,0.013826207257807255
1731,0.02076435089111328
1732,0.006387516390532255
1733,0.007432410027831793
1734,0.009339772164821625
1735,0.00260001583956182
1736,0.01150690671056509
1737,0.003874153597280383
1738,0.016212863847613335
1739,0.013580518774688244
1740,0.002620243700221181
1741,0.010583268478512764
1742,0.00982347596436739
1743,0.0014752798015251756
1744,0.0027538894210010767
1745,0.0047912332229316235
1746,0.006615577731281519
1747,0.0030940822325646877
1748,0.006861221045255661
1749,0.012062516994774342
1750,0.0028899083845317364
1751,0.005931823048740625
1752,0.009623842313885689
1753,0.0038229129277169704
1754,0.013440725393593311
1755,0.001064443145878613
1756,0.012885650619864464
1757,0.016335133463144302
1758,0.008751021698117256
1759,0.004332360345870256
1760,0.034007083624601364
1761,0.005274505820125341
1762,0.01852254569530487
1763,0.02762957662343979
1764,0.023990729823708534
1765,0.008476132526993752
1766,0.0338992103934288
1767,0.015432755462825298
1768,0.006417059805244207
1769,0.014650613069534302
1770,0.03081413358449936
1771,0.015424479730427265
1772,0.018031075596809387
1773,0.023643530905246735
1774,0.01064277533441782
1775,0.002820270601660013
1776,0.012291018851101398
1777,0.01020121481269598
1778,0.008291373960673809
1779,0.005406610202044249
1780,0.019163621589541435
1781,0.020731143653392792
1782,0.008197715505957603
1783,0.01888609305024147
1784,0.005035122856497765
1785,0.0012267004931345582
1786,0.008246492594480515
1787,0.006864952389150858
1788,0.006832482758909464
1789,0.0009944229386746883
1790,0.013123703189194202
1791,0.007902809418737888
1792,0.0025183751713484526
1793,0.008767501451075077
1794,0.0056567066349089146
1795,0.002742355689406395
1796,0.0032225484028458595
1797,0.0030304836109280586
1798,0.0010175303323194385
1799,0.008843926712870598
1800,0.014415226876735687
1801,0.00383793655782938
1802,0.0011730779660865664
1803,0.001965809613466263
1804,0.008755304850637913
1805,0.008868723176419735
1806,0.01023049745708704
1807,0.0010395830031484365
1808,0.018997017294168472
1809,0.002882448025047779
1810,0.006069123279303312
1811,0.00969001092016697
1812,0.017162125557661057
1813,0.0210912823677063
1814,0.01764601655304432
1815,0.0009675404289737344
1816,0.018656641244888306
1817,0.01453598402440548
1818,0.0007429879042319953
1819,0.01722748763859272
1820,0.00813545286655426
1821,0.006599031388759613
1822,0.009270335547626019
1823,0.009262669831514359
1824,0.010824769735336304
1825,0.0016897954046726227
1826,0.0142606096342206
1827,0.01283698994666338
1828,0.0003107106313109398
1829,0.001565965125337243
1830,0.017192045226693153
1831,0.005139964632689953
1832,0.01106766052544117
1833,0.013927514664828777
1834,0.010701101273298264
1835,0.013739973306655884
1836,0.001323110074736178
1837,0.010840661823749542
1838,0.015449503436684608
1839,0.007352930493652821
1840,0.002437206916511059
1841,0.018900608643889427
1842,0.0020294988062232733
1843,0.0025595249608159065
1844,0.0052521624602377415
1845,0.00916604045778513
1846,0.0020856717601418495
1847,0.015031920745968819
1848,0.00935871247202158
1849,0.010210316628217697
1850,0.016541719436645508
1851,0.012227560393512249
1852,0.01493473257869482
1853,0.035794176161289215
1854,0.0028868282679468393
1855,0.021838676184415817
1856,0.020978953689336777
1857,0.002303045941516757
1858,0.011404265649616718
1859,0.013970131985843182
1860,0.015194660052657127
1861,0.0035928813740611076
1862,0.01665128953754902
1863,0.010528375394642353
1864,0.004946612752974033
1865,0.0018871367210522294
1866,0.016793422400951385
1867,0.008885075338184834
1868,0.0037059022579342127
1869,0.0012729257578030229
1870,0.002602894091978669
1871,0.0033256777096539736
1872,0.008709016256034374
1873,0.007468908093869686
1874,0.010738080367445946
1875,0.005938297603279352
1876,0.007318282034248114
1877,0.004226387944072485
1878,0.002254920545965433
1879,0.0033290099818259478
1880,0.009861882776021957
1881,0.0012798212701454759
1882,0.008597197011113167
1883,0.005244834814220667
1884,0.009726099669933319
1885,0.004165088292211294
1886,0.008609519340097904
1887,0.008229564875364304
1888,0.0013666147133335471
1889,0.0031798093114048243
1890,0.007640429772436619
1891,0.003988336306065321
1892,0.010184258222579956
1893,0.003065770957618952
1894,0.011579583398997784
1895,0.0038124211132526398
1896,0.005629889201372862
1897,0.009554046206176281
1898,0.004359056241810322
1899,0.007700840011239052
1900,0.004669662099331617
1901,0.0020998490508645773
1902,0.002417217008769512
1903,0.0050616213120520115
1904,0.009129835292696953
1905,0.007046325597912073
1906,0.003202808555215597
1907,0.0063674552366137505
1908,0.01087055541574955
1909,0.0007577327778562903
1910,0.00047630767221562564
1911,0.0027999458834528923
1912,0.004673679359257221
1913,0.008955266326665878
1914,0.0023252812679857016
1915,0.0018149538664147258
1916,0.012957481667399406
1917,0.015934482216835022
1918,0.009960763156414032
1919,0.018255669623613358
1920,0.009791300632059574
1921,0.0013684084406122565
1922,0.021764151751995087
1923,0.0230754055082798
1924,0.014620132744312286
1925,0.01716737262904644
1926,0.014079752378165722
1927,0.001358948415145278
1928,0.02944866754114628
1929,0.0016577730420976877
1930,0.0037385611794888973
1931,0.0059977564960718155
1932,0.009949947707355022
1933,0.006177743896842003
1934,0.00012783215788658708
1935,0.0038331556133925915
1936,0.000981054501608014
1937,0.007924443110823631
1938,0.0008512292406521738
1939,0.016631709411740303
1940,0.00291547947563231
1941,0.0029546867590397596
1942,0.013091581873595715
1943,0.009755252860486507
1944,0.0013660697732120752
1945,0.01583968475461006
1946,0.010970966890454292
1947,0.004419653210788965
1948,0.012128053233027458
1949,0.00650773523375392
1950,0.000950081564951688
1951,0.00535964360460639
1952,0.010151891969144344
1953,0.0006315095233730972
1954,0.009306835941970348
1955,0.00972732249647379
1956,0.00513714412227273
1957,0.00655059888958931
1958,0.006404094863682985
1959,0.0031771077774465084
1960,0.0007712373626418412
1961,0.01430805865675211
1962,0.0007867327076382935
1963,0.011999312788248062
1964,0.0028483769856393337
1965,0.0026094950735569
1966,0.011110923252999783
1967,0.003871380817145109
1968,0.003251574235036969
1969,0.017797112464904785
1970,0.00045933190267533064
1971,0.005133097525686026
1972,0.014918243512511253
1973,0.010896814055740833
1974,0.016591323539614677
1975,0.014341260306537151
1976,0.004773343913257122
1977,0.0015736413188278675
1978,0.013101054355502129
1979,0.007399088237434626
1980,0.003878641640767455
1981,0.007309946697205305
1982,0.015655523166060448
1983,0.004313697572797537
1984,0.009667651727795601
1985,0.012564428150653839
1986,0.003046868136152625
1987,0.01495297346264124
1988,0.019226398319005966
1989,0.00716808345168829
1990,0.015761008486151695
1991,0.01005284208804369
1992,0.008082144893705845
1993,0.0016442282358184457
1994,0.0008343265508301556
1995,0.007090451195836067
1996,0.002115381183102727
1997,0.0036849218886345625
1998,0.00863316934555769
1999,0.002310745418071747
2000,0.010372882708907127
2001,0.007399674039334059
2002,0.017019618302583694
2003,0.002718554111197591
2004,0.006167860701680183
2005,0.004295332822948694
2006,0.004464934580028057
2007,0.012095371261239052
2008,0.0086903665214777
2009,0.00332674034871161
2010,0.0033925315365195274
2011,0.0010728962952271104
2012,0.008826817385852337
2013,0.004531152080744505
2014,0.011203212663531303
2015,0.006971977651119232
2016,0.0012062654132023454
2017,0.01991323195397854
2018,0.01573132909834385
2019,0.009783633053302765
2020,0.02747957967221737
2021,0.007203526329249144
2022,0.009252007119357586
2023,0.03212496638298035
2024,0.0010049233678728342
2025,0.012751511298120022
2026,0.015637360513210297
2027,0.01492261327803135
2028,0.00920860841870308
2029,0.0206756591796875
2030,0.01330932043492794
2031,0.0012180282501503825
2032,0.02433980070054531
2033,0.009353733621537685
2034,0.010577538050711155
2035,0.007630405947566032
2036,0.009299314580857754
2037,0.01061063539236784
2038,0.008603923954069614
2039,0.000710745807737112
2040,0.012926710769534111
2041,0.004389572888612747
2042,0.008290317840874195
2043,0.0016628130106255412
2044,0.004013902507722378
2045,0.001030824496410787
2046,0.0020483024418354034
2047,0.007413872051984072
2048,0.0030146357603371143
2049,0.0020613304805010557
2050,0.013899666257202625
2051,0.002015669597312808
2052,0.0002625613415148109
2053,0.012577065266668797
2054,0.010894235223531723
2055,0.001714859390631318
2056,0.012290370650589466
2057,0.008710762485861778
2058,0.0003007091290783137
2059,0.007079642731696367
2060,0.009688124991953373
2061,0.001451642718166113
2062,0.007965571247041225
2063,0.003048680257052183
2064,0.004994251765310764
2065,0.0025410987436771393
2066,0.011086809448897839
2067,0.004217635840177536
2068,0.0027100667357444763
2069,0.0140510443598032
2070,0.003631194122135639
2071,0.006978932768106461
2072,0.002125493483617902
2073,0.0027981188613921404
2074,0.0030455125961452723
2075,0.0009306477149948478
2076,0.001718094339594245
2077,0.007770075462758541
2078,0.00804175529628992
2079,0.0048504965379834175
2080,0.005219143349677324
2081,0.0049212281592190266
2082,0.008255735039710999
2083,0.0023096909280866385
2084,0.0010954912286251783
2085,0.007602691184729338
2086,0.0033499314449727535
2087,0.0003706116694957018
2088,0.005231616552919149
2089,0.0034666555002331734
2090,0.018282238394021988
2091,0.0050162989646196365
2092,0.01239761896431446
2093,0.005009796470403671
2094,0.0013252627104520798
2095,0.004438295960426331
2096,0.010503645054996014
2097,0.007896386086940765
2098,0.00570309953764081
2099,0.00020650026272051036
2100,0.013105729594826698
2101,0.0059916237369179726
2102,0.012376135215163231
2103,0.015225831419229507
2104,0.0027244610246270895
2105,0.012342257425189018
2106,0.021372167393565178
2107,0.0006452484522014856
2108,0.018998444080352783
2109,0.020003343001008034
2110,0.005120777990669012
2111,0.01722637191414833
2112,0.01434171013534069
2113,0.00394739443436265
2114,0.015898343175649643
2115,0.016475973650813103
2116,0.0016920323250815272
2117,0.021930256858468056
2118,0.022142212837934494
2119,0.0072317104786634445
2120,0.01596877910196781
2121,0.02337406761944294
2122,0.004307655151933432
2123,0.01824931800365448
2124,0.014900893904268742
2125,0.0032344749197363853
2126,0.011294487863779068
2127,0.009696688503026962
2128,0.0017434855690225959
2129,0.007928879000246525
2130,0.01135383639484644
2131,0.0011398050701245666
2132,0.0030923238955438137
2133,0.014095362275838852
2134,0.0038727466017007828
2135,0.005745945498347282
2136,0.01880892738699913
2137,0.005962334107607603
2138,0.0077898018062114716
2139,0.028131995350122452
2140,0.0052319904789328575
2141,0.002473032334819436
2142,0.010022101923823357
2143,0.011843837797641754
2144,0.00191018870100379
2145,0.008041429333388805
2146,0.018792778253555298
2147,0.001895909197628498
2148,0.004139163065701723
2149,0.01592016965150833
2150,0.005479017738252878
2151,0.0059152934700250626
2152,0.01650143414735794
2153,0.000541536370292306
2154,0.011901237070560455
2155,0.008644682355225086
2156,0.003964094445109367
2157,0.0056939744390547276
2158,0.004627489950507879
2159,0.003662755712866783
2160,0.005735207349061966
2161,0.005596546921879053
2162,0.0012080071028321981
2163,0.007653265260159969
2164,0.007313581649214029
2165,0.006140943616628647
2166,0.0036087536718696356
2167,0.0067095207050442696
2168,0.0027461284771561623
2169,0.002782216062769294
2170,0.009949951432645321
2171,0.01092382613569498
2172,0.0014223449397832155
2173,0.003578648902475834
2174,0.015333432704210281
2175,0.001445828820578754
2176,0.006462972145527601
2177,0.013107850216329098
2178,0.007968205958604813
2179,0.014339983463287354
2180,0.004860712215304375
2181,0.004511917941272259
2182,0.004238886758685112
2183,0.002276525367051363
2184,0.00018325199198443443
2185,0.010546945966780186
2186,0.0020290054380893707
2187,0.0089943315833807
2188,0.004073344636708498
2189,0.006109210662543774
2190,0.0013821289176121354
2191,0.0003422133740969002
2192,0.014986262656748295
2193,0.00647992268204689
2194,0.018804043531417847
2195,0.003272240748628974
2196,0.012488964945077896
2197,0.003440657863393426
2198,0.001207473105750978
2199,0.005394010338932276
2200,0.009910034947097301
2201,0.002977382857352495
2202,0.009857951663434505
2203,0.01064927875995636
2204,0.0007744375616312027
2205,0.011473282240331173
2206,0.006619095336645842
2207,0.009540848433971405
2208,0.00032197704422287643
2209,0.003171778516843915
2210,0.005339331924915314
2211,0.009957422502338886
2212,0.003123610746115446
2213,0.000727857812307775
2214,0.013622312806546688
2215,0.0031917826272547245
2216,0.004339862614870071
2217,0.003299400908872485
2218,0.01203131303191185
2219,0.011796150356531143
2220,0.009565796703100204
2221,0.0011418985668569803
2222,0.008316765539348125
2223,0.006792587228119373
2224,0.007200425956398249
2225,0.0017365517560392618
2226,0.004814793821424246
2227,0.0034637772478163242
2228,0.006493769586086273
2229,0.0007821104372851551
2230,0.00300433486700058
2231,0.015912996605038643
2232,0.0025301887653768063
2233,0.008835650980472565
2234,0.0025445790961384773
2235,0.0035384371876716614
2236,0.001285896054469049
2237,0.0007889841799624264
2238,0.009990003891289234
2239,0.0023594966623932123
2240,0.015054010786116123
2241,0.006905741523951292
2242,0.006015859078615904
2243,0.012804516591131687
2244,0.0056334249675273895
2245,0.004120020195841789
2246,0.013897518627345562
2247,0.0032617663964629173
2248,0.006632436532527208
2249,0.011280717328190804
2250,0.004680009093135595
2251,0.004787571728229523
2252,0.009777605533599854
2253,0.008523030206561089
2254,0.010085477493703365
2255,0.006107115652412176
2256,0.0004241048009134829
2257,0.0003488452348392457
2258,0.009425582364201546
2259,0.00533899012953043
2260,0.006903692148625851
2261,0.005711724981665611
2262,0.006352500524371862
2263,0.0022906616795808077
2264,0.008889897726476192
2265,0.008790704421699047
2266,0.002871849574148655
2267,0.01563720405101776
2268,0.006412745453417301
2269,0.0017730799736455083
2270,0.010561800561845303
2271,0.01923396997153759
2272,0.0012190149864181876
2273,0.018220791593194008
2274,0.020365163683891296
2275,0.003635349916294217
2276,0.020232006907463074
2277,0.015624954365193844
2278,0.0027866067830473185
2279,0.023044932633638382
2280,0.004415944684296846
2281,0.005989015102386475
2282,0.015602869912981987
2283,0.002264459151774645
2284,0.007319112308323383
2285,0.006915318313986063
2286,0.007968401536345482
2287,0.0012812173226848245
2288,0.0017116275848820806
2289,0.008111465722322464
2290,0.013021498918533325
2291,0.007177433930337429
2292,0.007753706071525812
2293,0.008829446509480476
2294,0.006868315860629082
2295,0.007607827428728342
2296,0.016976522281765938
2297,0.0020437489729374647
2298,0.011721273884177208
2299,0.014155344106256962
2300,0.00451139360666275
