iteration,joint_total,joint_task,joint_domain,joint_fuzzy,joint_orthogonality,meta_total,meta_support,meta_query,meta_query_protocol,body_update_norm,joint_gradient_norm,meta_gradient_norm,grl_strength,source_validation_mae_cycles
1,0.8223177790641785,0.6015641689300537,2.1961522102355957,0.0053903479129076,0.008688611909747124,0.9740583896636963,0.429248183965683,0.5448102355003357,protocol_2,0.010077671147882938,0.8102599382400513,1.9271920919418335,0.0033333209877091097,
2,0.6618767976760864,0.43984633684158325,2.21559476852417,0.00372585142031312,0.002847533207386732,0.8191279172897339,0.4854549169540405,0.33367300033569336,protocol_3,0.004614564590156078,0.651211142539978,1.0691701173782349,0.006666567902990472,
3,0.6562657952308655,0.434780478477478,2.188718318939209,0.005885279271751642,0.02319217473268509,0.9912500381469727,0.49094417691230774,0.5003058314323425,protocol_4,0.004556237254291773,0.40193209052085876,2.9364092350006104,0.00999966667999952,
4,0.6962040662765503,0.47374024987220764,2.2070059776306152,0.006905409507453442,0.014179338701069355,1.0173684358596802,0.34210315346717834,0.6752653121948242,protocol_5,0.006806101184338331,0.6644496321678162,2.400512218475342,0.01333254326605915,
5,0.6006167531013489,0.37854328751564026,2.2071967124938965,0.007473932579159737,0.009800579398870468,0.9658446311950684,0.3528335988521576,0.6130110025405884,protocol_6,0.007183917332440615,0.9054210186004639,2.8946168422698975,0.016665123628238687,
6,0.6594015955924988,0.4382377564907074,2.198741912841797,0.006682600826025009,0.009555237367749214,0.8638449311256409,0.5201716423034668,0.3436732888221741,protocol_7,0.003025730373337865,1.047338843345642,2.056509256362915,0.01999733375993107,
7,0.5783975720405579,0.35769781470298767,2.1904854774475098,0.006836960092186928,0.013093961402773857,0.8040816187858582,0.5300186276435852,0.27406299114227295,protocol_8,0.0028350893408060074,1.2361717224121094,2.849135160446167,0.023329099687423804,
8,0.584996223449707,0.36147111654281616,2.2208094596862793,0.005249892361462116,0.01181686669588089,1.0392818450927734,0.48474884033203125,0.554533064365387,protocol_9,0.0041048284620046616,0.5632885098457336,1.6479030847549438,0.02666034747646484,
9,0.5615472793579102,0.3436303436756134,2.1691031455993652,0.005034640431404114,0.007548768073320389,0.6130766868591309,0.3211103677749634,0.2919663190841675,protocol_10,0.0023306962102651596,1.1067944765090942,1.349770426750183,0.02999100323881998,
10,0.5619821548461914,0.3415001332759857,2.198017120361328,0.005002424120903015,0.004302471876144409,0.6786964535713196,0.4297633767127991,0.24893306195735931,protocol_2,0.007191312033683062,0.8654847741127014,2.2517120838165283,0.03332099313882275,
11,0.5806940793991089,0.3614214062690735,2.1863059997558594,0.005095720291137695,0.0038724050391465425,1.145708441734314,0.3444336950778961,0.8012747168540955,protocol_3,0.004302214365452528,1.0224852561950684,2.9174728393554688,0.03665024339991274,
12,0.5675853490829468,0.3480443060398102,2.1890947818756104,0.006289341952651739,0.003171198535710573,0.5783987045288086,0.4309389889240265,0.1474597156047821,protocol_4,0.005654324311763048,0.859329104423523,2.595633029937744,0.039978680311163695,
13,0.5776563882827759,0.3602081537246704,2.1696972846984863,0.005075729452073574,0.0022469768300652504,0.8341860175132751,0.3065177798271179,0.5276682376861572,protocol_5,0.004219000227749348,0.7459637522697449,1.0231927633285522,0.043306230233800314,
14,0.530698299407959,0.311880886554718,2.183332681655884,0.004833482205867767,0.0024242845829576254,0.8205308318138123,0.38333895802497864,0.4371918737888336,protocol_6,0.003897983580827713,1.1860851049423218,2.598788022994995,0.04663281960770016,
15,0.5865997076034546,0.3656332492828369,2.20497989654541,0.004684804938733578,0.0023422446101903915,0.6361263990402222,0.39563044905662537,0.2404959499835968,protocol_7,0.008194366469979286,1.2173880338668823,2.385061740875244,0.049958374957880025,
16,0.5770508646965027,0.36004242300987244,2.1650447845458984,0.005290504544973373,0.002394313458353281,0.7977275252342224,0.4201728403568268,0.37755468487739563,protocol_8,0.003865292528644204,1.476322054862976,1.2929658889770508,0.05328282290096786,
17,0.5799325108528137,0.36266419291496277,2.167318820953369,0.007100890856236219,0.001813799375668168,0.5880183577537537,0.3620868921279907,0.22593145072460175,protocol_9,0.013234463520348072,0.9184750318527222,2.4656789302825928,0.05660609015165763,
18,0.5893554091453552,0.3722538650035858,2.1650261878967285,0.006515707820653915,0.002731287619099021,0.5320888757705688,0.23358756303787231,0.2985013425350189,protocol_10,0.013582021929323673,0.8265681266784668,2.757981538772583,0.05992810352914346,
19,0.5775212049484253,0.36089178919792175,2.15993070602417,0.007151508703827858,0.002787986770272255,0.4683210253715515,0.21052713692188263,0.2577939033508301,protocol_2,0.008665287867188454,2.221362590789795,1.722324013710022,0.06324878996353722,
20,0.5379623174667358,0.3216342329978943,2.156555652618408,0.0072339377366006374,0.0031083354260772467,0.7802959084510803,0.32721853256225586,0.45307737588882446,protocol_3,0.005510805174708366,0.7257400751113892,2.1837503910064697,0.06656807650226271,
21,0.49816927313804626,0.2792941927909851,2.1832468509674072,0.006721077486872673,0.0021433387883007526,0.4621928632259369,0.22814007103443146,0.23405279219150543,protocol_4,0.01199933048337698,0.7375530004501343,2.5774710178375244,0.069885890316429,
22,0.5707105398178101,0.3556807339191437,2.1446077823638916,0.006788425147533417,0.0022961061913520098,0.7067505121231079,0.2830602526664734,0.4236902594566345,protocol_5,0.005525113083422184,0.7895378470420837,1.5213896036148071,0.07320215870718139,
23,0.5111687779426575,0.295091837644577,2.1556944847106934,0.006364238448441029,0.0018923835596069694,0.616664469242096,0.24921171367168427,0.3674527406692505,protocol_6,0.0035925351548939943,0.5921253561973572,2.4324309825897217,0.0765168091120263,
24,0.5800737142562866,0.36289626359939575,2.167625904083252,0.006621655076742172,0.0008371574804186821,0.5629648566246033,0.3321681618690491,0.2307967096567154,protocol_7,0.00754740322008729,0.5028528571128845,2.8219940662384033,0.07982976911113138,
25,0.5508394241333008,0.3334571123123169,2.1701974868774414,0.006223695352673531,0.000513725564815104,0.910010576248169,0.29721948504447937,0.612791121006012,protocol_8,0.009235009551048279,1.2276005744934082,1.0834790468215942,0.0831409664335998,220.42630004882812
26,0.4408198893070221,0.22577831149101257,2.1451666355133057,0.008683308959007263,0.000907433102838695,0.7485585808753967,0.20225758850574493,0.546301007270813,protocol_9,0.007035252638161182,1.2250338792800903,1.9561448097229004,0.0864503289637153,
27,0.5206552147865295,0.306770384311676,2.133213520050049,0.008454319089651108,0.0014074541395530105,0.4776598811149597,0.2882775366306305,0.18938235938549042,protocol_10,0.008751755580306053,0.4815361797809601,1.4523509740829468,0.08975778474716023,
28,0.4973861575126648,0.2844262719154358,2.1232218742370605,0.009415773674845695,0.0016693266807124019,0.48878252506256104,0.3292786478996277,0.15950389206409454,protocol_2,0.007779755163937807,0.9441013336181641,2.891449451446533,0.09306326199720005,
29,0.465870201587677,0.2526366710662842,2.125056505203247,0.010234610177576542,0.002161653246730566,0.4188730716705322,0.23367272317409515,0.18520033359527588,protocol_3,0.008416700176894665,0.6416351795196533,1.882136583328247,0.0963666891008419,
30,0.5045040249824524,0.2894201874732971,2.1429951190948486,0.01037859357893467,0.002654009498655796,0.3906310796737671,0.2811117172241211,0.10951936990022659,protocol_4,0.0038758516311645508,0.8637412190437317,1.6516401767730713,0.0996679946249559,
31,0.5104196667671204,0.29782870411872864,2.1182751655578613,0.010773744434118271,0.0022479745093733072,0.5912940502166748,0.28784826397895813,0.3034457862377167,protocol_5,0.00844524148851633,1.457064151763916,4.3844733238220215,0.10296710732236503,
32,0.5035783052444458,0.28971466422080994,2.131476402282715,0.011386103928089142,0.0014667448122054338,0.2985932528972626,0.24675574898719788,0.0518374964594841,protocol_6,0.011513764038681984,0.9172088503837585,1.4384068250656128,0.1062639561379024,
33,0.5238261818885803,0.31003841757774353,2.130805492401123,0.010954881086945534,0.0015946123749017715,0.4477260112762451,0.35337647795677185,0.09434954822063446,protocol_7,0.010127177461981773,1.2120647430419922,1.4483070373535156,0.10955847021442966,
34,0.4851314425468445,0.2734743058681488,2.1097185611724854,0.011574127711355686,0.0010656215017661452,0.8765699863433838,0.2896513342857361,0.5869186520576477,protocol_8,0.0031694346107542515,0.6073049902915955,1.457440733909607,0.11285057889882033,
35,0.5202444791793823,0.3056905269622803,2.135887384414673,0.01612795516848564,0.0015884980093687773,0.7556862831115723,0.3346130847930908,0.42107319831848145,protocol_9,0.005375761538743973,1.3622980117797852,1.6984388828277588,0.11614021174790645,
36,0.51981520652771,0.31038814783096313,2.0855016708374023,0.014493865892291069,0.0015221040230244398,0.4178332984447479,0.2540621757507324,0.1637711226940155,protocol_10,0.004767020232975483,1.0749269723892212,2.383673667907715,0.11942729853438583,
37,0.48413872718811035,0.2742299735546112,2.089993476867676,0.014732287265360355,0.0017276653088629246,0.6292239427566528,0.4492107629776001,0.18001320958137512,protocol_2,0.0054922751151025295,1.0337059497833252,2.1571390628814697,0.12271176925268779,
38,0.3897359073162079,0.1784559190273285,2.099062442779541,0.019895244389772415,0.0037896183785051107,0.5528227686882019,0.2840418815612793,0.2687808871269226,protocol_3,0.0071629490703344345,1.2667700052261353,3.4688737392425537,0.12599355412480095,
39,0.5520432591438293,0.34235578775405884,2.082233428955078,0.017703939229249954,0.005789550952613354,0.633037805557251,0.32812660932540894,0.30491119623184204,protocol_4,0.004418725613504648,0.9504943490028381,3.9436087608337402,0.12927258360605842,
40,0.47114017605781555,0.2571913003921509,2.1252591609954834,0.018696825951337814,0.00488146161660552,0.4384152293205261,0.3050268292427063,0.13338838517665863,protocol_5,0.010093257762491703,0.9794150590896606,3.4569711685180664,0.13254878839087847,
41,0.5096765756607056,0.3016691505908966,2.0645174980163574,0.019935671240091324,0.005589173175394535,0.7735628485679626,0.25613242387771606,0.5174304246902466,protocol_6,0.01816583424806595,0.7185587882995605,3.578425407409668,0.13582209941846446,
42,0.530881941318512,0.3154236078262329,2.138889789581299,0.02013142593204975,0.005628075450658798,0.48629629611968994,0.39890754222869873,0.08738873898983002,protocol_7,0.008454655297100544,1.234532356262207,2.7401785850524902,0.1390924478784581,
43,0.5134103298187256,0.305141419172287,2.0664544105529785,0.021768484264612198,0.00534987123683095,0.733799934387207,0.3157218098640442,0.41807812452316284,protocol_8,0.005240853410214186,1.2287667989730835,1.5137275457382202,0.14235976521654714,
44,0.5216242074966431,0.30792921781539917,2.121878147125244,0.02140917256474495,0.00436720997095108,0.6940762996673584,0.21245944499969482,0.4816168546676636,protocol_9,0.014039574190974236,0.7455021739006042,1.9993776082992554,0.14562398314002767,
45,0.5585747957229614,0.34847548604011536,2.082058906555176,0.023663394153118134,0.00710236094892025,0.5759782791137695,0.3017512559890747,0.2742270529270172,protocol_10,0.008233034051954746,1.1043950319290161,1.77593195438385,0.14888503362331806,
46,0.4988546371459961,0.2886687219142914,2.083256244659424,0.025694331154227257,0.005755825433880091,0.6426103711128235,0.3597717583179474,0.2828386127948761,protocol_2,0.007030514068901539,0.8438920378684998,1.8885668516159058,0.15214284891342422,
47,0.48058339953422546,0.26722151041030884,2.1178035736083984,0.023909417912364006,0.003860512748360634,0.6655158996582031,0.26183021068573,0.40368565917015076,protocol_3,0.0047686477191746235,0.4187145531177521,1.4333947896957397,0.15539736153535721,
48,0.42381927371025085,0.20829236507415771,2.1407012939453125,0.01962335593998432,0.0047559174709022045,0.46259549260139465,0.38336145877838135,0.0792340412735939,protocol_4,0.005602077580988407,0.6173563003540039,1.6103438138961792,0.158648504297499,
49,0.5137712955474854,0.30264467000961304,2.091433525085449,0.02643977850675583,0.0066133467480540276,0.8720840811729431,0.2925500273704529,0.5795340538024902,protocol_5,0.012712867930531502,0.8437117338180542,5.495380878448486,0.16189621029691703,
50,0.5070679187774658,0.3013762831687927,2.0356802940368652,0.027639949694275856,0.00741602573543787,0.6234890818595886,0.18952305614948273,0.4339660108089447,protocol_6,0.006091433577239513,1.407668113708496,1.9676029682159424,0.16514041292462944,273.76690673828125
51,0.4888850450515747,0.27739304304122925,2.09336256980896,0.029320940375328064,0.006896981969475746,0.2896467447280884,0.2612961232662201,0.02835063450038433,protocol_7,0.00391552597284317,0.821079432964325,1.3563897609710693,0.16838104587081482,
52,0.4679855406284332,0.26087290048599243,2.0493173599243164,0.030329398810863495,0.006644490174949169,0.45262062549591064,0.2695756256580353,0.18304498493671417,protocol_8,0.0040953997522592545,1.0585308074951172,1.4485117197036743,0.17161804312996987,
53,0.5365396738052368,0.32217860221862793,2.1219382286071777,0.03184770420193672,0.005748507101088762,0.6291857957839966,0.14419212937355042,0.48499366641044617,protocol_9,0.003139003412798047,0.515045166015625,1.268419861793518,0.17485133900601246,
54,0.5660067200660706,0.36182117462158203,2.0221636295318604,0.031269967555999756,0.004056964069604874,0.5189920663833618,0.32073041796684265,0.19826161861419678,protocol_10,0.0047658407129347324,0.6838515400886536,1.843402624130249,0.17808086811733026,
55,0.4726688265800476,0.2653408944606781,2.053748607635498,0.03157007321715355,0.0037456797435879707,0.5587160587310791,0.23569785058498383,0.3230181932449341,protocol_2,0.004278268199414015,0.6125705242156982,3.1747021675109863,0.1813065654017716,
56,0.505786657333374,0.29474055767059326,2.0916037559509277,0.030763983726501465,0.003474981989711523,0.8348796963691711,0.276122510433197,0.5587571859359741,protocol_3,0.004183183889836073,0.5717290043830872,2.390711545944214,0.18452836612158308,
57,0.45516201853752136,0.2446860522031784,2.084845781326294,0.03248400613665581,0.0036720677744597197,0.4628775715827942,0.22823487222194672,0.23464268445968628,protocol_4,0.004399004392325878,0.7613932490348816,3.4973840713500977,0.1877462058682855,
58,0.4416339695453644,0.23448188602924347,2.052158832550049,0.031170589849352837,0.003776507917791605,0.6492735147476196,0.31530556082725525,0.33396798372268677,protocol_5,0.004505924880504608,1.0105875730514526,2.1052398681640625,0.1909600205674966,
59,0.35807207226753235,0.15542125701904297,2.0037755966186523,0.04038769751787186,0.0025386144407093525,0.700456976890564,0.3485387861728668,0.35191819071769714,protocol_6,0.007063513156026602,0.6954496502876282,1.9277315139770508,0.19416974648369112,
60,0.47532278299331665,0.2704552710056305,2.024090051651001,0.04109750688076019,0.004036403726786375,0.4111657440662384,0.24293400347232819,0.16823174059391022,protocol_7,0.008286111056804657,1.2382110357284546,2.586054801940918,0.197375320224904,
61,0.48781922459602356,0.2829154431819916,2.026477813720703,0.037401940673589706,0.0038592256605625153,0.6054519414901733,0.28889358043670654,0.3165583312511444,protocol_8,0.006912220269441605,0.9450603723526001,2.2524869441986084,0.20057667874737128,
62,0.49795255064964294,0.2848074436187744,2.1066455841064453,0.03641388565301895,0.0065985736437141895,0.4161263406276703,0.230340838432312,0.18578550219535828,protocol_9,0.010451678186655045,1.231581211090088,2.609339714050293,0.20377375936011322,
63,0.4874500632286072,0.278715580701828,2.0665767192840576,0.03437885642051697,0.0035787008237093687,0.5108852982521057,0.24742545187473297,0.26345986127853394,protocol_10,0.011020145379006863,0.8440572023391724,2.1146578788757324,0.2069664997294527,
64,0.5180435180664062,0.3112720251083374,2.047031879425049,0.03296997398138046,0.004198181442916393,0.5300002694129944,0.3192887008190155,0.21071156859397888,protocol_2,0.00510809849947691,1.1236623525619507,5.440725803375244,0.210154837883475,
65,0.4638163149356842,0.2543131709098816,2.0790863037109375,0.02736005187034607,0.002265071263536811,0.29931434988975525,0.1768595427274704,0.12245479971170425,protocol_3,0.011496670544147491,0.8365313410758972,2.0031044483184814,0.21333871221642275,
66,0.4429651200771332,0.23481033742427826,2.061352252960205,0.037205420434474945,0.001593082444742322,0.4588090181350708,0.22057175636291504,0.23823724687099457,protocol_4,0.02590593881905079,1.5742125511169434,3.2456226348876953,0.21651806149302866,
67,0.43100976943969727,0.22797870635986328,2.0078227519989014,0.03997734934091568,0.0024987971410155296,0.7683442234992981,0.3598836362361908,0.4084605872631073,protocol_5,0.003423911752179265,1.2739880084991455,3.200711965560913,0.21969282485278452,
68,0.38729962706565857,0.1838378757238388,2.011448383331299,0.03996545076370239,0.0031864987686276436,0.37400251626968384,0.3242295980453491,0.04977291449904442,protocol_6,0.010478761047124863,0.9294491410255432,1.7767914533615112,0.22286294181414545,
69,0.46876096725463867,0.26534560322761536,2.008718729019165,0.04378599300980568,0.0035418933257460594,0.38197559118270874,0.22142620384693146,0.16054938733577728,protocol_7,0.004263185430318117,0.6955448389053345,1.804543375968933,0.22602835227867102,
70,0.44406774640083313,0.24045902490615845,2.0113401412963867,0.04467478394508362,0.0024096458218991756,0.508517324924469,0.19128116965293884,0.31723615527153015,protocol_8,0.00842832587659359,1.01231849193573,2.324615716934204,0.22918899653509905,
71,0.4058792293071747,0.19262278079986572,2.1126842498779297,0.03466908633708954,0.002545835915952921,0.46513813734054565,0.12628234922885895,0.3388557732105255,protocol_9,0.0030693812295794487,0.8223450779914856,1.6589750051498413,0.2323448152633556,
72,0.4546120762825012,0.24857547879219055,2.0349345207214355,0.04548150673508644,0.0026909466832876205,0.3372744917869568,0.2322397530078888,0.10503474622964859,protocol_10,0.008513710461556911,1.0931603908538818,2.32094144821167,0.23549574953849794,
73,0.41742780804634094,0.2152731716632843,1.9924123287200928,0.05042541027069092,0.003921154886484146,0.24775861203670502,0.19714857637882233,0.05061003938317299,protocol_2,0.0026830097194761038,0.9983212351799011,2.174389362335205,0.23864174083459022,
74,0.4050768315792084,0.2003270983695984,2.0189249515533447,0.04959862306714058,0.0037731146439909935,0.38820070028305054,0.21154676377773285,0.1766539216041565,protocol_3,0.010331336408853531,0.61821448802948,2.4787096977233887,0.2417827310285139,
75,0.465304434299469,0.26314234733581543,1.9976309537887573,0.04118584841489792,0.0033968768548220396,0.3837178349494934,0.2180282175540924,0.165689617395401,protocol_4,0.0096933264285326,0.5512295961380005,1.8473942279815674,0.2449186624037092,204.3955841064453
76,0.37256860733032227,0.17207100987434387,1.9809463024139404,0.041093774139881134,0.0034827368799597025,0.40133044123649597,0.11504471302032471,0.28628572821617126,protocol_5,0.007633369881659746,0.7499117255210876,4.030615329742432,0.24804947765384933,
77,0.41234225034713745,0.2135571539402008,1.9585585594177246,0.04835033416748047,0.005117358639836311,0.2903366684913635,0.2239626795053482,0.06637398153543472,protocol_6,0.0046541146002709866,1.1799243688583374,1.1286132335662842,0.2511751198864467,
78,0.4413883090019226,0.23649439215660095,2.020014524459839,0.04844997450709343,0.004699592478573322,0.373803973197937,0.28324246406555176,0.09056152403354645,protocol_7,0.0030189803801476955,1.3224986791610718,1.0661966800689697,0.25429553262639115,
79,0.48177045583724976,0.27179211378097534,2.069973945617676,0.051827095448970795,0.0038959807716310024,0.5553703904151917,0.25525593757629395,0.3001144528388977,protocol_8,0.008749762549996376,0.7553667426109314,1.6244632005691528,0.2574106598194166,
80,0.44464364647865295,0.2420566827058792,1.9956128597259521,0.05295424163341522,0.0037797573022544384,0.4368428587913513,0.20071808993816376,0.23612475395202637,protocol_9,0.006956440396606922,0.8034694194793701,1.1752800941467285,0.2605204458355026,
81,0.45796632766723633,0.2511252164840698,2.041985034942627,0.047628484666347504,0.00261175655759871,0.30584344267845154,0.22790677845478058,0.07793667167425156,protocol_10,0.0030730715952813625,0.7221014499664307,1.6627553701400757,0.2636248354722033,
82,0.42960652709007263,0.22230659425258636,2.0476901531219482,0.046998873353004456,0.0018096740823239088,0.6505770683288574,0.29884690046310425,0.3517301678657532,protocol_2,0.004436300601810217,0.5376580953598022,4.698767185211182,0.2667237739579078,
83,0.3786185383796692,0.17312708497047424,2.024989366531372,0.05378700792789459,0.0030315383337438107,0.7326892614364624,0.2948811948299408,0.437808096408844,protocol_3,0.0031162595842033625,0.6339455246925354,1.22733473777771,0.2698172069550311,
84,0.38894155621528625,0.19087515771389008,1.9459818601608276,0.0629035234451294,0.0032303191255778074,0.44790369272232056,0.27646002173423767,0.17144368588924408,protocol_4,0.004976785741746426,0.5190070867538452,1.4326504468917847,0.2729050805631328,
85,0.405362606048584,0.20308057963848114,1.9896953105926514,0.06049070134758949,0.0028795895632356405,0.5839587450027466,0.2290450781583786,0.3549136519432068,protocol_5,0.004526363220065832,0.7983909249305725,1.7146719694137573,0.2759873413219678,
86,0.412300705909729,0.2076873928308487,2.013089179992676,0.05934014916419983,0.0033739469945430756,0.5036666393280029,0.11252438277006149,0.39114224910736084,protocol_6,0.00450272299349308,0.7855160236358643,1.9492970705032349,0.2790639362144647,
87,0.5300911068916321,0.3232097327709198,2.0281922817230225,0.07458560168743134,0.003328570630401373,0.3183976709842682,0.23884963989257812,0.07954803854227066,protocol_7,0.004130647983402014,0.9494967460632324,1.5505110025405884,0.28213481266963414,
88,0.41597944498062134,0.21544873714447021,1.962496280670166,0.07801179587841034,0.0038047898560762405,0.6547385454177856,0.3218733072280884,0.33286526799201965,protocol_8,0.00475448090583086,1.2232353687286377,2.304084300994873,0.2851999185654057,
89,0.4344466030597687,0.23759053647518158,1.9319067001342773,0.06814504414796829,0.0025816005654633045,0.6759088039398193,0.3253180682659149,0.35059070587158203,protocol_9,0.004384168889373541,0.4367826282978058,2.050626516342163,0.28825920223139345,
90,0.4779122471809387,0.26795315742492676,2.0557360649108887,0.0819239616394043,0.002892539370805025,0.32595235109329224,0.24491602182388306,0.08103632181882858,protocol_10,0.0036959752906113863,1.3861581087112427,1.1121925115585327,0.2913126124515908,
91,0.47505617141723633,0.27045881748199463,1.9983149766921997,0.09080544114112854,0.0022559245117008686,0.39854562282562256,0.2768478989601135,0.12169773876667023,protocol_2,0.0054982197470963,0.8664605021476746,1.721082329750061,0.2943600984669943,
92,0.4512445330619812,0.2374957948923111,2.095053195953369,0.07992275059223175,0.0024731019511818886,0.35507094860076904,0.23470313847064972,0.12036781758069992,protocol_3,0.005328186322003603,0.6059570908546448,1.4851559400558472,0.2974016099781538,
93,0.4640004634857178,0.2619902193546295,1.9729197025299072,0.08967523276805878,0.002345130778849125,0.5716645121574402,0.4141579568386078,0.1575065553188324,protocol_4,0.005508854985237122,0.8422238826751709,1.6788054704666138,0.3004370971476542,
94,0.4374832808971405,0.2354225516319275,1.9728338718414307,0.0891142189502716,0.003216360229998827,0.6149968504905701,0.28883635997772217,0.3261604905128479,protocol_5,0.003066570498049259,0.6746891140937805,3.9009315967559814,0.3034665106025227,
95,0.4279722571372986,0.22336740791797638,2.0076282024383545,0.068536676466465,0.004152070265263319,0.3862307667732239,0.27686232328414917,0.1093684509396553,protocol_6,0.005107013508677483,0.6347560286521912,2.071739912033081,0.3064898014365669,
96,0.4556203782558441,0.25296977162361145,1.9851549863815308,0.0741739273071289,0.004264224320650101,0.3180658519268036,0.26379793882369995,0.05426790937781334,protocol_7,0.005103269126266241,0.9224773645401001,2.0915491580963135,0.30950692121263845,
97,0.42231547832489014,0.2181098908185959,1.9951986074447632,0.08387431502342224,0.004919988568872213,0.5074124336242676,0.23779645562171936,0.2696159780025482,protocol_8,0.006037603132426739,1.1749643087387085,3.9090771675109863,0.3125178219648279,
98,0.36904603242874146,0.16737399995326996,1.9685420989990234,0.08908882737159729,0.0036336597986519337,0.5608229637145996,0.12121983617544174,0.43960312008857727,protocol_9,0.004872928839176893,0.9377416968345642,0.922692596912384,0.31552245620058494,
99,0.39899659156799316,0.19379904866218567,2.0008277893066406,0.09554453194141388,0.003375549567863345,0.2138938009738922,0.1688302457332611,0.045063555240631104,protocol_10,0.013212369754910469,1.0587728023529053,2.7248096466064453,0.3185207769027709,
100,0.4551592469215393,0.23919059336185455,2.1108860969543457,0.09179940819740295,0.0029005389660596848,0.49670177698135376,0.3119688630104065,0.18473291397094727,protocol_2,0.0037896649446338415,0.7762203216552734,3.1018290519714355,0.32151273753163445,240.39756774902344
101,0.42640379071235657,0.21518029272556305,2.0637965202331543,0.08871433883905411,0.004081402905285358,0.6649736166000366,0.18389131128787994,0.48108232021331787,protocol_3,0.010900821536779404,1.0097975730895996,3.890575885772705,0.32449829202672054,
102,0.39223769307136536,0.17528024315834045,2.1222457885742188,0.0819525271654129,0.0063524432480335236,0.5835406184196472,0.30639082193374634,0.2771497964859009,protocol_4,0.0040475972928106785,0.8310132026672363,1.5251514911651611,0.3274773948087055,
103,0.3445379436016083,0.13673615455627441,2.030337333679199,0.08341650664806366,0.0059719448909163475,0.3947439193725586,0.12801845371723175,0.26672548055648804,protocol_5,0.005378534086048603,1.2477445602416992,2.4118492603302,0.3304500007811606,
104,0.40731704235076904,0.19187495112419128,2.11617112159729,0.06232474371790886,0.0070874327793717384,0.37536147236824036,0.27785590291023254,0.09750557690858841,protocol_6,0.009537299163639545,0.9357320070266724,2.5791893005371094,0.3334160653322462,
105,0.45785972476005554,0.25129562616348267,2.015424966812134,0.09156525135040283,0.004433483351022005,0.2946370840072632,0.21025614440441132,0.08438094705343246,protocol_7,0.006759520620107651,1.167893648147583,2.981750965118408,0.3363755443363323,
106,0.4226429760456085,0.20794793963432312,2.1032471656799316,0.07406479865312576,0.0066706412471830845,0.3416333496570587,0.24070124328136444,0.10093209892511368,protocol_8,0.009819038212299347,0.7015717029571533,2.1943678855895996,0.33932839415555005,
107,0.43800482153892517,0.23607537150382996,1.957029104232788,0.10538764297962189,0.009571637958288193,0.5841159820556641,0.20381955802440643,0.38029640913009644,protocol_9,0.00627774465829134,1.2860876321792603,3.2735788822174072,0.34227457164127184,
108,0.36425986886024475,0.1554412841796875,2.024843454360962,0.10825429111719131,0.009214991703629494,0.47263455390930176,0.24594442546367645,0.2266901284456253,protocol_10,0.005802665371447802,0.7147096395492554,2.8851144313812256,0.34521403413552076,
109,0.39683103561401367,0.1854688972234726,2.062939405441284,0.08780676871538162,0.006778479553759098,0.3870556652545929,0.284192830324173,0.10286282747983932,protocol_2,0.006267279852181673,1.0297505855560303,4.924670219421387,0.34814673947230945,
110,0.41429248452186584,0.2069442719221115,2.0185728073120117,0.09366729855537415,0.008075414225459099,0.4970385730266571,0.22100034356117249,0.2760382294654846,protocol_3,0.007012132555246353,0.9028796553611755,1.5332913398742676,0.35107264597890864,
111,0.4244554042816162,0.21073095500469208,2.087541103363037,0.08644413948059082,0.006481361575424671,0.36190080642700195,0.1285705715417862,0.23333023488521576,protocol_4,0.005506515968590975,1.271144151687622,3.9574198722839355,0.35399171247704597,
112,0.4375813603401184,0.22986838221549988,2.0236597061157227,0.08810476958751678,0.009417921304702759,0.5816415548324585,0.3124193847179413,0.2692221999168396,protocol_5,0.005013286601752043,0.7614067196846008,2.471710205078125,0.35690389828403624,
113,0.42488956451416016,0.22426438331604004,1.9469566345214844,0.09887401014566422,0.009858275763690472,0.5515931844711304,0.17061962187290192,0.38097357749938965,protocol_6,0.006539579015225172,0.7010963559150696,2.7771503925323486,0.35980916321383916,
114,0.4677993059158325,0.2581881284713745,2.0402369499206543,0.09664854407310486,0.007550317794084549,0.34181585907936096,0.1941298395395279,0.14768601953983307,protocol_7,0.005993026774376631,1.260574221611023,2.8169074058532715,0.3627074675780513,
115,0.4278877377510071,0.2219596654176712,1.9965852499008179,0.10471487045288086,0.010338017717003822,0.5182170867919922,0.23308207094669342,0.28513503074645996,protocol_8,0.008078706450760365,0.8975558280944824,2.999776601791382,0.365598772186825,
116,0.4032866358757019,0.18720294535160065,2.1048965454101562,0.09460536390542984,0.008637543767690659,0.5032460689544678,0.30904579162597656,0.19420026242733002,protocol_9,0.004308514762669802,1.117372989654541,1.926511526107788,0.3684830383497246,
117,0.4760863780975342,0.25429606437683105,2.1607275009155273,0.09990663826465607,0.007222181651741266,0.4116370677947998,0.21935880184173584,0.19227826595306396,protocol_10,0.004704245366156101,0.745471179485321,2.191972255706787,0.3713602278765078,
118,0.36948108673095703,0.14651525020599365,2.1645689010620117,0.1127517968416214,0.008713561110198498,0.4075464606285095,0.22350242733955383,0.1840440183877945,protocol_2,0.005683669820427895,0.6437250971794128,1.9635823965072632,0.3742303030778429,
119,0.3313511610031128,0.11866702139377594,2.067492961883545,0.10107363760471344,0.00881175510585308,0.3685636818408966,0.2345101535320282,0.1340535283088684,protocol_3,0.006196883041411638,0.9727628231048584,2.106710433959961,0.37709322676595924,
120,0.4596223831176758,0.24071580171585083,2.12717866897583,0.10645197331905365,0.008660802617669106,0.25819140672683716,0.12289249151945114,0.1352989226579666,protocol_4,0.00412339624017477,1.0297296047210693,0.9740300178527832,0.379948962255225,
121,0.42913612723350525,0.20518308877944946,2.177825927734375,0.1071234792470932,0.008142698556184769,0.3891702890396118,0.14187967777252197,0.24729062616825104,protocol_5,0.005970620084553957,0.7436267137527466,2.0546107292175293,0.3827974733626647,
122,0.4206039309501648,0.20661085844039917,2.0747952461242676,0.11395508795976639,0.00815773755311966,0.18821340799331665,0.10203426331281662,0.08617914468050003,protocol_6,0.007254729047417641,1.5852364301681519,1.6333016157150269,0.38563872440840585,
123,0.3958473205566406,0.17482367157936096,2.14237904548645,0.12352797389030457,0.006093393079936504,0.21042102575302124,0.15353670716285706,0.05688432604074478,protocol_7,0.00600610114634037,0.6856751441955566,2.6925454139709473,0.3884726802160612,
124,0.4200545847415924,0.19356012344360352,2.202378749847412,0.11179699003696442,0.006667359732091427,0.17900162935256958,0.10340184718370438,0.0755997747182846,protocol_8,0.011501176282763481,1.3663346767425537,3.447122573852539,0.39129930611304253,
125,0.33213168382644653,0.11551934480667114,2.101757526397705,0.11460374295711517,0.007064125034958124,0.45268014073371887,0.07073096185922623,0.38194918632507324,protocol_9,0.003586075734347105,0.8273738622665405,1.0609691143035889,0.39411856793081457,214.21139526367188
126,0.30839574337005615,0.08441603183746338,2.1724939346313477,0.11733365803956985,0.008636543527245522,0.42863771319389343,0.23289060592651367,0.19574710726737976,protocol_10,0.010634133592247963,1.1339374780654907,2.225572347640991,0.3969304320050775,
127,0.4073895812034607,0.19762162864208221,2.0376157760620117,0.11010713875293732,0.005009996239095926,0.28365403413772583,0.14774242043495178,0.13591159880161285,protocol_2,0.008034761063754559,0.9126064777374268,3.500764846801758,0.39973486517588985,
128,0.34681573510169983,0.13619966804981232,2.0532655715942383,0.09200447797775269,0.006892904173582792,0.19257088005542755,0.09986699372529984,0.09270388633012772,protocol_3,0.006501884199678898,0.9194474816322327,2.3316454887390137,0.4025318347877247,
129,0.3684988021850586,0.15139135718345642,2.124201536178589,0.08591242879629135,0.003916773945093155,0.3857171833515167,0.12136455625295639,0.26435261964797974,protocol_4,0.014219737611711025,1.2862298488616943,2.3118696212768555,0.4053213086894629,
130,0.4047914445400238,0.1775430291891098,2.2239203453063965,0.08381565660238266,0.006656193174421787,0.22364620864391327,0.18440572917461395,0.039240483194589615,protocol_5,0.0034113330766558647,1.3091731071472168,2.565101146697998,0.4081032552343249,
131,0.3670271635055542,0.15153567492961884,2.0951778888702393,0.10579493641853333,0.006839573383331299,0.4168829023838043,0.21983149647712708,0.19705140590667725,protocol_6,0.007452439982444048,0.9617615938186646,2.81437611579895,0.4108776432797363,
132,0.3494669198989868,0.12077806890010834,2.217715263366699,0.12302266061306,0.007661866024136543,0.1954735517501831,0.10058063268661499,0.09489291161298752,protocol_7,0.011642922647297382,0.8871384263038635,2.622337579727173,0.41364444218713503,
133,0.3440706133842468,0.12156634777784348,2.151911973953247,0.12094207853078842,0.012659702450037003,0.1843395233154297,0.16221274435520172,0.022126782685518265,protocol_8,0.008584524504840374,1.425460934638977,2.1592659950256348,0.4164036218217151,
134,0.33957189321517944,0.12596145272254944,2.0670127868652344,0.1170300766825676,0.010576695203781128,0.34416696429252625,0.11763089150190353,0.2265360802412033,protocol_9,0.007094125263392925,1.080236792564392,1.0828311443328857,0.41915515255210845,
135,0.42378655076026917,0.19343481957912445,2.234382390975952,0.11719373613595963,0.010538170114159584,0.3701958954334259,0.24484184384346008,0.12535405158996582,protocol_10,0.015380103141069412,1.627609372138977,2.589310646057129,0.4218990052500078,
136,0.37748587131500244,0.1610662043094635,2.0946075916290283,0.1193043440580368,0.009936878457665443,0.37740325927734375,0.21655665338039398,0.16084662079811096,protocol_2,0.005020703189074993,0.9963789582252502,5.514556407928467,0.4246351512897302,
137,0.38210469484329224,0.15528471767902374,2.211832046508789,0.09210757166147232,0.010313707403838634,0.24820782244205475,0.1567120999097824,0.09149572253227234,protocol_3,0.021292731165885925,1.0214424133300781,3.7485158443450928,0.4273635625477168,
138,0.3382660448551178,0.11591985821723938,2.1648993492126465,0.09817252308130264,0.009476382285356522,0.36623814702033997,0.21870459616184235,0.14753355085849762,protocol_4,0.00819525495171547,1.2035778760910034,2.6765568256378174,0.4300842114019794,
139,0.34707173705101013,0.13545945286750793,2.054194927215576,0.11099712550640106,0.006429250352084637,0.31335097551345825,0.16449280083179474,0.1488581895828247,protocol_5,0.0068724737502634525,1.6503485441207886,3.5716612339019775,0.4327970707314843,
140,0.33827322721481323,0.12214908003807068,2.102586507797241,0.09738253057003021,0.00996377319097519,0.22993795573711395,0.10559442639350891,0.12434352934360504,protocol_6,0.014478238299489021,1.2376370429992676,3.235286235809326,0.43550211391548,
141,0.36451685428619385,0.15234796702861786,2.06289005279541,0.10614440590143204,0.005726653151214123,0.3453529477119446,0.17961148917675018,0.1657414585351944,protocol_7,0.010400274768471718,1.5330207347869873,2.041353225708008,0.43819931483276786,
142,0.3778488039970398,0.16862262785434723,2.0339748859405518,0.10210710763931274,0.007233436219394207,0.20217478275299072,0.15484848618507385,0.04732629656791687,protocol_8,0.00849946029484272,1.463381052017212,1.6057251691818237,0.4408886478609151,
143,0.3465886414051056,0.13391311466693878,2.0667431354522705,0.10256868600845337,0.008727699518203735,0.45770227909088135,0.1770242601633072,0.28067800402641296,protocol_9,0.009990226477384567,1.1567645072937012,2.4764838218688965,0.4435700878754132,
144,0.3936101496219635,0.18290908634662628,2.0525193214416504,0.09740544855594635,0.00578879751265049,0.22691306471824646,0.12478337436914444,0.10212969034910202,protocol_10,0.007280324120074511,1.1874984502792358,3.020648956298828,0.4462436102487797,
145,0.3795623481273651,0.1602865606546402,2.1330373287200928,0.10719096660614014,0.006124837789684534,0.22873973846435547,0.0644933208823204,0.16424641013145447,protocol_2,0.004895276855677366,1.149518370628357,3.323453664779663,0.44890919084960434,
146,0.3363608121871948,0.10600215196609497,2.251474380493164,0.0880003273487091,0.00811213068664074,0.5133090019226074,0.13866931200027466,0.3746396601200104,protocol_3,0.018620628863573074,1.2848238945007324,2.4921059608459473,0.4515668060415434,
147,0.3724263608455658,0.16209642589092255,2.048065185546875,0.09215424209833145,0.009157034568488598,0.19525572657585144,0.17319560050964355,0.022060124203562737,protocol_4,0.012616213411092758,1.7672314643859863,2.5153441429138184,0.4542164326822591,
148,0.31623780727386475,0.10480298101902008,2.040882110595703,0.12529486417770386,0.010818700306117535,0.21974211931228638,0.1096237525343895,0.11011837422847748,protocol_5,0.009525109082460403,0.7460095286369324,2.026334524154663,0.45685804812230457,
149,0.34519341588020325,0.13445532321929932,2.040302276611328,0.11792552471160889,0.008116161450743675,0.18697340786457062,0.11316581070423126,0.07380759716033936,protocol_6,0.013931330293416977,1.5803996324539185,3.5617222785949707,0.4594916302039589,
150,0.33760538697242737,0.132074773311615,1.9865429401397705,0.11948297917842865,0.009021716192364693,0.13518664240837097,0.10703537613153458,0.028151271864771843,protocol_7,0.007989860139787197,1.1159292459487915,3.062697410583496,0.4621171572600098,231.3449249267578
151,0.3804762065410614,0.15747171640396118,2.1685657501220703,0.09571380913257599,0.01362207904458046,0.2380148023366928,0.178233340382576,0.05978145822882652,protocol_8,0.0069170729257166386,0.9255900979042053,1.937145471572876,0.46473460811248346,
152,0.33768725395202637,0.129121795296669,2.021272659301758,0.09910978376865387,0.014827019535005093,0.2655874192714691,0.08955380320549011,0.176033616065979,protocol_9,0.009415422566235065,1.697564721107483,3.908632278442383,0.4673439620713269,
153,0.3786909878253937,0.16975495219230652,2.0274953842163086,0.10615164041519165,0.008789376355707645,0.24135878682136536,0.23063446581363678,0.010724327526986599,protocol_10,0.009647797793149948,1.7265746593475342,1.6224091053009033,0.46994519893303766,
154,0.34224438667297363,0.12858420610427856,2.0635948181152344,0.11566425859928131,0.015174636617302895,0.26498857140541077,0.12349703907966614,0.14149153232574463,protocol_2,0.012583860196173191,1.0480585098266602,5.438422203063965,0.47253829897924615,
155,0.40097489953041077,0.17114804685115814,2.24985933303833,0.07495087385177612,0.010933605954051018,0.19742101430892944,0.06843513995409012,0.12898588180541992,protocol_3,0.007338718976825476,1.3646072149276733,2.636282205581665,0.4751232429752499,
156,0.42572733759880066,0.20146603882312775,2.159263849258423,0.14615339040756226,0.010272307321429253,0.28665000200271606,0.12382714450359344,0.16282285749912262,protocol_4,0.014109059236943722,1.7532075643539429,2.360966205596924,0.4777000121684978,
157,0.4227839410305023,0.19636957347393036,2.189089059829712,0.12201042473316193,0.014049157500267029,0.2618470788002014,0.20339567959308624,0.058451395481824875,protocol_5,0.012172700837254524,1.3572272062301636,5.678797245025635,0.48026858828703056,
158,0.3605767786502838,0.13912183046340942,2.1485109329223633,0.09938172996044159,0.016347678378224373,0.42664456367492676,0.17443563044071198,0.252208948135376,protocol_6,0.008460416458547115,1.408970832824707,2.150297164916992,0.4828289535378709,
159,0.37571731209754944,0.15063422918319702,2.1699275970458984,0.14571359753608704,0.008046407252550125,0.28793418407440186,0.2208685427904129,0.06706562638282776,protocol_7,0.027279477566480637,1.7383078336715698,4.032613754272461,0.4853810906053715,
160,0.39124417304992676,0.16757938265800476,2.172102451324463,0.09748107194900513,0.015804829075932503,0.3159647583961487,0.21785128116607666,0.09811348468065262,protocol_8,0.007853158749639988,1.786339282989502,2.578850269317627,0.4879249826495162,
161,0.3191241919994354,0.09850820153951645,2.12808895111084,0.13377726078033447,0.011182308197021484,0.36556190252304077,0.22729341685771942,0.13826847076416016,protocol_9,0.02468721568584442,1.6709318161010742,2.8875913619995117,0.490460613304176,
162,0.3202524185180664,0.0909714624285698,2.2165958881378174,0.12343288958072662,0.014497259631752968,0.19639164209365845,0.08986657112836838,0.10652507841587067,protocol_10,0.014359435066580772,1.1212750673294067,2.7148261070251465,0.4929879666753243,
163,0.3625986576080322,0.14431898295879364,2.104717254638672,0.11781348288059235,0.0191727876663208,0.3524957299232483,0.10004173219203949,0.25245401263237,protocol_2,0.014667466282844543,1.0256719589233398,4.868127822875977,0.49550702733920593,
164,0.3450239896774292,0.10650366544723511,2.31242036819458,0.1147553026676178,0.01540500856935978,0.4511781632900238,0.07670304924249649,0.3744751214981079,protocol_3,0.010212214663624763,0.953022301197052,1.7337007522583008,0.49801778034046573,
165,0.2976771295070648,0.07277193665504456,2.1776132583618164,0.1166561171412468,0.013110984116792679,0.28802746534347534,0.10564369708299637,0.18238376080989838,protocol_4,0.009404554031789303,1.0878733396530151,3.752610206604004,0.5005202111902354,
166,0.34472623467445374,0.12647992372512817,2.1106114387512207,0.1135852038860321,0.015059242956340313,0.11871078610420227,0.08003073185682297,0.0386800542473793,protocol_5,0.008521273732185364,0.7655385136604309,2.7718732357025146,0.5030143058641781,
167,0.3150656521320343,0.09335506707429886,2.1660196781158447,0.08368721604347229,0.009242480620741844,0.5211525559425354,0.19363011419773102,0.3275224268436432,protocol_6,0.009554670192301273,1.4787077903747559,3.7385501861572266,0.5055000508004968,
168,0.3758949041366577,0.15767428278923035,2.1184399127960205,0.10630547255277634,0.010613645426928997,0.22961950302124023,0.12058665603399277,0.10903283953666687,protocol_7,0.013369630090892315,1.0969829559326172,1.7983216047286987,0.5079774328978963,
169,0.4115646183490753,0.19639253616333008,2.0980801582336426,0.09250140935182571,0.007389670703560114,0.3363591134548187,0.18170221149921417,0.15465690195560455,protocol_8,0.012977357022464275,2.100600004196167,2.9484751224517822,0.5104464395135142,
170,0.344692200422287,0.13194464147090912,2.075223922729492,0.09181100130081177,0.006346116773784161,0.18481826782226562,0.09041739255189896,0.09440087527036667,protocol_9,0.010053404606878757,1.507720947265625,2.5699214935302734,0.5129070584608086,
171,0.3732226490974426,0.1554536074399948,2.1257665157318115,0.09406127035617828,0.00489330617710948,0.18561053276062012,0.15977194905281067,0.025838585570454597,protocol_10,0.006554099265486002,1.7791588306427002,2.2831459045410156,0.5153592780074099,
172,0.31183943152427673,0.09584499895572662,2.1021480560302734,0.09188686311244965,0.011852702125906944,0.2556312382221222,0.09890691190958023,0.15672431886196136,protocol_2,0.0074960640631616116,1.2421432733535767,1.9874138832092285,0.5178030868729364,
173,0.32049161195755005,0.09660118818283081,2.1985440254211426,0.0643693059682846,0.008175362832844257,0.19132500886917114,0.07748427242040634,0.1138407364487648,protocol_3,0.01019213069230318,1.1554683446884155,3.2241768836975098,0.5202384742267743,
174,0.3084261417388916,0.09840252995491028,2.0381829738616943,0.11360034346580505,0.005252986215054989,0.23673312366008759,0.05492328107357025,0.18180984258651733,protocol_4,0.00647397618740797,0.6046308279037476,1.5143364667892456,0.5226654296858209,
175,0.3124064803123474,0.09334834665060043,2.1386849880218506,0.08972153812646866,0.007035454269498587,0.4245261549949646,0.21208730340003967,0.21243885159492493,protocol_5,0.004565570969134569,1.58645498752594,5.087935447692871,0.525083943312195,279.5130920410156
176,0.3466868996620178,0.13148079812526703,2.0933237075805664,0.10882112383842468,0.004326783586293459,0.34647753834724426,0.21280525624752045,0.13367228209972382,protocol_6,0.014544084668159485,1.4645271301269531,3.4584226608276367,0.5274940056109125,
177,0.37665727734565735,0.15644337236881256,2.15609073638916,0.0864957645535469,0.0028006364591419697,0.18860438466072083,0.10977672040462494,0.07882765680551529,protocol_7,0.026514915749430656,2.4908254146575928,3.329979419708252,0.5298956075275294,
178,0.3255652189254761,0.11635296791791916,2.031925916671753,0.11392036080360413,0.003236323595046997,0.07084538787603378,0.05701880156993866,0.013826586306095123,protocol_8,0.003989793360233307,1.2414134740829468,1.8078832626342773,0.5322887404457524,
179,0.3242901861667633,0.11606032401323318,2.027761936187744,0.10065362602472305,0.004210017621517181,0.3470476567745209,0.11025042086839676,0.23679722845554352,protocol_9,0.014672518707811832,1.3880105018615723,4.923128128051758,0.5346733961850165,
180,0.28826919198036194,0.08083492517471313,2.018857717514038,0.10128328949213028,0.004843616392463446,0.13906708359718323,0.0807490199804306,0.058318059891462326,protocol_10,0.008747781626880169,1.167415738105774,2.583117961883545,0.5370495669980351,
181,0.33715784549713135,0.1293315887451172,2.017873764038086,0.11341546475887299,0.0036808501463383436,0.19400909543037415,0.08764133602380753,0.10636776685714722,protocol_2,0.009344215504825115,1.305651068687439,4.465775489807129,0.5394172455683162,
182,0.278733491897583,0.06564923375844955,2.0745389461517334,0.1059776321053505,0.0033148794900625944,0.47584813833236694,0.06904225796461105,0.4068058729171753,protocol_3,0.010471494868397713,1.0753848552703857,1.5642502307891846,0.5417764250076496,
183,0.28587666153907776,0.06460760533809662,2.1562530994415283,0.1058444231748581,0.003515440970659256,0.17412447929382324,0.08308972418308258,0.09103476256132126,protocol_4,0.014741004444658756,1.6909996271133423,2.1640284061431885,0.5441270988535674,
184,0.3640877604484558,0.15178589522838593,2.065807819366455,0.1069178581237793,0.003752256976440549,0.3398229479789734,0.16378214955329895,0.17604081332683563,protocol_5,0.005635296460241079,1.3594988584518433,3.800906181335449,0.5464692610667758,
185,0.380215048789978,0.17349952459335327,2.0135273933410645,0.0998065322637558,0.003724390873685479,0.1957446187734604,0.16013458371162415,0.03561003878712654,protocol_6,0.010023203678429127,1.5878872871398926,2.476574420928955,0.5488029060285571,
186,0.3060504198074341,0.0877048671245575,2.1225717067718506,0.11358682066202164,0.004090446047484875,0.18117383122444153,0.13923490047454834,0.04193893074989319,protocol_7,0.009937881492078304,1.2398661375045776,1.6006433963775635,0.5511280285381468,
187,0.2945643663406372,0.07894308120012283,2.0919387340545654,0.12220337241888046,0.0031723834108561277,0.21640413999557495,0.12191300094127655,0.0944911390542984,protocol_8,0.007558953948318958,0.9597076177597046,3.295109987258911,0.5534446238100856,
188,0.2959333062171936,0.09282051771879196,1.9633077383041382,0.12962235510349274,0.0030091467779129744,0.2848272919654846,0.13162723183631897,0.15320006012916565,protocol_9,0.005925753619521856,1.0794583559036255,1.6979120969772339,0.5557526874715446,
189,0.31789714097976685,0.11030825227499008,2.0004467964172363,0.1461189091205597,0.0023826181422919035,0.12776845693588257,0.09779475629329681,0.029973695054650307,protocol_10,0.011998046189546585,0.9517874717712402,2.0579984188079834,0.5580522155596244,
190,0.3417065441608429,0.12548990547657013,2.094733715057373,0.13041220605373383,0.0022269138135015965,0.13744601607322693,0.08580463379621506,0.05164138972759247,protocol_2,0.010535536333918571,1.1021291017532349,5.686516761779785,0.560343204518635,
191,0.2659600079059601,0.05639741197228432,2.03294038772583,0.11783032864332199,0.0037706317380070686,0.10680695623159409,0.06501071900129318,0.0417962372303009,protocol_3,0.015130072832107544,1.1194379329681396,2.1422080993652344,0.5626256511973471,
192,0.3446419835090637,0.11812049895524979,2.1996493339538574,0.1256510317325592,0.0027400534600019455,0.22464117407798767,0.13175199925899506,0.09288918226957321,protocol_4,0.009257192723453045,2.004021167755127,1.3786251544952393,0.5648995528462248,
193,0.3174591660499573,0.10160122811794281,2.095684051513672,0.11790474504232407,0.003943163901567459,0.14189796149730682,0.13499295711517334,0.006904999725520611,protocol_5,0.008266917429864407,1.3010252714157104,1.2479050159454346,0.5671649071146334,
194,0.2910676598548889,0.07394826412200928,2.115849018096924,0.10414870083332062,0.003270172979682684,0.14373794198036194,0.06273535639047623,0.08100258558988571,protocol_6,0.007708550896495581,1.1959068775177002,2.1688976287841797,0.5694217120480267,
195,0.3271956741809845,0.1114928275346756,2.0962929725646973,0.11588698625564575,0.0027921947184950113,0.09960874915122986,0.05617786571383476,0.043430883437395096,protocol_7,0.009148639626801014,1.2534148693084717,1.982450246810913,0.5716699660851172,
196,0.3063393831253052,0.09241732954978943,2.084268569946289,0.10447070002555847,0.0027163843624293804,0.12841592729091644,0.11352112889289856,0.014894799329340458,protocol_8,0.009951145388185978,0.9260755181312561,1.5248010158538818,0.5739096680550211,
197,0.32324087619781494,0.11026529967784882,2.0781071186065674,0.09745743870735168,0.0029200566932559013,0.1774166077375412,0.14802689850330353,0.02938970923423767,protocol_9,0.012109711766242981,1.6572351455688477,2.0457100868225098,0.5761408171743869,
198,0.3053887188434601,0.0993252843618393,2.010136604309082,0.0950184166431427,0.0029887105338275433,0.14365632832050323,0.059551987797021866,0.08410434424877167,protocol_10,0.00893403124064207,1.1242600679397583,1.7843948602676392,0.5783634130445059,
199,0.3104734718799591,0.09871626645326614,2.071166753768921,0.08839201182126999,0.002209111349657178,0.17968156933784485,0.1712704449892044,0.008411119692027569,protocol_2,0.009139335714280605,1.1951298713684082,1.5995041131973267,0.5805774556484025,
200,0.2786066234111786,0.07182572036981583,2.0249249935150146,0.08165374398231506,0.002057220321148634,0.4127185642719269,0.04770156368613243,0.36501699686050415,protocol_3,0.007270283065736294,1.2044715881347656,1.2271991968154907,0.5827829453479101,229.1803436279297
201,0.2926916778087616,0.0809948593378067,2.068835735321045,0.09122990816831589,0.002517515793442726,0.149234801530838,0.07411524653434753,0.07511954754590988,protocol_4,0.007894238457083702,1.076432228088379,1.493565559387207,0.5849798828807289,
202,0.26419147849082947,0.052741825580596924,2.075336456298828,0.07309995591640472,0.002610075520351529,0.10535882413387299,0.062190983444452286,0.043167844414711,protocol_5,0.008364296518266201,0.8057305812835693,1.8156039714813232,0.5871682693574665,
203,0.3024281859397888,0.09278824180364609,2.0567564964294434,0.07523930072784424,0.0020231613889336586,0.15859924256801605,0.14508120715618134,0.01351803820580244,protocol_6,0.012872446328401566,1.007185935974121,1.556775450706482,0.5893481062586656,
204,0.2816152572631836,0.06658513098955154,2.110170841217041,0.0759458914399147,0.002157431561499834,0.19179180264472961,0.13573864102363586,0.05605316534638405,protocol_7,0.012304717674851418,1.2638938426971436,2.9140801429748535,0.5915193954318165,
205,0.2589781582355499,0.05096723511815071,2.043484687805176,0.06732340902090073,0.002962584374472499,0.13699917495250702,0.05575929954648018,0.08123987168073654,protocol_8,0.016725825145840645,0.6456074714660645,2.7741897106170654,0.5936821390883531,
206,0.34021198749542236,0.13454538583755493,2.0123586654663086,0.08424945920705795,0.002182372845709324,0.0642215758562088,0.019961662590503693,0.04425991699099541,protocol_9,0.007864393293857574,1.3827018737792969,2.0161311626434326,0.5958363398006401,
207,0.24756556749343872,0.040432408452034,2.034545421600342,0.06809975951910019,0.0027363430708646774,0.18352609872817993,0.15462328493595123,0.028902819380164146,protocol_10,0.010452285408973694,1.1478914022445679,1.7373894453048706,0.5979820004989413,
208,0.26279377937316895,0.05647239461541176,2.0219030380249023,0.07776810973882675,0.0024269316345453262,0.11953052878379822,0.07466115802526474,0.04486936703324318,protocol_2,0.01123824529349804,0.9885665774345398,2.3587236404418945,0.6001191244683823,
209,0.26881009340286255,0.059966180473566055,2.050546646118164,0.07106982171535492,0.0023576635867357254,0.06382181495428085,0.02347026951611042,0.04035154730081558,protocol_3,0.0068692113272845745,1.3284088373184204,1.0846309661865234,0.6022477153458965,
210,0.28959813714027405,0.08511020243167877,1.9994392395019531,0.0841837078332901,0.0033480944111943245,0.2548859119415283,0.11507854610681534,0.13980737328529358,protocol_4,0.007670196704566479,0.720413088798523,1.7459359169006348,0.6043677771171636,
211,0.2782680094242096,0.07252202183008194,2.00988507270813,0.08877737820148468,0.003185796784237027,0.1353374570608139,0.1127520501613617,0.02258540876209736,protocol_5,0.00600823387503624,0.7853003740310669,1.9751170873641968,0.6064793141135341,
212,0.24451200664043427,0.03895798698067665,2.0149588584899902,0.07506144046783447,0.0030507268384099007,0.119781993329525,0.041774116456508636,0.07800787687301636,protocol_6,0.005708426237106323,0.6194460391998291,2.834747552871704,0.6085823310089487,
213,0.30273669958114624,0.0900018960237503,2.0813539028167725,0.08410277962684631,0.003942512441426516,0.10984720289707184,0.07347521930932999,0.03637198731303215,protocol_7,0.008292770944535732,0.9932895302772522,2.2558062076568604,0.6106768328168442,
214,0.29115650057792664,0.0812300443649292,2.0581812858581543,0.074944868683815,0.0036107213236391544,0.16969618201255798,0.13643372058868408,0.0332624688744545,protocol_8,0.011562451720237732,1.1634807586669922,2.613048791885376,0.6127628248870536,
215,0.2936617434024811,0.08244713395833969,2.068471908569336,0.08038148283958435,0.0034834318794310093,0.12243402004241943,0.06288378685712814,0.05955022946000099,protocol_9,0.006307736970484257,0.7769970893859863,2.489434003829956,0.6148403129026969,
216,0.3111545145511627,0.10261191427707672,2.034946918487549,0.09422904253005981,0.003364481497555971,0.08542890846729279,0.05300997197628021,0.03241893649101257,protocol_10,0.017395254224538803,1.107757568359375,2.2749385833740234,0.6169093028770651,
217,0.2607114911079407,0.053232043981552124,2.0347185134887695,0.07499853521585464,0.002576390514150262,0.10745614022016525,0.07285862416028976,0.03459751605987549,protocol_2,0.012422461062669754,1.0896644592285156,3.88008975982666,0.6189698011504967,
218,0.268593966960907,0.06626777350902557,1.9861440658569336,0.06919440627098083,0.0025208001025021076,0.46725642681121826,0.06852114945650101,0.39873528480529785,protocol_3,0.011906711384654045,1.1914892196655273,1.8388618230819702,0.6210218143872486,
219,0.29461541771888733,0.08136239647865295,2.0889017581939697,0.08202473819255829,0.0026159994304180145,0.1785944253206253,0.08738398551940918,0.09121043980121613,protocol_4,0.00876913033425808,1.5301761627197266,1.9023505449295044,0.623065349572361,
220,0.3135373592376709,0.09856186807155609,2.104259490966797,0.08535745739936829,0.0028165944386273623,0.12348596751689911,0.03324571251869202,0.09024025499820709,protocol_5,0.005345502402633429,1.1012098789215088,3.294835329055786,0.6251004140085177,
221,0.30700960755348206,0.09474991261959076,2.0888524055480957,0.06211082637310028,0.0026889294385910034,0.1111711710691452,0.060348451137542725,0.05082271620631218,protocol_6,0.010343320667743683,0.9107323288917542,4.9360761642456055,0.6271270153128992,
222,0.2936778664588928,0.07668516784906387,2.137333631515503,0.05918380618095398,0.0030014398507773876,0.1817626953125,0.13445065915584564,0.04731203615665436,protocol_7,0.007747701834887266,1.8508728742599487,1.57236647605896,0.6291451614140355,
223,0.2762223184108734,0.05955742299556732,2.131530284881592,0.06468891352415085,0.002774306572973728,0.08237992972135544,0.043647270649671555,0.038732659071683884,protocol_8,0.0057607246562838554,1.8206449747085571,1.57253098487854,0.6311548605486539,
224,0.3205668330192566,0.11122474074363708,2.0503411293029785,0.08090366423130035,0.0026280726306140423,0.16543422639369965,0.08655796945095062,0.07887625694274902,protocol_9,0.008533078245818615,1.2932844161987305,3.3391683101654053,0.633156121258521,
225,0.32634660601615906,0.11385440081357956,2.0891308784484863,0.06512022763490677,0.0032308471854776144,0.08898156136274338,0.06052437052130699,0.028457190841436386,protocol_10,0.01651066541671753,1.1977730989456177,2.4855334758758545,0.6351489523872873,250.36502075195312
226,0.2553424835205078,0.037001874297857285,2.150695323944092,0.06033217906951904,0.0025443797931075096,0.11556652188301086,0.06446745246648788,0.05109906941652298,protocol_2,0.00855617132037878,0.6828826069831848,3.5198912620544434,0.6371333630773248,
227,0.28477442264556885,0.06990695744752884,2.120464324951172,0.05057447776198387,0.0029230290092527866,0.40884536504745483,0.044098492711782455,0.3647468686103821,protocol_3,0.0061639281921088696,1.2902506589889526,2.0130178928375244,0.6391093627665674,
228,0.33276745676994324,0.11768713593482971,2.1148524284362793,0.06377708911895752,0.004062492400407791,0.18758879601955414,0.05061705410480499,0.13697174191474915,protocol_4,0.006255177780985832,1.2251461744308472,2.222198486328125,0.6410769611853466,
229,0.34374865889549255,0.12231920659542084,2.1800332069396973,0.062445856630802155,0.0030382401309907436,0.17908930778503418,0.06800173223018646,0.11108758300542831,protocol_5,0.006582638248801231,1.0717426538467407,3.6556015014648438,0.6430361683532284,
230,0.3543543219566345,0.1311529576778412,2.1974892616271973,0.06290522962808609,0.0030716825276613235,0.22319819033145905,0.15805260837078094,0.0651455819606781,protocol_6,0.01584097370505333,1.349492073059082,3.0194010734558105,0.6449869945758524,
231,0.2839040756225586,0.05823160707950592,2.2249948978424072,0.056226447224617004,0.003616703674197197,0.21561869978904724,0.1326463371515274,0.08297237008810043,protocol_7,0.009170765057206154,0.9705970287322998,3.33491849899292,0.6469294504417666,
232,0.32615116238594055,0.10570245236158371,2.1701130867004395,0.06055767089128494,0.004095091950148344,0.22333404421806335,0.13545700907707214,0.08787703514099121,protocol_8,0.015223073773086071,1.6709474325180054,2.933755874633789,0.6488635468192672,
233,0.30710330605506897,0.08410243690013885,2.19584584236145,0.05806000530719757,0.005132443271577358,0.17178544402122498,0.07489125430583954,0.09689419716596603,protocol_9,0.007429304998368025,1.4897654056549072,3.0141360759735107,0.6507892948532372,
234,0.3388514518737793,0.11256925016641617,2.2304906845092773,0.056991953402757645,0.003835187992081046,0.17109589278697968,0.1434798389673233,0.02761605754494667,protocol_10,0.010495409369468689,1.5450979471206665,1.6945483684539795,0.65270670596199,
235,0.26364853978157043,0.039953067898750305,2.205442428588867,0.05735444277524948,0.0028349191416054964,0.15434908866882324,0.0840522050857544,0.07029687613248825,protocol_2,0.015169123187661171,0.6792293190956116,6.184071063995361,0.6546157918341109,
236,0.27282965183258057,0.04911033809185028,2.2077786922454834,0.054321058094501495,0.0022536476608365774,0.5447385311126709,0.11947491765022278,0.4252636432647705,protocol_3,0.008250058628618717,0.7684836387634277,2.2631959915161133,0.6565165644253061,
237,0.3367108404636383,0.10979872941970825,2.2399587631225586,0.05228808522224426,0.0030183843336999416,0.08777425438165665,0.06426532566547394,0.02350892871618271,protocol_4,0.007162103429436684,1.5286974906921387,1.550567388534546,0.6584090359552512,
238,0.28862082958221436,0.05943215638399124,2.2591969966888428,0.058966025710105896,0.0032063303515315056,0.11685024201869965,0.05307406559586525,0.0637761801481247,protocol_5,0.007599919103085995,1.653086543083191,1.977646827697754,0.6602932189044453,
239,0.3252224922180176,0.10577265173196793,2.1661505699157715,0.05158982053399086,0.0025527188554406166,0.16656605899333954,0.1380012184381485,0.02856484428048134,protocol_6,0.012091610580682755,0.6577383279800415,2.3946115970611572,0.6621691260110696,
240,0.33262404799461365,0.10852023959159851,2.2125701904296875,0.04913291707634926,0.003901842748746276,0.1674315333366394,0.14439791440963745,0.023033617064356804,protocol_7,0.010268685407936573,1.3606252670288086,1.7940001487731934,0.6640367702678489,
241,0.3311862349510193,0.10891136527061462,2.191067934036255,0.056998636573553085,0.0031812814995646477,0.06765440851449966,0.056978389620780945,0.010676020756363869,protocol_8,0.007993392646312714,1.4628286361694336,1.3231765031814575,0.6658961649189188,
242,0.2774215638637543,0.05316243693232536,2.2146003246307373,0.048005666583776474,0.003988047130405903,0.11896729469299316,0.032649826258420944,0.08631746470928192,protocol_9,0.00843177828937769,0.6753819584846497,2.802130937576294,0.6677473234566988,
243,0.2938087284564972,0.07314709573984146,2.176760196685791,0.05131067335605621,0.004200771450996399,0.12491875886917114,0.026878437027335167,0.09804031997919083,protocol_10,0.005036160349845886,0.8951825499534607,2.0421042442321777,0.6695902596187708,
244,0.29878583550453186,0.07655767351388931,2.1968014240264893,0.04513957351446152,0.00291030528023839,0.16260303556919098,0.11650081723928452,0.046102214604616165,protocol_2,0.006182218436151743,0.7244512438774109,3.2332687377929688,0.6714249873847629,
245,0.269395112991333,0.056771259754896164,2.1043949127197266,0.03981562703847885,0.0019357561832293868,0.14020557701587677,0.044557925313711166,0.0956476479768753,protocol_3,0.010808439925312996,0.8960848450660706,1.8313883543014526,0.673251520973241,
246,0.31961071491241455,0.1004210114479065,2.1656148433685303,0.046693354845047,0.002935652621090412,0.12117315828800201,0.06397024542093277,0.057202912867069244,protocol_4,0.011996100656688213,1.1636343002319336,2.874459981918335,0.6750698748386077,
247,0.3006080687046051,0.08135055750608444,2.1680655479431152,0.04446598142385483,0.002276272978633642,0.16140449047088623,0.13901405036449432,0.02239043451845646,protocol_5,0.014566323719918728,1.0156112909317017,2.650111675262451,0.6768800636680061,
248,0.29864275455474854,0.08619119971990585,2.097834587097168,0.04798246920108795,0.0026897622738033533,0.19612446427345276,0.16388559341430664,0.03223886713385582,protocol_6,0.013232354074716568,0.8780900835990906,4.464988708496094,0.678682102378233,
249,0.27627402544021606,0.05928349122405052,2.146397829055786,0.04031972587108612,0.0033478408586233854,0.13776539266109467,0.08376183360815048,0.05400355905294418,protocol_7,0.021873733028769493,1.1737345457077026,3.0478272438049316,0.6804760061126618,
250,0.319796085357666,0.10041748732328415,2.1692771911621094,0.04438390955328941,0.0023168702609837055,0.1443902552127838,0.07113191485404968,0.07325834780931473,protocol_8,0.013044784776866436,1.8590877056121826,3.2961745262145996,0.6822617902381698,265.9674987792969
251,0.3347712457180023,0.11571848392486572,2.167721748352051,0.039976805448532104,0.0028171814046800137,0.21282711625099182,0.08344537019729614,0.12938174605369568,protocol_9,0.011728080920875072,1.8637875318527222,2.466423511505127,0.6840394703420771,
252,0.3416335880756378,0.12490224838256836,2.1481237411499023,0.03453812003135681,0.001920564565807581,0.20383334159851074,0.10369289666414261,0.10014044493436813,protocol_10,0.01252728421241045,1.3478401899337769,2.0405571460723877,0.6858090622290947,
253,0.29238027334213257,0.07829529047012329,2.1240274906158447,0.028771717101335526,0.002436382696032524,0.1090911254286766,0.08358516544103622,0.02550596185028553,protocol_2,0.005348185542970896,1.1219213008880615,2.522190809249878,0.6875705819182798,
254,0.29810813069343567,0.08320125937461853,2.127847671508789,0.03947436064481735,0.001483749132603407,0.46499890089035034,0.07749809324741364,0.3875007927417755,protocol_3,0.008662980981171131,1.1146821975708008,2.083022117614746,0.6893240456400049,
255,0.32474884390830994,0.11442776769399643,2.08522629737854,0.030683986842632294,0.0026425025425851345,0.19936800003051758,0.08941176533699036,0.10995622724294662,protocol_4,0.014133076183497906,1.2029359340667725,3.5799076557159424,0.6910694698329305,
256,0.3199159801006317,0.10084573179483414,2.1723318099975586,0.0332002192735672,0.0017704479396343231,0.10069254785776138,0.043855950236320496,0.05683659762144089,protocol_5,0.0072685061022639275,1.5592913627624512,1.89723539352417,0.6928068711409956,
257,0.3336977958679199,0.11782665550708771,2.1391408443450928,0.034855034202337265,0.0021430158521980047,0.20483669638633728,0.15160931646823883,0.05322738364338875,protocol_6,0.01344701275229454,1.5696665048599243,3.6102328300476074,0.6945362664104135,
258,0.3042786121368408,0.08669989556074142,2.15750789642334,0.031871143728494644,0.002343622501939535,0.14379841089248657,0.07986026257276535,0.06393814831972122,protocol_7,0.011845521628856659,1.6259231567382812,1.9408551454544067,0.6962576726866814,
259,0.304675817489624,0.08507455885410309,2.1757609844207764,0.036572374403476715,0.0019655092619359493,0.16540846228599548,0.08746270835399628,0.0779457539319992,protocol_8,0.007913131266832352,2.3106536865234375,2.4517860412597656,0.6979711072115999,
260,0.31113243103027344,0.09597510099411011,2.1309852600097656,0.03673122450709343,0.002222308423370123,0.09103954583406448,0.08234716206789017,0.008692381903529167,protocol_9,0.011351603083312511,1.5145902633666992,1.2719148397445679,0.6996765874203055,
261,0.3276881277561188,0.11370958387851715,2.1203765869140625,0.036136694252491,0.0013405890204012394,0.11148054152727127,0.0939086377620697,0.01757190376520157,protocol_10,0.012626552022993565,1.3230968713760376,1.9459424018859863,0.7013741309383124,
262,0.33259159326553345,0.12261975556612015,2.0791103839874268,0.036317188292741776,0.0024494831450283527,0.09012776613235474,0.07431836426258087,0.015809398144483566,protocol_2,0.006196135189384222,1.8439055681228638,3.1613831520080566,0.703063755578571,
263,0.2734281122684479,0.05518844723701477,2.1598610877990723,0.04114580899477005,0.001962844282388687,0.17327068746089935,0.05999930575489998,0.11327138543128967,protocol_3,0.009243171662092209,0.9005793929100037,2.610560894012451,0.704745479338533,
264,0.28915491700172424,0.07382279634475708,2.130011558532715,0.042751461267471313,0.0019339820137247443,0.16204015910625458,0.046854034066200256,0.11518612504005432,protocol_4,0.00572079187259078,1.8329472541809082,2.595167875289917,0.7064193203972353,
265,0.2618175745010376,0.04826252907514572,2.1112418174743652,0.04481597989797592,0.001900439034216106,0.08263735473155975,0.021926993504166603,0.060710359364748,protocol_5,0.005916777066886425,1.5057001113891602,2.9042749404907227,0.7080852971123908,
266,0.29452913999557495,0.08265536278486252,2.0927188396453857,0.04777447134256363,0.002131620654836297,0.06823320686817169,0.052033089101314545,0.016200119629502296,protocol_6,0.01137121208012104,0.8350628018379211,2.73532772064209,0.709743428017499,
267,0.2571374773979187,0.042672332376241684,2.1193037033081055,0.04532633721828461,0.002684469800442457,0.1950451135635376,0.13858620822429657,0.05645889788866043,protocol_7,0.00890011340379715,1.5125046968460083,2.044461250305176,0.7113937318189625,
268,0.3159138560295105,0.1012895479798317,2.1215109825134277,0.04460383206605911,0.0024299481883645058,0.11207985877990723,0.05426572635769844,0.05781412869691849,protocol_8,0.017767468467354774,1.9875357151031494,2.00237774848938,0.7130362273932256,
269,0.2766682803630829,0.06407597661018372,2.098142623901367,0.05306370556354523,0.0012483528116717935,0.05976557731628418,0.01985175721347332,0.03991382196545601,protocol_9,0.004350222647190094,1.6662737131118774,1.5014489889144897,0.714670933783919,
270,0.2602277398109436,0.045791201293468475,2.119166612625122,0.045730382204055786,0.002333556767553091,0.20975250005722046,0.1684427112340927,0.041309792548418045,protocol_10,0.010659296065568924,0.9851022958755493,2.6189143657684326,0.7162978701990246,
271,0.2873913049697876,0.07710359245538712,2.078988552093506,0.04447678476572037,0.0016500664642080665,0.07290095835924149,0.02691529504954815,0.045985665172338486,protocol_2,0.006132804322987795,0.8392581939697266,4.299167156219482,0.7179170560080508,
272,0.2602064609527588,0.04362773522734642,2.1413371562957764,0.044558003544807434,0.002171170897781849,0.12602770328521729,0.02320573851466179,0.1028219684958458,protocol_3,0.014479114674031734,0.987500011920929,3.2717020511627197,0.7195285107392249,
273,0.2977658212184906,0.08519136905670166,2.0994949340820312,0.04784219339489937,0.0023283776827156544,0.2181936651468277,0.14346228539943695,0.07473137974739075,protocol_4,0.013326897285878658,1.0311022996902466,2.782064199447632,0.7211322540767,
274,0.2926645874977112,0.08334579318761826,2.0698275566101074,0.04289057105779648,0.0019151479937136173,0.1091555505990982,0.10384677350521088,0.005308777093887329,protocol_5,0.00938483513891697,0.8986828327178955,1.4011002779006958,0.722728305857774,
275,0.2739293873310089,0.056224267929792404,2.149744987487793,0.04821933060884476,0.003196176141500473,0.1080888956785202,0.0783582404255867,0.029730653390288353,protocol_6,0.005391092970967293,0.8603388071060181,1.9962619543075562,0.7243166860701287,265.9532165527344
276,0.261303186416626,0.04641607031226158,2.1207265853881836,0.05009429156780243,0.0030976692214608192,0.10014811158180237,0.09102965891361237,0.009118449874222279,protocol_7,0.008456685580313206,0.828965425491333,1.3422518968582153,0.7258974148490809,
277,0.26525112986564636,0.05512584000825882,2.0742342472076416,0.048567891120910645,0.002734704874455929,0.2332179844379425,0.10902224481105804,0.12419574707746506,protocol_8,0.00947958417236805,1.1275558471679688,2.7455387115478516,0.7274705124748493,
278,0.3074791133403778,0.09211526811122894,2.1251144409179688,0.05269249528646469,0.0021780338138341904,0.08796017616987228,0.03440618887543678,0.0535539872944355,protocol_9,0.006812062114477158,0.8414310812950134,3.2997167110443115,0.7290359993698401,
279,0.29272061586380005,0.07736833393573761,2.12091064453125,0.05846317112445831,0.0033805877901613712,0.13634389638900757,0.12068220973014832,0.0156616922467947,protocol_10,0.008355640806257725,1.725367784500122,1.9949396848678589,0.7305938960959437,
280,0.3072662949562073,0.09012456238269806,2.1388206481933594,0.05876406282186508,0.0032145637087523937,0.05453764647245407,0.023370567709207535,0.031167076900601387,protocol_2,0.004582053516060114,1.331194519996643,2.6800429821014404,0.7321442233518527,
281,0.26338711380958557,0.04950122535228729,2.1060574054718018,0.05992609262466431,0.002838343381881714,0.3745429217815399,0.06002400442957878,0.31451892852783203,protocol_3,0.0165925994515419,1.750694990158081,3.186408281326294,0.7336870019703923,
282,0.2949572205543518,0.08065187931060791,2.1096510887145996,0.05966992676258087,0.003567454405128956,0.16120940446853638,0.11190218478441238,0.049307212233543396,protocol_4,0.008244641125202179,0.9695323705673218,2.3160359859466553,0.7352222529158692,
283,0.273828387260437,0.05477657914161682,2.161022663116455,0.05392172932624817,0.0025343357119709253,0.21897760033607483,0.14005301892757416,0.07892458885908127,protocol_5,0.008672976866364479,1.5113615989685059,3.0177295207977295,0.7367499972814378,
284,0.31192290782928467,0.0862961858510971,2.2235188484191895,0.05685258284211159,0.0043220738880336285,0.10745862126350403,0.04545358568429947,0.06200503185391426,protocol_6,0.008869132958352566,1.0321555137634277,2.894801378250122,0.7382702562864794,
285,0.30328190326690674,0.08705706894397736,2.126234531402588,0.06372953951358795,0.004149196669459343,0.09563031047582626,0.07186037302017212,0.023769939318299294,protocol_7,0.00797570962458849,1.156195878982544,1.9983717203140259,0.7397830512740042,
286,0.2919374108314514,0.06900063902139664,2.1977005004882812,0.05624866485595703,0.0035427266266196966,0.081678107380867,0.03743894025683403,0.044239167124032974,protocol_8,0.0032700777519494295,1.4738366603851318,3.463752031326294,0.7412884037080649,
287,0.3148254454135895,0.08758809417486191,2.235358238220215,0.06654630601406097,0.0037424215115606785,0.06540262699127197,0.06163730472326279,0.0037653250619769096,protocol_9,0.014336075633764267,1.8078893423080444,1.7596091032028198,0.7427863351711907,
288,0.2910253405570984,0.062044862657785416,2.2573394775390625,0.058067042380571365,0.003431876190006733,0.11399673670530319,0.0894138514995575,0.024582887068390846,protocol_10,0.018945561721920967,2.353372812271118,2.643855094909668,0.7442768673618374,
289,0.3085487186908722,0.08754831552505493,2.174858570098877,0.06267289817333221,0.0038091233000159264,0.1609175205230713,0.07567732781171799,0.0852401927113533,protocol_2,0.009941738098859787,1.7423028945922852,6.700550556182861,0.7457600220918552,
290,0.2985008955001831,0.06681887805461884,2.275665283203125,0.07186084240674973,0.005224754102528095,0.19767820835113525,0.06240708380937576,0.1352711319923401,protocol_3,0.009842841885983944,1.4200764894485474,2.511748790740967,0.7472358212839743,
291,0.2872214615345001,0.062438249588012695,2.213956594467163,0.060284435749053955,0.003733427729457617,0.15128155052661896,0.12221653014421463,0.02906501665711403,protocol_4,0.013387812301516533,1.5157476663589478,1.9103326797485352,0.7487042869693088,
292,0.2791716754436493,0.054594606161117554,2.209167003631592,0.06578971445560455,0.0037086387164890766,0.12424765527248383,0.05520264059305191,0.06904501467943192,protocol_5,0.012470087967813015,1.1232457160949707,2.336801528930664,0.750165441284876,
293,0.3005763292312622,0.07482276111841202,2.2209312915802,0.06508885324001312,0.004059828817844391,0.06868815422058105,0.03708091005682945,0.0316072478890419,protocol_6,0.007751567754894495,1.2230116128921509,1.460944414138794,0.751619306471137,
294,0.27841952443122864,0.051659997552633286,2.227400779724121,0.06913366168737411,0.0056276507675647736,0.04131259396672249,0.014651465229690075,0.026661129668354988,protocol_7,0.004023104906082153,1.4895262718200684,1.5470229387283325,0.7530659048695518,
295,0.2780283987522125,0.04824581369757652,2.258863925933838,0.06875152885913849,0.004586317110806704,0.0909862071275711,0.05056285858154297,0.04042334854602814,protocol_8,0.005998056381940842,0.863325834274292,2.31546688079834,0.7545052589201566,
296,0.3045107424259186,0.07900820672512054,2.2184219360351562,0.06257444620132446,0.005316497758030891,0.14438873529434204,0.0680232122540474,0.07636553049087524,protocol_9,0.010004239156842232,1.0995500087738037,1.5388097763061523,0.7559373911591538,
297,0.27161234617233276,0.03753059729933739,2.3026328086853027,0.06667196750640869,0.004848766606301069,0.22029057145118713,0.12050709873437881,0.09978346526622772,protocol_10,0.008860595524311066,1.02396559715271,2.9081602096557617,0.7573623242165262,
298,0.2984016537666321,0.0670880600810051,2.2765181064605713,0.06678063422441483,0.0032275854609906673,0.17164012789726257,0.09011673182249069,0.08152338862419128,protocol_2,0.010347344912588596,0.6706656217575073,3.528517007827759,0.7587800808136655,
299,0.2634083330631256,0.03883757069706917,2.2101807594299316,0.0596657358109951,0.005694076418876648,0.3539171814918518,0.05235294997692108,0.3015642464160919,protocol_3,0.005918465554714203,1.2166887521743774,1.794363021850586,0.7601906837610211,
300,0.3199225664138794,0.08634725958108902,2.2994792461395264,0.06405727565288544,0.004245484247803688,0.15620088577270508,0.10096611082553864,0.055234771221876144,protocol_4,0.008841403760015965,1.6504862308502197,3.1533615589141846,0.7615941559557646,229.80213928222656
301,0.30480489134788513,0.07621533423662186,2.2526755332946777,0.05737827718257904,0.004530990496277809,0.11131390929222107,0.04929341748356819,0.062020495533943176,protocol_5,0.006537632551044226,0.6978405714035034,2.630666971206665,0.76299052037948,
302,0.28277844190597534,0.05217569321393967,2.2680487632751465,0.0647783949971199,0.005589451640844345,0.07300204783678055,0.03680888190865517,0.03619316592812538,protocol_6,0.009387626312673092,1.077589750289917,2.2994234561920166,0.7643798000958606,
303,0.27346062660217285,0.039036378264427185,2.308689594268799,0.06138218566775322,0.0048619043081998825,0.12313951551914215,0.021285926923155785,0.10185358673334122,protocol_7,0.003776333061978221,0.6036220788955688,3.4122977256774902,0.765762018248439,
304,0.3003630042076111,0.06488747149705887,2.3211703300476074,0.060445234179496765,0.003362297546118498,0.06786499917507172,0.05717683956027031,0.010688158683478832,protocol_8,0.014135359786450863,0.8077507615089417,2.023075580596924,0.7671371980583221,
305,0.295992374420166,0.0619780533015728,2.310614824295044,0.05107560008764267,0.003990481607615948,0.06963902711868286,0.05916842073202133,0.010470607317984104,protocol_9,0.005334758199751377,1.0562386512756348,1.038208246231079,0.7685053628219558,
306,0.30579832196235657,0.07560143619775772,2.2725210189819336,0.04976522922515869,0.004565021023154259,0.12262008339166641,0.12171527743339539,0.0009048064821399748,protocol_10,0.010253896936774254,1.3660671710968018,1.4142003059387207,0.7698665359089003,
307,0.28874918818473816,0.06553664803504944,2.2017884254455566,0.055664993822574615,0.002504690084606409,0.22710102796554565,0.10424034297466278,0.12286069244146347,protocol_2,0.011912102811038494,1.4845128059387207,2.456725835800171,0.7712207407596317,
308,0.28825700283050537,0.06566079705953598,2.195979595184326,0.05038169026374817,0.004791677929461002,0.09758894145488739,0.0433795265853405,0.05420941114425659,protocol_3,0.009833953343331814,1.1583572626113892,3.0056824684143066,0.7725680008833546,
309,0.2991504967212677,0.06365206092596054,2.326785087585449,0.050283703953027725,0.0030574221163988113,0.07263393700122833,0.04761175066232681,0.02502218447625637,protocol_4,0.007936310023069382,1.479181170463562,2.1641197204589844,0.7739083398558422,
310,0.34324410557746887,0.1091306209564209,2.3115158081054688,0.05124831944704056,0.0039949966594576836,0.24835975468158722,0.05792560055851936,0.19043415784835815,protocol_5,0.007893365807831287,2.2539710998535156,3.2668144702911377,0.7752417813172865,
311,0.29770925641059875,0.06775704026222229,2.2693254947662354,0.050322119146585464,0.005035475827753544,0.1367277354001999,0.07674701511859894,0.05998072028160095,protocol_6,0.013135423883795738,1.2496627569198608,3.6956753730773926,0.7765683489701758,
312,0.2771015167236328,0.05030049383640289,2.239501953125,0.04605301097035408,0.005481838248670101,0.12232900410890579,0.03671486675739288,0.08561413735151291,protocol_7,0.007452409714460373,0.9937390089035034,2.5538229942321777,0.7778880665771848,
313,0.2804403007030487,0.05069899186491966,2.2701070308685303,0.041811395436525345,0.006400327198207378,0.24839474260807037,0.13753101229667664,0.11086373031139374,protocol_8,0.011331483721733093,1.5291956663131714,4.5452141761779785,0.7792009579590882,
314,0.29835864901542664,0.06803204864263535,2.279102325439453,0.03750945255160332,0.005409060977399349,0.17725056409835815,0.03793584555387497,0.1393147110939026,protocol_9,0.005660719703882933,1.8950929641723633,3.0574419498443604,0.7805070469926898,
315,0.3182169795036316,0.09368457645177841,2.2213239669799805,0.03783491626381874,0.005082673393189907,0.1663745939731598,0.09786801040172577,0.06850659102201462,protocol_10,0.010122142732143402,1.2274281978607178,3.2774734497070312,0.7818063576087741,
316,0.281503289937973,0.056198690086603165,2.2285423278808594,0.04004467651247978,0.0044809989631175995,0.17821189761161804,0.08360379934310913,0.09460809826850891,protocol_2,0.008244091644883156,0.8909804224967957,3.410247802734375,0.7830989137900737,
317,0.3175540566444397,0.0847800150513649,2.302197217941284,0.03960780054330826,0.005739395972341299,0.09992612898349762,0.07151686400175095,0.028409266844391823,protocol_3,0.01013650931417942,1.713410496711731,2.123522996902466,0.7843847395692589,
318,0.3090808093547821,0.08184387534856796,2.2455203533172607,0.04505246505141258,0.004322700202465057,0.15338078141212463,0.07406111061573029,0.07931967824697495,protocol_4,0.01563914678990841,1.0289546251296997,2.9185750484466553,0.7856638590269438,
319,0.33011552691459656,0.09716640412807465,2.299407482147217,0.05156509205698967,0.004301109816879034,0.11542351543903351,0.076020747423172,0.03940277174115181,protocol_5,0.009454723447561264,0.9740719795227051,2.230424165725708,0.7869362962897122,
320,0.2956258952617645,0.06720016151666641,2.2492074966430664,0.060989826917648315,0.004554956220090389,0.16595366597175598,0.1089489609003067,0.05700470879673958,protocol_6,0.009291775524616241,1.4063477516174316,2.8161873817443848,0.7882020755281645,
321,0.30995553731918335,0.07354814559221268,2.332733631134033,0.05470895394682884,0.003985856659710407,0.11714823544025421,0.09955046325922012,0.017597775906324387,protocol_7,0.009563482366502285,0.9518241286277771,1.5323083400726318,0.7894612209549805,
322,0.2792544960975647,0.04610452800989151,2.286825180053711,0.08169861882925034,0.0038250586949288845,0.17390525341033936,0.08821089565753937,0.08569435030221939,protocol_8,0.013435247354209423,1.256813406944275,2.425391435623169,0.7907137568230043,
323,0.30872485041618347,0.07392073422670364,2.307246208190918,0.07452422380447388,0.003532914910465479,0.15435907244682312,0.06817309558391571,0.08618597686290741,protocol_9,0.0062759798020124435,0.798669695854187,1.8054834604263306,0.7919597074233451,
324,0.3308343291282654,0.10448650270700455,2.224447011947632,0.0694374069571495,0.0043124728836119175,0.12093231827020645,0.04813104867935181,0.07280126959085464,protocol_10,0.009949338622391224,1.0947307348251343,2.7235398292541504,0.7931990970835008,
325,0.2933117151260376,0.0686030313372612,2.2163374423980713,0.05451306328177452,0.003492683172225952,0.08209684491157532,0.04913722351193428,0.032959625124931335,protocol_2,0.009326714091002941,1.3214324712753296,3.1619412899017334,0.7944319501654966,290.68768310546875
326,0.2980957329273224,0.05424291640520096,2.3946638107299805,0.07986187189817429,0.003933326806873083,0.2873818278312683,0.04586765170097351,0.2415141761302948,protocol_3,0.009225930087268353,1.1540364027023315,1.341478943824768,0.7956582910640455,
327,0.26408061385154724,0.033311013132333755,2.267892360687256,0.0750158429145813,0.002295729238539934,0.0958932638168335,0.05409370735287666,0.041799552738666534,protocol_4,0.004284336231648922,1.0185478925704956,1.1071470975875854,0.7968781442047268,
328,0.28016528487205505,0.043837983161211014,2.3269925117492676,0.06729234009981155,0.0026340901385992765,0.10209614038467407,0.02557656355202198,0.07651957869529724,protocol_5,0.004386197309941053,0.7939981818199158,2.6242597103118896,0.7980915340421835,
329,0.2818145751953125,0.05944059416651726,2.1901535987854004,0.06153133139014244,0.0028208428993821144,0.05663204565644264,0.0473051592707634,0.00932688731700182,protocol_6,0.009095282293856144,0.6869391798973083,1.4788793325424194,0.7992984850583387,
330,0.29490044713020325,0.0648251622915268,2.2613093852996826,0.07209473848342896,0.0033960158471018076,0.10178853571414948,0.08596441894769669,0.01582411676645279,protocol_7,0.007911852560937405,0.7109403610229492,1.5766199827194214,0.8004990217606296,
331,0.27123206853866577,0.03655417636036873,2.310476779937744,0.06659374386072159,0.0030052033253014088,0.12467434257268906,0.08551019430160522,0.03916414827108383,protocol_8,0.009321196936070919,0.9826104044914246,2.403130054473877,0.8016931686802644,
332,0.28962668776512146,0.04821750894188881,2.384077310562134,0.05311690270900726,0.0034561222419142723,0.04935529828071594,0.04054538905620575,0.008809907361865044,protocol_9,0.010121102444827557,0.9830069541931152,2.7117791175842285,0.8028809503704908,
333,0.27501821517944336,0.04571160301566124,2.2579991817474365,0.06473588943481445,0.0026989015750586987,0.06750264763832092,0.026740919798612595,0.04076172411441803,protocol_10,0.010152888484299183,1.1499567031860352,1.7304552793502808,0.8040623914048923,
334,0.2825421988964081,0.05393192917108536,2.2522940635681152,0.061649300158023834,0.002984215272590518,0.0897355005145073,0.03709052875638008,0.05264497175812721,protocol_2,0.006343678571283817,1.1674641370773315,2.5222411155700684,0.8052375163756942,
335,0.28158655762672424,0.04219020903110504,2.3506996631622314,0.07979786396026611,0.003364661242812872,0.13804592192173004,0.048950307071208954,0.08909561485052109,protocol_3,0.010801665484905243,0.8426685929298401,3.77341365814209,0.806406349892095,
336,0.308224618434906,0.07711862027645111,2.2712349891662598,0.07520003616809845,0.002224729396402836,0.07806246727705002,0.05056256428360939,0.02749990113079548,protocol_4,0.006321542896330357,1.2306835651397705,1.928929090499878,0.8075689165786144,
337,0.3335760235786438,0.0964186042547226,2.329036235809326,0.07900620996952057,0.003035064321011305,0.06754707545042038,0.0422891341149807,0.02525794319808483,protocol_5,0.01333103608340025,2.045254945755005,2.4814884662628174,0.808725241073456,
338,0.30841004848480225,0.08200879395008087,2.2211110591888428,0.07878412306308746,0.00350963044911623,0.13183191418647766,0.1054372563958168,0.026394659653306007,protocol_6,0.010444642044603825,1.4047322273254395,2.990671396255493,0.8098753480268954,
339,0.31146594882011414,0.07460235804319382,2.3187971115112305,0.09357665479183197,0.0030502493027597666,0.10066556930541992,0.04555128142237663,0.05511428415775299,protocol_7,0.006926388945430517,1.3274965286254883,1.6456516981124878,0.8110192620996814,
340,0.31103643774986267,0.07776239514350891,2.278428554534912,0.10211341828107834,0.003255195450037718,0.08997875452041626,0.040532585233449936,0.04944617301225662,protocol_8,0.013003402389585972,1.1183037757873535,2.219745397567749,0.8121570079614577,
341,0.28138452768325806,0.04206105321645737,2.351055383682251,0.07631456851959229,0.004021757282316685,0.2248058170080185,0.02595057152211666,0.19885525107383728,protocol_9,0.0090526407584548,0.7980879545211792,1.735628366470337,0.8132886102892025,
342,0.2987746000289917,0.0697573572397232,2.250082492828369,0.07371099293231964,0.003234514035284519,0.11700556427240372,0.08421560376882553,0.032789960503578186,protocol_10,0.011428769677877426,1.386759877204895,2.3522896766662598,0.8144140937656861,
343,0.28899404406547546,0.05778101459145546,2.272195339202881,0.07300915569067001,0.0034301092382520437,0.05453610420227051,0.027600858360528946,0.02693524770438671,protocol_2,0.008266566321253777,1.0980892181396484,1.9201850891113281,0.8155334830779479,
344,0.28823134303092957,0.046485692262649536,2.3625125885009766,0.10258521139621735,0.0036513088271021843,0.28197118639945984,0.041118837893009186,0.24085235595703125,protocol_3,0.006901172921061516,1.4541237354278564,1.4966931343078613,0.8166468029157894,
345,0.2714287340641022,0.03510564565658569,2.3094680309295654,0.10062576830387115,0.003449843032285571,0.09515261650085449,0.07578511536121368,0.019367504864931107,protocol_4,0.011157970875501633,1.3825459480285645,2.7933804988861084,0.8177540779702877,
346,0.30758872628211975,0.07010947167873383,2.3203284740448,0.10030977427959442,0.004309258423745632,0.14122337102890015,0.04372544586658478,0.09749792516231537,protocol_5,0.004945897031575441,1.0738846063613892,4.250426292419434,0.8188553329323247,
347,0.29568982124328613,0.06875384598970413,2.2178568840026855,0.09495340287685394,0.004026331938803196,0.05752789229154587,0.03253874182701111,0.02498915046453476,protocol_6,0.007679803762584925,1.3802103996276855,1.9475071430206299,0.8199505924911363,
348,0.2991839647293091,0.06884653121232986,2.2516045570373535,0.09417915344238281,0.004680036101490259,0.12997961044311523,0.08573439717292786,0.044245216995477676,protocol_7,0.00879135075956583,0.803860068321228,3.0809733867645264,0.8210398813328772,
349,0.32134681940078735,0.08775705844163895,2.287102222442627,0.0890512689948082,0.0042698197066783905,0.13642677664756775,0.039525363594293594,0.09690141677856445,protocol_8,0.008398327976465225,2.021073579788208,2.8442599773406982,0.8221232241392051,
350,0.30519381165504456,0.063322052359581,2.3490567207336426,0.1246681809425354,0.007326905615627766,0.3093085289001465,0.09569791704416275,0.21361060440540314,protocol_9,0.010133770294487476,1.3712631464004517,1.6580642461776733,0.8232006455858834,221.71893310546875
351,0.31759113073349,0.08252338320016861,2.276066303253174,0.1348874568939209,0.007167166098952293,0.16261911392211914,0.08588583022356033,0.07673328369855881,protocol_10,0.00713573582470417,1.584612250328064,1.9196665287017822,0.8242721703413975,
352,0.2997702360153198,0.06377804279327393,2.298499822616577,0.10985678434371948,0.006493560969829559,0.16040407121181488,0.06264784932136536,0.09775622189044952,protocol_2,0.014229570515453815,1.2924113273620605,3.418134927749634,0.8253378230655948,
353,0.3138883113861084,0.06449058651924133,2.4200103282928467,0.13228558003902435,0.007824432104825974,0.13412520289421082,0.07333102822303772,0.060794178396463394,protocol_3,0.006689918227493763,1.267012596130371,2.529731273651123,0.8263976284083359,
354,0.33972692489624023,0.10565340518951416,2.2687835693359375,0.12823496758937836,0.007834064774215221,0.1330239623785019,0.06816164404153824,0.06486231833696365,protocol_4,0.005918008740991354,1.2001123428344727,2.17490553855896,0.8274516110081667,
355,0.30714136362075806,0.06588876992464066,2.351912498474121,0.10437563806772232,0.008425772190093994,0.0887259840965271,0.059990108013153076,0.028735876083374023,protocol_5,0.007608077488839626,1.1720365285873413,2.3179757595062256,0.8284997954910083,
356,0.3557629883289337,0.10778249055147171,2.418292284011841,0.10716113448143005,0.007931874133646488,0.1487458199262619,0.06296838819980621,0.08577743172645569,protocol_6,0.009318306110799313,1.3371624946594238,2.821882724761963,0.8295422064688609,
357,0.28933006525039673,0.06164063140749931,2.2097833156585693,0.11557439714670181,0.009323647245764732,0.1465005874633789,0.04697888344526291,0.0995217114686966,protocol_7,0.007021442521363497,1.376015305519104,2.730895757675171,0.8305788685385285,
358,0.2960716784000397,0.06449633836746216,2.2492265701293945,0.11772137880325317,0.0076661622151732445,0.11521054059267044,0.06391308456659317,0.05129745602607727,protocol_8,0.008127517066895962,1.045539140701294,2.9916388988494873,0.8316098062803572,
359,0.35291871428489685,0.115717314183712,2.297097682952881,0.1343020498752594,0.007765423972159624,0.13694971799850464,0.06925065815448761,0.06769905239343643,protocol_9,0.007190451957285404,1.4664520025253296,1.4847099781036377,0.832635044256993,
360,0.3456614017486572,0.10929109901189804,2.2971177101135254,0.12027110159397125,0.006449766457080841,0.24623984098434448,0.15368269383907318,0.0925571471452713,protocol_10,0.0059483288787305355,1.6010621786117554,2.1694042682647705,0.8336546070121553,
361,0.3689172863960266,0.1274385303258896,2.3368430137634277,0.1440708041191101,0.005908994469791651,0.15758101642131805,0.057182636111974716,0.10039837658405304,protocol_2,0.006470405962318182,1.1027965545654297,4.968051910400391,0.8346685190694274,
362,0.3256358504295349,0.07135675102472305,2.4400486946105957,0.1860562413930893,0.009714082814753056,0.6231464743614197,0.10712158679962158,0.5160248875617981,protocol_3,0.015671558678150177,0.9213800430297852,5.422419548034668,0.8356768049310632,
363,0.33342036604881287,0.09082317352294922,2.3290748596191406,0.17871229350566864,0.007541069760918617,0.09599649906158447,0.055182360112667084,0.04081414267420769,protocol_4,0.006877576932311058,1.4966771602630615,1.8321293592453003,0.8366794890768108,
364,0.3470172584056854,0.11660950630903244,2.2237658500671387,0.14887504279613495,0.005874062888324261,0.35266971588134766,0.14311745762825012,0.20955227315425873,protocol_5,0.009898909367620945,1.3543205261230469,4.933131217956543,0.8376765959627523,
365,0.3647792637348175,0.11809395998716354,2.368938684463501,0.17656636238098145,0.009631222113966942,0.2393811047077179,0.15084068477153778,0.08854041248559952,protocol_6,0.015652844682335854,1.5385937690734863,3.6325037479400635,0.838668150020162,
366,0.315594881772995,0.08585081994533539,2.226729393005371,0.12677167356014252,0.007325223181396723,0.21241512894630432,0.1690303087234497,0.04338482394814491,protocol_7,0.010818262584507465,1.1679474115371704,3.4652974605560303,0.8396541756543754,
367,0.35488834977149963,0.11605385690927505,2.3345608711242676,0.09824952483177185,0.004659314174205065,0.13305886089801788,0.08512236177921295,0.04793649539351463,protocol_8,0.014045792631804943,1.4829933643341064,2.1702725887298584,0.8406346972436811,
368,0.3374929428100586,0.10211719572544098,2.293506622314453,0.10667426139116287,0.006913435645401478,0.24593961238861084,0.12189038097858429,0.12404923886060715,protocol_9,0.010927548632025719,1.7729572057724,2.56632924079895,0.8416097391382251,
369,0.36531883478164673,0.13427148759365082,2.2483434677124023,0.11083611100912094,0.006712052039802074,0.1825639307498932,0.16716331243515015,0.01540062390267849,protocol_10,0.0061414544470608234,1.220503568649292,1.1328258514404297,0.8425793256589298,
370,0.3041413128376007,0.0648806020617485,2.340752601623535,0.0888938456773758,0.007407673168927431,0.18565036356449127,0.1349790394306183,0.050671327859163284,protocol_2,0.007255327422171831,0.8220723271369934,2.7631022930145264,0.8435434810964322,
371,0.2733491063117981,0.04705231636762619,2.2282814979553223,0.05380096286535263,0.0077859689481556416,0.4653134346008301,0.054567351937294006,0.41074609756469727,protocol_3,0.0032460219226777554,0.7153753042221069,1.5811375379562378,0.8445022297100364,
372,0.315067321062088,0.09652000665664673,2.157684087753296,0.045462869107723236,0.0050577446818351746,0.12268269062042236,0.0401565283536911,0.08252616226673126,protocol_4,0.007471691817045212,1.4762574434280396,1.6935083866119385,0.8454555957266803,
373,0.31334182620048523,0.09229154139757156,2.1813888549804688,0.04780059680342674,0.005213762167841196,0.19601565599441528,0.13409344851970673,0.061922214925289154,protocol_5,0.007767698727548122,1.0662540197372437,3.6461100578308105,0.8464036033399203,
374,0.2734885513782501,0.04594825953245163,2.2357685565948486,0.06795098632574081,0.0056589217856526375,0.274014413356781,0.06607439368963242,0.207940012216568,protocol_6,0.008192189037799835,0.8296467661857605,2.603236198425293,0.8473462767089295,
375,0.34988588094711304,0.11842642724514008,2.2801172733306885,0.05575467646121979,0.006599854677915573,0.060718949884176254,0.031376659870147705,0.02934229001402855,protocol_7,0.004867085721343756,1.175225853919983,1.7272453308105469,0.8482836399575131,241.05563354492188
