candidate,best_source_meta_loss,mae,rmse,mae_percent,rmse_percent,r2,point_count,eol_threshold,current_cycle,actual_eol_cycle_last_hitting,predicted_eol_cycle_last_hitting,actual_rul,predicted_rul,rul_error_actual_minus_predicted,cell,mode,adaptation_best_step,adaptation_best_support_loss,oracle_query_selection,learning_rate,loss_reduction,sampling_mode,adaptation_selection_value,support_validation_mae_fraction,support_validation_mae_percent,query_used_for_gradient,query_used_for_checkpoint_selection,deployment_safe,checkpoint_selection
p0p5_ilr0p005,0.001883420650847256,0.0097119022020512,0.0122789745917705,0.9711902202051232,1.2278974591770593,0.980892197003401,972,0.7,100,882,887,782,787,-5,CALCE_CX2_37.pkl,fast_0_steps,0,0.0069662244059145,False,0.005,sample_balanced,random,,,,,,,
p0p5_ilr0p005,0.001883420650847256,0.027635362799908,0.0341376844057219,2.7635362799908068,3.413768440572196,0.8523087820771381,972,0.7,100,882,1014,782,914,-132,CALCE_CX2_37.pkl,fast_1_steps,1,0.0064330217428505,False,0.005,sample_balanced,random,,,,,,,
p0p5_ilr0p005,0.001883420650847256,0.047666059521795,0.0548174840008548,4.766605952179504,5.481748400085489,0.6191756139101434,972,0.7,100,882,1072,782,972,-190,CALCE_CX2_37.pkl,fast_3_steps,3,0.0062138531357049,False,0.005,sample_balanced,random,,,,,,,
p0p5_ilr0p005,0.001883420650847256,0.0650517049348994,0.0728481790400836,6.505170493489944,7.284817904008367,0.3274509643833883,972,0.7,100,882,1072,782,972,-190,CALCE_CX2_37.pkl,fast_5_steps,5,0.0060926536098122,False,0.005,sample_balanced,random,,,,,,,
p0p5_ilr0p005,0.001883420650847256,0.0097119022020512,0.0122789745917705,0.9711902202051232,1.2278974591770593,0.980892197003401,972,0.7,100,882,887,782,787,-5,CALCE_CX2_37.pkl,complete_paper_query_selected,0,,True,0.005,sample_balanced,random,0.0097119022020512,,,False,True,False,paper_query_early_stopping
p0p5_ilr0p005,0.001883420650847256,0.0336380833525884,0.0628804339617481,3.363808335258843,6.288043396174814,0.8774101913828072,1479,0.7,100,878,887,778,787,-9,CALCE_CX2_38.pkl,fast_0_steps,0,0.0068932920694351,False,0.005,sample_balanced,random,,,,,,,
p0p5_ilr0p005,0.001883420650847256,0.0400317709635518,0.0676059853641576,4.003177096355189,6.76059853641576,0.8582922506066001,1479,0.7,100,878,1000,778,900,-122,CALCE_CX2_38.pkl,fast_1_steps,1,0.0064349947497248,False,0.005,sample_balanced,random,,,,,,,
p0p5_ilr0p005,0.001883420650847256,0.0607126267483587,0.0811628282152578,6.071262674835876,8.116282821525783,0.7957614818641516,1479,0.7,100,878,1074,778,974,-196,CALCE_CX2_38.pkl,fast_3_steps,3,0.0062503656372427,False,0.005,sample_balanced,random,,,,,,,
p0p5_ilr0p005,0.001883420650847256,0.0843221732382162,0.1023636398027858,8.43221732382162,10.236363980278584,0.6751261565754234,1479,0.7,100,878,1157,778,1057,-279,CALCE_CX2_38.pkl,fast_5_steps,5,0.0061230678111314,False,0.005,sample_balanced,random,,,,,,,
p0p5_ilr0p005,0.001883420650847256,0.0336380833525884,0.0628804339617481,3.363808335258843,6.288043396174814,0.8774101913828072,1479,0.7,100,878,887,778,787,-9,CALCE_CX2_38.pkl,complete_paper_query_selected,0,,True,0.005,sample_balanced,random,0.0336380833525884,,,False,True,False,paper_query_early_stopping
p0p5_ilr0p01,0.0019429560285061597,0.0301523898575889,0.0321088593449192,3.015238985758892,3.210885934491924,0.8693419088737521,972,0.7,100,882,815,782,715,67,CALCE_CX2_37.pkl,fast_0_steps,0,0.0069979801774024,False,0.01,sample_balanced,random,,,,,,,
p0p5_ilr0p01,0.0019429560285061597,0.0247146297240827,0.0310265600008549,2.47146297240827,3.1026560000854944,0.87800169204926,972,0.7,100,882,1003,782,903,-121,CALCE_CX2_37.pkl,fast_1_steps,1,0.006008818745613,False,0.01,sample_balanced,random,,,,,,,
p0p5_ilr0p01,0.0019429560285061597,0.0339584049069945,0.0411146148033896,3.3958404906994595,4.111461480338961,0.7857706327020753,972,0.7,100,882,1045,782,945,-163,CALCE_CX2_37.pkl,fast_3_steps,3,0.0059121903032064,False,0.01,sample_balanced,random,,,,,,,
p0p5_ilr0p01,0.0019429560285061597,0.0475748344903229,0.0548594328207314,4.757483449032299,5.485943282073145,0.618592542785461,972,0.7,100,882,1072,782,972,-190,CALCE_CX2_37.pkl,fast_5_steps,5,0.0058320751413702,False,0.01,sample_balanced,random,,,,,,,
p0p5_ilr0p01,0.0019429560285061597,0.0247146297240827,0.0310265600008549,2.47146297240827,3.1026560000854944,0.87800169204926,972,0.7,100,882,1003,782,903,-121,CALCE_CX2_37.pkl,complete_paper_query_selected,1,,True,0.01,sample_balanced,random,0.0247146297240827,,,False,True,False,paper_query_early_stopping
p0p5_ilr0p01,0.0019429560285061597,0.0522785048999619,0.0747875942205529,5.22785048999619,7.478759422055295,0.8265866881490586,1479,0.7,100,878,815,778,715,63,CALCE_CX2_38.pkl,fast_0_steps,0,0.006903963163495,False,0.01,sample_balanced,random,,,,,,,
p0p5_ilr0p01,0.0019429560285061597,0.0392072443712357,0.071909489467535,3.920724437123572,7.190948946753505,0.8396770419130867,1479,0.7,100,878,987,778,887,-109,CALCE_CX2_38.pkl,fast_1_steps,1,0.0060260389000177,False,0.01,sample_balanced,random,,,,,,,
p0p5_ilr0p01,0.0019429560285061597,0.0475204267755682,0.076381329547615,4.752042677556823,7.638132954761509,0.819117007633598,1479,0.7,100,878,1021,778,921,-143,CALCE_CX2_38.pkl,fast_3_steps,3,0.0059403302147984,False,0.01,sample_balanced,random,,,,,,,
p0p5_ilr0p01,0.0019429560285061597,0.0647293886764502,0.0877605164483507,6.472938867645027,8.77605164483507,0.7612069695539296,1479,0.7,100,878,1084,778,984,-206,CALCE_CX2_38.pkl,fast_5_steps,5,0.0058472999371588,False,0.01,sample_balanced,random,,,,,,,
p0p5_ilr0p01,0.0019429560285061597,0.0392072443712357,0.071909489467535,3.920724437123572,7.190948946753505,0.8396770419130867,1479,0.7,100,878,987,778,887,-109,CALCE_CX2_38.pkl,complete_paper_query_selected,1,,True,0.01,sample_balanced,random,0.0392072443712357,,,False,True,False,paper_query_early_stopping
p0p5_ilr0p025,0.003538660320919007,0.6111626591778687,0.6185668368589431,61.11626591778687,61.85668368589431,-47.49085242075425,972,0.7,100,882,1072,782,972,-190,CALCE_CX2_37.pkl,fast_0_steps,0,0.1304342746734619,False,0.025,sample_balanced,random,,,,,,,
p0p5_ilr0p025,0.003538660320919007,0.0437222755284084,0.0499084749231773,4.372227552840849,4.990847492317739,0.6843286614174928,972,0.7,100,882,1052,782,952,-170,CALCE_CX2_37.pkl,fast_1_steps,1,0.0089340806007385,False,0.025,sample_balanced,random,,,,,,,
p0p5_ilr0p025,0.003538660320919007,0.0873407785738547,0.096788945895338,8.734077857385468,9.6788945895338,-0.1872387794879484,972,0.7,100,882,1072,782,972,-190,CALCE_CX2_37.pkl,fast_3_steps,3,0.0076394821517169,False,0.025,sample_balanced,random,,,,,,,
p0p5_ilr0p025,0.003538660320919007,0.1156200909887422,0.1261786783255221,11.56200909887422,12.61786783255221,-1.0177088628344162,972,0.7,100,882,1072,782,972,-190,CALCE_CX2_37.pkl,fast_5_steps,5,0.0071181617677211,False,0.025,sample_balanced,random,,,,,,,
p0p5_ilr0p025,0.003538660320919007,0.0437222755284084,0.0499084749231773,4.372227552840849,4.990847492317739,0.6843286614174928,972,0.7,100,882,1052,782,952,-170,CALCE_CX2_37.pkl,complete_paper_query_selected,1,,True,0.025,sample_balanced,random,0.0437222755284084,,,False,True,False,paper_query_early_stopping
p0p5_ilr0p025,0.003538660320919007,0.7146239962755269,0.7368903649539271,71.46239962755268,73.68903649539271,-15.835617981459798,1479,0.7,100,878,1579,778,1479,-701,CALCE_CX2_38.pkl,fast_0_steps,0,0.131815105676651,False,0.025,sample_balanced,random,,,,,,,
p0p5_ilr0p025,0.003538660320919007,0.0619288475691686,0.0919592220768737,6.192884756916869,9.195922207687378,0.7378113520819424,1479,0.7,100,878,1031,778,931,-153,CALCE_CX2_38.pkl,fast_1_steps,1,0.009093620814383,False,0.025,sample_balanced,random,,,,,,,
p0p5_ilr0p025,0.003538660320919007,0.1185493043025299,0.1408600211241096,11.854930430252992,14.086002112410965,0.3848248201931309,1479,0.7,100,878,1252,778,1152,-374,CALCE_CX2_38.pkl,fast_3_steps,3,0.0077683115378022,False,0.025,sample_balanced,random,,,,,,,
p0p5_ilr0p025,0.003538660320919007,0.1617538819535635,0.1869681003784894,16.175388195356348,18.696810037848945,-0.0838229366444383,1479,0.7,100,878,1450,778,1350,-572,CALCE_CX2_38.pkl,fast_5_steps,5,0.0072099170647561,False,0.025,sample_balanced,random,,,,,,,
p0p5_ilr0p025,0.003538660320919007,0.0619288475691686,0.0919592220768737,6.192884756916869,9.195922207687378,0.7378113520819424,1479,0.7,100,878,1031,778,931,-153,CALCE_CX2_38.pkl,complete_paper_query_selected,1,,True,0.025,sample_balanced,random,0.0619288475691686,,,False,True,False,paper_query_early_stopping
p0p5_ilr0p05,0.01232865322381258,0.1167313358065465,0.1376564138716086,11.673133580654657,13.765641387160867,-1.4014826673027034,972,0.7,100,882,212,782,112,670,CALCE_CX2_37.pkl,fast_0_steps,0,0.0111910551786422,False,0.05,sample_balanced,random,,,,,,,
p0p5_ilr0p05,0.01232865322381258,0.0705999598174402,0.0809006571980092,7.059995981744025,8.09006571980093,0.1705491570249392,972,0.7,100,882,1072,782,972,-190,CALCE_CX2_37.pkl,fast_1_steps,1,0.0100943353027105,False,0.05,sample_balanced,random,,,,,,,
p0p5_ilr0p05,0.01232865322381258,0.0833776325922269,0.0980492375354986,8.337763259222694,9.804923753549865,-0.2183582128735988,972,0.7,100,882,1072,782,972,-190,CALCE_CX2_37.pkl,fast_3_steps,3,0.0084781758487224,False,0.05,sample_balanced,random,,,,,,,
p0p5_ilr0p05,0.01232865322381258,0.0876832371561216,0.1032771047476567,8.768323715612162,10.32771047476567,-0.351744660004206,972,0.7,100,882,1072,782,972,-190,CALCE_CX2_37.pkl,fast_5_steps,5,0.0080272834748029,False,0.05,sample_balanced,random,,,,,,,
p0p5_ilr0p05,0.01232865322381258,0.0705999598174402,0.0809006571980092,7.059995981744025,8.09006571980093,0.1705491570249392,972,0.7,100,882,1072,782,972,-190,CALCE_CX2_37.pkl,complete_paper_query_selected,1,,True,0.05,sample_balanced,random,0.0705999598174402,,,False,True,False,paper_query_early_stopping
p0p5_ilr0p05,0.01232865322381258,0.1366333923989025,0.1690446390842553,13.663339239890254,16.904463908425534,0.1140155256257519,1479,0.7,100,878,212,778,112,666,CALCE_CX2_38.pkl,fast_0_steps,0,0.0109304701909422,False,0.05,sample_balanced,random,,,,,,,
p0p5_ilr0p05,0.01232865322381258,0.1362784979988443,0.1809785004033208,13.627849799884434,18.09785004033208,-0.0154938021094797,1479,0.7,100,878,1579,778,1479,-701,CALCE_CX2_38.pkl,fast_1_steps,1,0.0098279984667897,False,0.05,sample_balanced,random,,,,,,,
p0p5_ilr0p05,0.01232865322381258,0.1322651672760554,0.1711152628108284,13.226516727605544,17.111526281082842,0.0921777896865406,1479,0.7,100,878,1579,778,1479,-701,CALCE_CX2_38.pkl,fast_3_steps,3,0.0083648655563592,False,0.05,sample_balanced,random,,,,,,,
p0p5_ilr0p05,0.01232865322381258,0.1321989537147845,0.1701995925495373,13.219895371478447,17.019959254953733,0.1018676520207242,1479,0.7,100,878,298,778,198,580,CALCE_CX2_38.pkl,fast_5_steps,5,0.0079503562301397,False,0.05,sample_balanced,random,,,,,,,
p0p5_ilr0p05,0.01232865322381258,0.1321323224073144,0.16953223881076,13.213232240731443,16.953223881076003,0.1088970097367044,1479,0.7,100,878,266,778,166,612,CALCE_CX2_38.pkl,complete_paper_query_selected,4,,True,0.05,sample_balanced,random,0.1321323224073144,,,False,True,False,paper_query_early_stopping
p0p7_ilr0p005,0.0020690308418124916,0.0221157056843367,0.0292529160578393,2.2115705684336784,2.9252916057839395,0.8915511668803541,972,0.7,100,882,1010,782,910,-128,CALCE_CX2_37.pkl,fast_0_steps,0,0.0052548265084624,False,0.005,sample_balanced,random,,,,,,,
p0p7_ilr0p005,0.0020690308418124916,0.0261972693848676,0.0338946507557567,2.619726938486762,3.389465075575678,0.8544041888388019,972,0.7,100,882,1031,782,931,-149,CALCE_CX2_37.pkl,fast_1_steps,1,0.0050821104086935,False,0.005,sample_balanced,random,,,,,,,
p0p7_ilr0p005,0.0020690308418124916,0.0316253353909053,0.0392536773129414,3.16253353909054,3.925367731294149,0.8047247288022745,972,0.7,100,882,1055,782,955,-173,CALCE_CX2_37.pkl,fast_3_steps,3,0.0049317339435219,False,0.005,sample_balanced,random,,,,,,,
p0p7_ilr0p005,0.0020690308418124916,0.038290267356443,0.0454379302204485,3.829026735644304,4.54379302204485,0.7383482558112157,972,0.7,100,882,1072,782,972,-190,CALCE_CX2_37.pkl,fast_5_steps,5,0.004810407757759,False,0.005,sample_balanced,random,,,,,,,
p0p7_ilr0p005,0.0020690308418124916,0.0221157056843367,0.0292529160578393,2.2115705684336784,2.9252916057839395,0.8915511668803541,972,0.7,100,882,1010,782,910,-128,CALCE_CX2_37.pkl,complete_paper_query_selected,0,,True,0.005,sample_balanced,random,0.0221157056843367,,,False,True,False,paper_query_early_stopping
p0p7_ilr0p005,0.0020690308418124916,0.0404713945460961,0.0688552584534768,4.047139454609615,6.885525845347687,0.8530067026588701,1479,0.7,100,878,1010,778,910,-132,CALCE_CX2_38.pkl,fast_0_steps,0,0.0052053127437829,False,0.005,sample_balanced,random,,,,,,,
p0p7_ilr0p005,0.0020690308418124916,0.0451964037719401,0.0719331367984547,4.519640377194018,7.19331367984547,0.8395715806328321,1479,0.7,100,878,1029,778,929,-151,CALCE_CX2_38.pkl,fast_1_steps,1,0.0050617959350347,False,0.005,sample_balanced,random,,,,,,,
p0p7_ilr0p005,0.0020690308418124916,0.0509297139629175,0.0757237355556814,5.092971396291758,7.572373555568148,0.8222181722452213,1479,0.7,100,878,1050,778,950,-172,CALCE_CX2_38.pkl,fast_3_steps,3,0.0049411319196224,False,0.005,sample_balanced,random,,,,,,,
p0p7_ilr0p005,0.0020690308418124916,0.0585020219746239,0.0810377810798034,5.850202197462391,8.103778107980347,0.7963903354406696,1479,0.7,100,878,1075,778,975,-197,CALCE_CX2_38.pkl,fast_5_steps,5,0.0048341639339923,False,0.005,sample_balanced,random,,,,,,,
p0p7_ilr0p005,0.0020690308418124916,0.0404713945460961,0.0688552584534768,4.047139454609615,6.885525845347687,0.8530067026588701,1479,0.7,100,878,1010,778,910,-132,CALCE_CX2_38.pkl,complete_paper_query_selected,0,,True,0.005,sample_balanced,random,0.0404713945460961,,,False,True,False,paper_query_early_stopping
p0p7_ilr0p01,0.001974886329844594,0.0165383830145239,0.0203825554241455,1.6538383014523914,2.0382555424145505,0.9473493402629942,972,0.7,100,882,962,782,862,-80,CALCE_CX2_37.pkl,fast_0_steps,0,0.0067367330193519,False,0.01,sample_balanced,random,,,,,,,
p0p7_ilr0p01,0.001974886329844594,0.0261761488389706,0.0338632718108867,2.6176148838970605,3.386327181088676,0.854673643047877,972,0.7,100,882,1034,782,934,-152,CALCE_CX2_37.pkl,fast_1_steps,1,0.0058596129529178,False,0.01,sample_balanced,random,,,,,,,
p0p7_ilr0p01,0.001974886329844594,0.0397893090260963,0.0464254387898892,3.978930902609632,4.642543878988923,0.7268516459067393,972,0.7,100,882,1072,782,972,-190,CALCE_CX2_37.pkl,fast_3_steps,3,0.0055020870640873,False,0.01,sample_balanced,random,,,,,,,
p0p7_ilr0p01,0.001974886329844594,0.050962366300169,0.0570512951889184,5.096236630016906,5.7051295188918445,0.5875060623304675,972,0.7,100,882,1072,782,972,-190,CALCE_CX2_37.pkl,fast_5_steps,5,0.0053503159433603,False,0.01,sample_balanced,random,,,,,,,
p0p7_ilr0p01,0.001974886329844594,0.0165383830145239,0.0203825554241455,1.6538383014523914,2.0382555424145505,0.9473493402629942,972,0.7,100,882,962,782,862,-80,CALCE_CX2_37.pkl,complete_paper_query_selected,0,,True,0.01,sample_balanced,random,0.0165383830145239,,,False,True,False,paper_query_early_stopping
p0p7_ilr0p01,0.001974886329844594,0.0327831234665462,0.0650354492350631,3.2783123466546207,6.503544923506312,0.8688634978214875,1479,0.7,100,878,962,778,862,-84,CALCE_CX2_38.pkl,fast_0_steps,0,0.0066445656120777,False,0.01,sample_balanced,random,,,,,,,
p0p7_ilr0p01,0.001974886329844594,0.0452123886064204,0.0727996083775495,4.521238860642045,7.279960837754953,0.8356834179465285,1479,0.7,100,878,1030,778,930,-152,CALCE_CX2_38.pkl,fast_1_steps,1,0.0058624614030122,False,0.01,sample_balanced,random,,,,,,,
p0p7_ilr0p01,0.001974886329844594,0.0596205776094146,0.0821545251763501,5.962057760941461,8.215452517635018,0.7907399685060407,1479,0.7,100,878,1080,778,980,-202,CALCE_CX2_38.pkl,fast_3_steps,3,0.0055443146266043,False,0.01,sample_balanced,random,,,,,,,
p0p7_ilr0p01,0.001974886329844594,0.073158042241316,0.0927655956206588,7.315804224131607,9.27655956206588,0.7331930235515471,1479,0.7,100,878,1125,778,1025,-247,CALCE_CX2_38.pkl,fast_5_steps,5,0.005393442697823,False,0.01,sample_balanced,random,,,,,,,
p0p7_ilr0p01,0.001974886329844594,0.0327831234665462,0.0650354492350631,3.2783123466546207,6.503544923506312,0.8688634978214875,1479,0.7,100,878,962,778,862,-84,CALCE_CX2_38.pkl,complete_paper_query_selected,0,,True,0.01,sample_balanced,random,0.0327831234665462,,,False,True,False,paper_query_early_stopping
p0p7_ilr0p025,0.0021704717655666173,0.4678591766797075,0.4739580705525015,46.78591766797075,47.39580705525015,-27.46861893683073,972,0.7,100,882,1072,782,972,-190,CALCE_CX2_37.pkl,fast_0_steps,0,0.1018403172492981,False,0.025,sample_balanced,random,,,,,,,
p0p7_ilr0p025,0.0021704717655666173,0.0373492525605396,0.0442984645106294,3.7349252560539608,4.429846451062946,0.7513068064817717,972,0.7,100,882,1045,782,945,-163,CALCE_CX2_37.pkl,fast_1_steps,1,0.0058893421664834,False,0.025,sample_balanced,random,,,,,,,
p0p7_ilr0p025,0.0021704717655666173,0.0545245568811114,0.0623824783354389,5.452455688111145,6.238247833543896,0.506812793245795,972,0.7,100,882,1072,782,972,-190,CALCE_CX2_37.pkl,fast_3_steps,3,0.0054717124439775,False,0.025,sample_balanced,random,,,,,,,
p0p7_ilr0p025,0.0021704717655666173,0.0735423514458478,0.0818472071508311,7.354235144584781,8.184720715083117,0.1510262093608723,972,0.7,100,882,1072,782,972,-190,CALCE_CX2_37.pkl,fast_5_steps,5,0.0052428916096687,False,0.025,sample_balanced,random,,,,,,,
p0p7_ilr0p025,0.0021704717655666173,0.0373492525605396,0.0442984645106294,3.7349252560539608,4.429846451062946,0.7513068064817717,972,0.7,100,882,1045,782,945,-163,CALCE_CX2_37.pkl,complete_paper_query_selected,1,,True,0.025,sample_balanced,random,0.0373492525605396,,,False,True,False,paper_query_early_stopping
p0p7_ilr0p025,0.0021704717655666173,0.5595242140668849,0.5815246975653455,55.952421406688494,58.15246975653455,-9.484787544676818,1479,0.7,100,878,1579,778,1479,-701,CALCE_CX2_38.pkl,fast_0_steps,0,0.1031281128525734,False,0.025,sample_balanced,random,,,,,,,
p0p7_ilr0p025,0.0021704717655666173,0.056237185753736,0.0846463531296462,5.623718575373604,8.464635312964628,0.7778533286017195,1479,0.7,100,878,1033,778,933,-155,CALCE_CX2_38.pkl,fast_1_steps,1,0.0059800841845571,False,0.025,sample_balanced,random,,,,,,,
p0p7_ilr0p025,0.0021704717655666173,0.0772968801922662,0.1008259407655917,7.72968801922662,10.082594076559174,0.6848133078731663,1479,0.7,100,878,1109,778,1009,-231,CALCE_CX2_38.pkl,fast_3_steps,3,0.0055570602416992,False,0.025,sample_balanced,random,,,,,,,
p0p7_ilr0p025,0.0021704717655666173,0.1029072470571606,0.1241457872362965,10.290724705716066,12.414578723629656,0.5221547425259875,1479,0.7,100,878,1201,778,1101,-323,CALCE_CX2_38.pkl,fast_5_steps,5,0.0053138751536607,False,0.025,sample_balanced,random,,,,,,,
p0p7_ilr0p025,0.0021704717655666173,0.056237185753736,0.0846463531296462,5.623718575373604,8.464635312964628,0.7778533286017195,1479,0.7,100,878,1033,778,933,-155,CALCE_CX2_38.pkl,complete_paper_query_selected,1,,True,0.025,sample_balanced,random,0.056237185753736,,,False,True,False,paper_query_early_stopping
p0p7_ilr0p05,0.0021060316823422907,0.0862621120295997,0.0910644540855778,8.62621120295998,9.106445408557788,-0.0509555075339231,972,0.7,100,882,1072,782,972,-190,CALCE_CX2_37.pkl,fast_0_steps,0,0.0057002850808203,False,0.05,sample_balanced,random,,,,,,,
p0p7_ilr0p05,0.0021060316823422907,0.0290335482659415,0.0365937792420123,2.9033548265941502,3.6593779242012343,0.8302924822654232,972,0.7,100,882,1029,782,929,-147,CALCE_CX2_37.pkl,fast_1_steps,1,0.0050121182575821,False,0.05,sample_balanced,random,,,,,,,
p0p7_ilr0p05,0.0021060316823422907,0.0346731250239064,0.0427546835645631,3.4673125023906413,4.275468356456314,0.7683384559803926,972,0.7,100,882,1058,782,958,-176,CALCE_CX2_37.pkl,fast_3_steps,3,0.0048525761812925,False,0.05,sample_balanced,random,,,,,,,
p0p7_ilr0p05,0.0021060316823422907,0.0525797314681243,0.0602696846318075,5.2579731468124375,6.026968463180756,0.539653981245988,972,0.7,100,882,1072,782,972,-190,CALCE_CX2_37.pkl,fast_5_steps,5,0.0045193135738372,False,0.05,sample_balanced,random,,,,,,,
p0p7_ilr0p05,0.0021060316823422907,0.0290335482659415,0.0365937792420123,2.9033548265941502,3.6593779242012343,0.8302924822654232,972,0.7,100,882,1029,782,929,-147,CALCE_CX2_37.pkl,complete_paper_query_selected,1,,True,0.05,sample_balanced,random,0.0290335482659415,,,False,True,False,paper_query_early_stopping
p0p7_ilr0p05,0.0021060316823422907,0.1139782861173883,0.1297728938954128,11.397828611738834,12.977289389541284,0.4778548056653773,1479,0.7,100,878,1221,778,1121,-343,CALCE_CX2_38.pkl,fast_0_steps,0,0.0058605149388313,False,0.05,sample_balanced,random,,,,,,,
p0p7_ilr0p05,0.0021060316823422907,0.0472609819377916,0.0800797094821463,4.726098193779161,8.00797094821463,0.8011762392003705,1479,0.7,100,878,1014,778,914,-136,CALCE_CX2_38.pkl,fast_1_steps,1,0.0051083536818623,False,0.05,sample_balanced,random,,,,,,,
p0p7_ilr0p05,0.0021060316823422907,0.055604242455941,0.0858670398566895,5.560424245594102,8.58670398566895,0.771399966634925,1479,0.7,100,878,1046,778,946,-168,CALCE_CX2_38.pkl,fast_3_steps,3,0.0049206521362066,False,0.05,sample_balanced,random,,,,,,,
p0p7_ilr0p05,0.0021060316823422907,0.0791725294833538,0.1036277935263243,7.91725294833538,10.362779352632431,0.6670524612932385,1479,0.7,100,878,1128,778,1028,-250,CALCE_CX2_38.pkl,fast_5_steps,5,0.0045543038286268,False,0.05,sample_balanced,random,,,,,,,
p0p7_ilr0p05,0.0021060316823422907,0.0472609819377916,0.0800797094821463,4.726098193779161,8.00797094821463,0.8011762392003705,1479,0.7,100,878,1014,778,914,-136,CALCE_CX2_38.pkl,complete_paper_query_selected,1,,True,0.05,sample_balanced,random,0.0472609819377916,,,False,True,False,paper_query_early_stopping
p0p85_ilr0p005,0.0020649795653298495,0.0210284645618935,0.0279277594159155,2.1028464561893525,2.792775941591558,0.9011540811707224,972,0.7,100,882,1008,782,908,-126,CALCE_CX2_37.pkl,fast_0_steps,0,0.0056222700513899,False,0.005,sample_balanced,random,,,,,,,
p0p85_ilr0p005,0.0020649795653298495,0.0249322620230746,0.0321421562572804,2.4932262023074605,3.2142156257280443,0.8690707832816267,972,0.7,100,882,1027,782,927,-145,CALCE_CX2_37.pkl,fast_1_steps,1,0.0054028849117457,False,0.005,sample_balanced,random,,,,,,,
p0p85_ilr0p005,0.0020649795653298495,0.0304975167558099,0.0373402449523649,3.049751675580999,3.734024495236493,0.8232982385440063,972,0.7,100,882,1050,782,950,-168,CALCE_CX2_37.pkl,fast_3_steps,3,0.0052056605927646,False,0.005,sample_balanced,random,,,,,,,
p0p85_ilr0p005,0.0020649795653298495,0.036984135996962,0.0432025541663032,3.6984135996962015,4.320255416630322,0.7634595599800913,972,0.7,100,882,1072,782,972,-190,CALCE_CX2_37.pkl,fast_5_steps,5,0.0050569549202919,False,0.005,sample_balanced,random,,,,,,,
p0p85_ilr0p005,0.0020649795653298495,0.0210284645618935,0.0279277594159155,2.1028464561893525,2.792775941591558,0.9011540811707224,972,0.7,100,882,1008,782,908,-126,CALCE_CX2_37.pkl,complete_paper_query_selected,0,,True,0.005,sample_balanced,random,0.0210284645618935,,,False,True,False,paper_query_early_stopping
p0p85_ilr0p005,0.0020649795653298495,0.039888782831181,0.0669093911549399,3.9888782831181016,6.690939115493999,0.8611974443348805,1479,0.7,100,878,1008,778,908,-130,CALCE_CX2_38.pkl,fast_0_steps,0,0.0055600474588572,False,0.005,sample_balanced,random,,,,,,,
p0p85_ilr0p005,0.0020649795653298495,0.0443834580437084,0.0699699650684238,4.438345804370847,6.996996506842386,0.8482087907906861,1479,0.7,100,878,1026,778,926,-148,CALCE_CX2_38.pkl,fast_1_steps,1,0.0053742406889796,False,0.005,sample_balanced,random,,,,,,,
p0p85_ilr0p005,0.0020649795653298495,0.0502470213141697,0.073879015668039,5.024702131416973,7.387901566803909,0.8307746163313651,1479,0.7,100,878,1046,778,946,-168,CALCE_CX2_38.pkl,fast_3_steps,3,0.0052113691344857,False,0.005,sample_balanced,random,,,,,,,
p0p85_ilr0p005,0.0020649795653298495,0.0574937484333816,0.0790345081302654,5.749374843338169,7.903450813026541,0.8063324689104135,1479,0.7,100,878,1070,778,970,-192,CALCE_CX2_38.pkl,fast_5_steps,5,0.0050789900124073,False,0.005,sample_balanced,random,,,,,,,
p0p85_ilr0p005,0.0020649795653298495,0.039888782831181,0.0669093911549399,3.9888782831181016,6.690939115493999,0.8611974443348805,1479,0.7,100,878,1008,778,908,-130,CALCE_CX2_38.pkl,complete_paper_query_selected,0,,True,0.005,sample_balanced,random,0.039888782831181,,,False,True,False,paper_query_early_stopping
p0p85_ilr0p01,0.0019963708240538836,0.0169054211297694,0.0223830808549312,1.6905421129769471,2.238308085493121,0.9365069366984088,972,0.7,100,882,977,782,877,-95,CALCE_CX2_37.pkl,fast_0_steps,0,0.0066454783082008,False,0.01,sample_balanced,random,,,,,,,
p0p85_ilr0p01,0.0019963708240538836,0.0245091858617064,0.0317285505652173,2.450918586170646,3.1728550565217333,0.8724187010538678,972,0.7,100,882,1026,782,926,-144,CALCE_CX2_37.pkl,fast_1_steps,1,0.0061824987642467,False,0.01,sample_balanced,random,,,,,,,
p0p85_ilr0p01,0.0019963708240538836,0.0324556741166952,0.0389367283475772,3.245567411669528,3.8936728347577247,0.8078654498018618,972,0.7,100,882,1058,782,958,-176,CALCE_CX2_37.pkl,fast_3_steps,3,0.0060057146474719,False,0.01,sample_balanced,random,,,,,,,
p0p85_ilr0p01,0.0019963708240538836,0.0409977276460724,0.0467932746532032,4.099772764607244,4.679327465320328,0.7225061061436946,972,0.7,100,882,1072,782,972,-190,CALCE_CX2_37.pkl,fast_5_steps,5,0.0058949114754796,False,0.01,sample_balanced,random,,,,,,,
p0p85_ilr0p01,0.0019963708240538836,0.0169054211297694,0.0223830808549312,1.6905421129769471,2.238308085493121,0.9365069366984088,972,0.7,100,882,977,782,877,-95,CALCE_CX2_37.pkl,complete_paper_query_selected,0,,True,0.01,sample_balanced,random,0.0169054211297694,,,False,True,False,paper_query_early_stopping
p0p85_ilr0p01,0.0019963708240538836,0.0357788736614125,0.0669094826077149,3.5778873661412587,6.690948260771493,0.8611970648997268,1479,0.7,100,878,977,778,877,-99,CALCE_CX2_38.pkl,fast_0_steps,0,0.0065817288123071,False,0.01,sample_balanced,random,,,,,,,
p0p85_ilr0p01,0.0019963708240538836,0.0444191169530366,0.0722221290396654,4.4419116953036655,7.222212903966548,0.8382799450495025,1479,0.7,100,878,1023,778,923,-145,CALCE_CX2_38.pkl,fast_1_steps,1,0.006186454091221,False,0.01,sample_balanced,random,,,,,,,
p0p85_ilr0p01,0.0019963708240538836,0.0519454855830221,0.0767931722420924,5.194548558302216,7.67931722420925,0.8171611323905921,1479,0.7,100,878,1051,778,951,-173,CALCE_CX2_38.pkl,fast_3_steps,3,0.0060361917130649,False,0.01,sample_balanced,random,,,,,,,
p0p85_ilr0p01,0.0019963708240538836,0.0616282905903723,0.0833603643386536,6.162829059037236,8.336036433865365,0.7845519762804345,1479,0.7,100,878,1084,778,984,-206,CALCE_CX2_38.pkl,fast_5_steps,5,0.005927063524723,False,0.01,sample_balanced,random,,,,,,,
p0p85_ilr0p01,0.0019963708240538836,0.0357788736614125,0.0669094826077149,3.5778873661412587,6.690948260771493,0.8611970648997268,1479,0.7,100,878,977,778,877,-99,CALCE_CX2_38.pkl,complete_paper_query_selected,0,,True,0.01,sample_balanced,random,0.0357788736614125,,,False,True,False,paper_query_early_stopping
p0p85_ilr0p025,0.0019750576233491302,0.5003416314859058,0.5023076312078559,50.03416314859058,50.2307631207856,-30.976145093396585,972,0.7,100,882,1072,782,972,-190,CALCE_CX2_37.pkl,fast_0_steps,0,0.1685284078121185,False,0.025,sample_balanced,random,,,,,,,
p0p85_ilr0p025,0.0019750576233491302,0.0317073217244634,0.0391675368644241,3.1707321724463435,3.916753686442414,0.8055808342180383,972,0.7,100,882,1047,782,947,-165,CALCE_CX2_37.pkl,fast_1_steps,1,0.0049892151728272,False,0.025,sample_balanced,random,,,,,,,
p0p85_ilr0p025,0.0019750576233491302,0.0386353453199659,0.0459374589692511,3.863534531996597,4.593745896925115,0.7325636165473888,972,0.7,100,882,1072,782,972,-190,CALCE_CX2_37.pkl,fast_3_steps,3,0.0048469183966517,False,0.025,sample_balanced,random,,,,,,,
p0p85_ilr0p025,0.0019750576233491302,0.051776698202567,0.0586414771504418,5.177669820256707,5.86414771504418,0.564190837677322,972,0.7,100,882,1072,782,972,-190,CALCE_CX2_37.pkl,fast_5_steps,5,0.0047123963013291,False,0.025,sample_balanced,random,,,,,,,
p0p85_ilr0p025,0.0019750576233491302,0.0317073217244634,0.0391675368644241,3.1707321724463435,3.916753686442414,0.8055808342180383,972,0.7,100,882,1047,782,947,-165,CALCE_CX2_37.pkl,complete_paper_query_selected,1,,True,0.025,sample_balanced,random,0.0317073217244634,,,False,True,False,paper_query_early_stopping
p0p85_ilr0p025,0.0019750576233491302,0.5733874069998083,0.5874481867615,57.338740699980825,58.74481867615,-9.699474345565855,1479,0.7,100,878,1579,778,1479,-701,CALCE_CX2_38.pkl,fast_0_steps,0,0.1702416539192199,False,0.025,sample_balanced,random,,,,,,,
p0p85_ilr0p025,0.0019750576233491302,0.0518675345853538,0.0787910911645668,5.18675345853538,7.879109116456687,0.8075235781623691,1479,0.7,100,878,1038,778,938,-160,CALCE_CX2_38.pkl,fast_1_steps,1,0.0050569409504532,False,0.025,sample_balanced,random,,,,,,,
p0p85_ilr0p025,0.0019750576233491302,0.0602864739987463,0.0851630418759943,6.02864739987463,8.516304187599436,0.7751330460008431,1479,0.7,100,878,1068,778,968,-190,CALCE_CX2_38.pkl,fast_3_steps,3,0.0049154059961438,False,0.025,sample_balanced,random,,,,,,,
p0p85_ilr0p025,0.0019750576233491302,0.0772937697206949,0.099243365424879,7.729376972069494,9.9243365424879,0.6946300677250451,1479,0.7,100,878,1126,778,1026,-248,CALCE_CX2_38.pkl,fast_5_steps,5,0.0047745620831847,False,0.025,sample_balanced,random,,,,,,,
p0p85_ilr0p025,0.0019750576233491302,0.0518675345853538,0.0787910911645668,5.18675345853538,7.879109116456687,0.8075235781623691,1479,0.7,100,878,1038,778,938,-160,CALCE_CX2_38.pkl,complete_paper_query_selected,1,,True,0.025,sample_balanced,random,0.0518675345853538,,,False,True,False,paper_query_early_stopping
p0p85_ilr0p05,0.001959960861131549,0.0900523983723933,0.0933152760748537,9.005239837239332,9.331527607485372,-0.1035500738036641,972,0.7,100,882,1072,782,972,-190,CALCE_CX2_37.pkl,fast_0_steps,0,0.0070534236729145,False,0.05,sample_balanced,random,,,,,,,
p0p85_ilr0p05,0.001959960861131549,0.0274794038317453,0.0350697822132569,2.7479403831745386,3.5069782213256984,0.8441335330248021,972,0.7,100,882,1032,782,932,-150,CALCE_CX2_37.pkl,fast_1_steps,1,0.005640925373882,False,0.05,sample_balanced,random,,,,,,,
p0p85_ilr0p05,0.001959960861131549,0.0359258079388005,0.043532803379809,3.5925807938800567,4.35328033798091,0.7598294104147397,972,0.7,100,882,1071,782,971,-189,CALCE_CX2_37.pkl,fast_3_steps,3,0.0053676627576351,False,0.05,sample_balanced,random,,,,,,,
p0p85_ilr0p05,0.001959960861131549,0.0560757745149304,0.0627795456640392,5.607577451493047,6.277954566403923,0.5005144940857288,972,0.7,100,882,1072,782,972,-190,CALCE_CX2_37.pkl,fast_5_steps,5,0.0050009731203317,False,0.05,sample_balanced,random,,,,,,,
p0p85_ilr0p05,0.001959960861131549,0.0274794038317453,0.0350697822132569,2.7479403831745386,3.5069782213256984,0.8441335330248021,972,0.7,100,882,1032,782,932,-150,CALCE_CX2_37.pkl,complete_paper_query_selected,1,,True,0.05,sample_balanced,random,0.0274794038317453,,,False,True,False,paper_query_early_stopping
p0p85_ilr0p05,0.001959960861131549,0.1147302855188058,0.1279617328615177,11.473028551880583,12.796173286151774,0.4923276250604543,1479,0.7,100,878,1216,778,1116,-338,CALCE_CX2_38.pkl,fast_0_steps,0,0.0072744106873869,False,0.05,sample_balanced,random,,,,,,,
p0p85_ilr0p05,0.001959960861131549,0.0462073087693235,0.076703404010766,4.620730876932351,7.670340401076602,0.8175883455954551,1479,0.7,100,878,1020,778,920,-142,CALCE_CX2_38.pkl,fast_1_steps,1,0.0057418816722929,False,0.05,sample_balanced,random,,,,,,,
p0p85_ilr0p05,0.001959960861131549,0.0572671063815099,0.0844336401848013,5.726710638150994,8.443364018480132,0.7789684173884126,1479,0.7,100,878,1061,778,961,-183,CALCE_CX2_38.pkl,fast_3_steps,3,0.0054349284619092,False,0.05,sample_balanced,random,,,,,,,
p0p85_ilr0p05,0.001959960861131549,0.0828730527824414,0.1046275939978208,8.287305278244144,10.462759399782083,0.6605969166466719,1479,0.7,100,878,1147,778,1047,-269,CALCE_CX2_38.pkl,fast_5_steps,5,0.0050450572744011,False,0.05,sample_balanced,random,,,,,,,
p0p85_ilr0p05,0.001959960861131549,0.0462073087693235,0.076703404010766,4.620730876932351,7.670340401076602,0.8175883455954551,1479,0.7,100,878,1020,778,920,-142,CALCE_CX2_38.pkl,complete_paper_query_selected,1,,True,0.05,sample_balanced,random,0.0462073087693235,,,False,True,False,paper_query_early_stopping
p1_ilr0p005,0.002072101505473256,0.0206140626702047,0.027183928465579,2.061406267020477,2.718392846557907,0.9063493079619912,972,0.7,100,882,1002,782,902,-120,CALCE_CX2_37.pkl,fast_0_steps,0,0.006467459257692,False,0.005,sample_balanced,random,,,,,,,
p1_ilr0p005,0.002072101505473256,0.0234229508749481,0.0300469260315147,2.342295087494818,3.004692603151475,0.885584029341506,972,0.7,100,882,1015,782,915,-133,CALCE_CX2_37.pkl,fast_1_steps,1,0.0063399979844689,False,0.005,sample_balanced,random,,,,,,,
p1_ilr0p005,0.002072101505473256,0.0271714068412525,0.0334556488480415,2.717140684125251,3.3455648848041544,0.8581512647642188,972,0.7,100,882,1030,782,930,-148,CALCE_CX2_37.pkl,fast_3_steps,3,0.0062246331945061,False,0.005,sample_balanced,random,,,,,,,
p1_ilr0p005,0.002072101505473256,0.0320363677358088,0.0378409416159343,3.2036367735808806,3.78409416159343,0.818527666851231,972,0.7,100,882,1049,782,949,-167,CALCE_CX2_37.pkl,fast_5_steps,5,0.0061189760453999,False,0.005,sample_balanced,random,,,,,,,
p1_ilr0p005,0.002072101505473256,0.0206140626702047,0.027183928465579,2.061406267020477,2.718392846557907,0.9063493079619912,972,0.7,100,882,1002,782,902,-120,CALCE_CX2_37.pkl,complete_paper_query_selected,0,,True,0.005,sample_balanced,random,0.0206140626702047,,,False,True,False,paper_query_early_stopping
p1_ilr0p005,0.002072101505473256,0.0404564957573535,0.0660435721546473,4.045649575735354,6.604357215464733,0.864766459884602,1479,0.7,100,878,1002,778,902,-124,CALCE_CX2_38.pkl,fast_0_steps,0,0.0064155436120927,False,0.005,sample_balanced,random,,,,,,,
p1_ilr0p005,0.002072101505473256,0.0434559493324728,0.0681039297609761,4.34559493324728,6.810392976097609,0.8561970976449937,1479,0.7,100,878,1014,778,914,-136,CALCE_CX2_38.pkl,fast_1_steps,1,0.0063121421262621,False,0.005,sample_balanced,random,,,,,,,
p1_ilr0p005,0.002072101505473256,0.0470172882197628,0.0704898248037177,4.701728821976289,7.048982480371777,0.8459448685698088,1479,0.7,100,878,1027,778,927,-149,CALCE_CX2_38.pkl,fast_3_steps,3,0.006222209893167,False,0.005,sample_balanced,random,,,,,,,
p1_ilr0p005,0.002072101505473256,0.0521414941258783,0.0740397092536787,5.214149412587835,7.403970925367871,0.8300376544881709,1479,0.7,100,878,1044,778,944,-166,CALCE_CX2_38.pkl,fast_5_steps,5,0.0061308206059038,False,0.005,sample_balanced,random,,,,,,,
p1_ilr0p005,0.002072101505473256,0.0404564957573535,0.0660435721546473,4.045649575735354,6.604357215464733,0.864766459884602,1479,0.7,100,878,1002,778,902,-124,CALCE_CX2_38.pkl,complete_paper_query_selected,0,,True,0.005,sample_balanced,random,0.0404564957573535,,,False,True,False,paper_query_early_stopping
p1_ilr0p01,0.0020170005969703197,0.0163455178938968,0.0214920808722012,1.6345517893896808,2.1492080872201256,0.94146124443815,972,0.7,100,882,970,782,870,-88,CALCE_CX2_37.pkl,fast_0_steps,0,0.0070702694356441,False,0.01,sample_balanced,random,,,,,,,
p1_ilr0p01,0.0020170005969703197,0.0233667333277819,0.0297705055788151,2.336673332778191,2.9770505578815105,0.8876795140174312,972,0.7,100,882,1013,782,913,-131,CALCE_CX2_37.pkl,fast_1_steps,1,0.0065427999943494,False,0.01,sample_balanced,random,,,,,,,
p1_ilr0p01,0.0020170005969703197,0.0321573183543309,0.0376839146468776,3.215731835433096,3.768391464687765,0.8200306382253397,972,0.7,100,882,1047,782,947,-165,CALCE_CX2_37.pkl,fast_3_steps,3,0.0063005201518535,False,0.01,sample_balanced,random,,,,,,,
p1_ilr0p01,0.0020170005969703197,0.0406804684948138,0.0454673709925068,4.0680468494813855,4.546737099250688,0.7380090799326756,972,0.7,100,882,1072,782,972,-190,CALCE_CX2_37.pkl,fast_5_steps,5,0.0061776740476489,False,0.01,sample_balanced,random,,,,,,,
p1_ilr0p01,0.0020170005969703197,0.0163455178938968,0.0214920808722012,1.6345517893896808,2.1492080872201256,0.94146124443815,972,0.7,100,882,970,782,870,-88,CALCE_CX2_37.pkl,complete_paper_query_selected,0,,True,0.01,sample_balanced,random,0.0163455178938968,,,False,True,False,paper_query_early_stopping
p1_ilr0p01,0.0020170005969703197,0.0354856062425917,0.0643452993968183,3.5485606242591734,6.434529939681839,0.8716319457338317,1479,0.7,100,878,970,778,870,-92,CALCE_CX2_38.pkl,fast_0_steps,0,0.0069952015765011,False,0.01,sample_balanced,random,,,,,,,
p1_ilr0p01,0.0020170005969703197,0.043175674573862,0.069345015595179,4.317567457386207,6.9345015595179,0.8509081832591978,1479,0.7,100,878,1010,778,910,-132,CALCE_CX2_38.pkl,fast_1_steps,1,0.0065394132398068,False,0.01,sample_balanced,random,,,,,,,
p1_ilr0p01,0.0020170005969703197,0.0515566527871332,0.0744222566322517,5.155665278713328,7.442225663225174,0.8282767988842454,1479,0.7,100,878,1041,778,941,-163,CALCE_CX2_38.pkl,fast_3_steps,3,0.0063318004831671,False,0.01,sample_balanced,random,,,,,,,
p1_ilr0p01,0.0020170005969703197,0.0607788413024058,0.0807737791328564,6.0778841302405855,8.077377913285645,0.7977147989018184,1479,0.7,100,878,1072,778,972,-194,CALCE_CX2_38.pkl,fast_5_steps,5,0.0062134088948369,False,0.01,sample_balanced,random,,,,,,,
p1_ilr0p01,0.0020170005969703197,0.0354856062425917,0.0643452993968183,3.5485606242591734,6.434529939681839,0.8716319457338317,1479,0.7,100,878,970,778,870,-92,CALCE_CX2_38.pkl,complete_paper_query_selected,0,,True,0.01,sample_balanced,random,0.0354856062425917,,,False,True,False,paper_query_early_stopping
p1_ilr0p025,0.0019441775977611542,0.5587117855762849,0.5595013783001714,55.87117855762849,55.95013783001714,-38.672436626083375,972,0.7,100,882,1072,782,972,-190,CALCE_CX2_37.pkl,fast_0_steps,0,0.2641502320766449,False,0.025,sample_balanced,random,,,,,,,
p1_ilr0p025,0.0019441775977611542,0.0269137262198805,0.0338280798534139,2.6913726219880507,3.382807985341395,0.854975543083284,972,0.7,100,882,1029,782,929,-147,CALCE_CX2_37.pkl,fast_1_steps,1,0.0049537774175405,False,0.025,sample_balanced,random,,,,,,,
p1_ilr0p025,0.0019441775977611542,0.0334963542896979,0.0399985719750746,3.3496354289697923,3.9998571975074615,0.7972431541679665,972,0.7,100,882,1057,782,957,-175,CALCE_CX2_37.pkl,fast_3_steps,3,0.004809889011085,False,0.025,sample_balanced,random,,,,,,,
p1_ilr0p025,0.0019441775977611542,0.0443800070725451,0.0502041667705319,4.438000707254511,5.020416677053196,0.6805770761170422,972,0.7,100,882,1072,782,972,-190,CALCE_CX2_37.pkl,fast_5_steps,5,0.0046889679506421,False,0.025,sample_balanced,random,,,,,,,
p1_ilr0p025,0.0019441775977611542,0.0269137262198805,0.0338280798534139,2.6913726219880507,3.382807985341395,0.854975543083284,972,0.7,100,882,1029,782,929,-147,CALCE_CX2_37.pkl,complete_paper_query_selected,1,,True,0.025,sample_balanced,random,0.0269137262198805,,,False,True,False,paper_query_early_stopping
p1_ilr0p025,0.0019441775977611542,0.6134560203462099,0.6217201972319731,61.345602034621,62.17201972319732,-10.984316188103548,1479,0.7,100,878,1579,778,1479,-701,CALCE_CX2_38.pkl,fast_0_steps,0,0.2663444876670837,False,0.025,sample_balanced,random,,,,,,,
p1_ilr0p025,0.0019441775977611542,0.0475577466503496,0.0743601713039959,4.755774665034967,7.436017130399598,0.8285631928938116,1479,0.7,100,878,1022,778,922,-144,CALCE_CX2_38.pkl,fast_1_steps,1,0.0050130551680922,False,0.025,sample_balanced,random,,,,,,,
p1_ilr0p025,0.0019441775977611542,0.0552495434013619,0.0801204562250497,5.524954340136199,8.012045622504969,0.800973853806397,1479,0.7,100,878,1049,778,949,-171,CALCE_CX2_38.pkl,fast_3_steps,3,0.0048697981983423,False,0.025,sample_balanced,random,,,,,,,
p1_ilr0p025,0.0019441775977611542,0.0687849068825559,0.0909044265863296,6.878490688255594,9.090442658632965,0.7437915967412849,1479,0.7,100,878,1095,778,995,-217,CALCE_CX2_38.pkl,fast_5_steps,5,0.0047441539354622,False,0.025,sample_balanced,random,,,,,,,
p1_ilr0p025,0.0019441775977611542,0.0475577466503496,0.0743601713039959,4.755774665034967,7.436017130399598,0.8285631928938116,1479,0.7,100,878,1022,778,922,-144,CALCE_CX2_38.pkl,complete_paper_query_selected,1,,True,0.025,sample_balanced,random,0.0475577466503496,,,False,True,False,paper_query_early_stopping
p1_ilr0p05,0.0019147774437442422,0.1520114878767412,0.153843263434741,15.20114878767412,15.384326343474108,-1.9994630853145128,972,0.7,100,882,1072,782,972,-190,CALCE_CX2_37.pkl,fast_0_steps,0,0.015396412461996,False,0.05,sample_balanced,random,,,,,,,
p1_ilr0p05,0.0019147774437442422,0.0253308426316142,0.0322847091673017,2.5330842631614248,3.2284709167301786,0.8679068458291053,972,0.7,100,882,1019,782,919,-137,CALCE_CX2_37.pkl,fast_1_steps,1,0.0075318086892366,False,0.05,sample_balanced,random,,,,,,,
p1_ilr0p05,0.0019147774437442422,0.0471945366205111,0.0527754649894771,4.719453662051118,5.277546498947713,0.647019519071696,972,0.7,100,882,1072,782,972,-190,CALCE_CX2_37.pkl,fast_3_steps,3,0.0065941391512751,False,0.05,sample_balanced,random,,,,,,,
p1_ilr0p05,0.0019147774437442422,0.0710772031082638,0.0760635022909214,7.107720310826384,7.606350229092144,0.2667717482541247,972,0.7,100,882,1072,782,972,-190,CALCE_CX2_37.pkl,fast_5_steps,5,0.0061994562856853,False,0.05,sample_balanced,random,,,,,,,
p1_ilr0p05,0.0019147774437442422,0.0253308426316142,0.0322847091673017,2.5330842631614248,3.2284709167301786,0.8679068458291053,972,0.7,100,882,1019,782,919,-137,CALCE_CX2_37.pkl,complete_paper_query_selected,1,,True,0.05,sample_balanced,random,0.0253308426316142,,,False,True,False,paper_query_early_stopping
p1_ilr0p05,0.0019147774437442422,0.1817528203831528,0.1918299111914125,18.175282038315288,19.182991119141256,-0.1409220089489351,1479,0.7,100,878,1389,778,1289,-511,CALCE_CX2_38.pkl,fast_0_steps,0,0.0158637519925832,False,0.05,sample_balanced,random,,,,,,,
p1_ilr0p05,0.0019147774437442422,0.0453400666419299,0.0744503406695683,4.534006664192993,7.445034066956832,0.8281471712445658,1479,0.7,100,878,1009,778,909,-131,CALCE_CX2_38.pkl,fast_1_steps,1,0.007656096946448,False,0.05,sample_balanced,random,,,,,,,
p1_ilr0p05,0.0019147774437442422,0.0704456190315073,0.0926448655733077,7.044561903150733,9.264486557330777,0.7338870450308137,1479,0.7,100,878,1093,778,993,-215,CALCE_CX2_38.pkl,fast_3_steps,3,0.0066692158579826,False,0.05,sample_balanced,random,,,,,,,
p1_ilr0p05,0.0019147774437442422,0.0996792876380417,0.1185435591223584,9.96792876380417,11.854355912235844,0.5643083558199793,1479,0.7,100,878,1190,778,1090,-312,CALCE_CX2_38.pkl,fast_5_steps,5,0.0062615973874926,False,0.05,sample_balanced,random,,,,,,,
p1_ilr0p05,0.0019147774437442422,0.0453400666419299,0.0744503406695683,4.534006664192993,7.445034066956832,0.8281471712445658,1479,0.7,100,878,1009,778,909,-131,CALCE_CX2_38.pkl,complete_paper_query_selected,1,,True,0.05,sample_balanced,random,0.0453400666419299,,,False,True,False,paper_query_early_stopping
