cycle,observed_soh,predicted_soh,split,eol_threshold,true_eol_cycle,predicted_eol_cycle,adaptation_mode
1,0.9995496399535674,0.9995496399535674,support,0.8,579,,fast_20
2,0.9976789637446887,0.9976789637446887,support,0.8,579,,fast_20
3,0.9952212983377051,0.9952212983377051,support,0.8,579,,fast_20
4,0.9929975270307863,0.9929975270307863,support,0.8,579,,fast_20
5,0.9972642133804093,0.9972642133804093,support,0.8,579,,fast_20
6,0.9974365044020179,0.9974365044020179,support,0.8,579,,fast_20
7,0.9910828902556466,0.9910828902556466,support,0.8,579,,fast_20
8,0.9886772280369084,0.9886772280369084,support,0.8,579,,fast_20
9,0.987248602435169,0.987248602435169,support,0.8,579,,fast_20
10,0.985768244844094,0.985768244844094,support,0.8,579,,fast_20
11,0.9878613066496813,0.9878613066496813,support,0.8,579,,fast_20
12,0.9831991928600963,0.9831991928600963,support,0.8,579,,fast_20
13,0.9817436380049386,0.9817436380049386,support,0.8,579,,fast_20
14,0.9807419170479028,0.9807419170479028,support,0.8,579,,fast_20
15,0.9791754332890774,0.9791754332890774,support,0.8,579,,fast_20
16,0.9821162422660534,0.9821162422660534,support,0.8,579,,fast_20
17,0.9837343514519153,0.9837343514519153,support,0.8,579,,fast_20
18,0.9839983331920062,0.9839983331920062,support,0.8,579,,fast_20
19,0.9839841710987536,0.9839841710987536,support,0.8,579,,fast_20
20,0.9839509887563248,0.9839509887563248,support,0.8,579,,fast_20
21,0.983860641445913,0.983860641445913,support,0.8,579,,fast_20
22,0.9837797440643042,0.9837797440643042,support,0.8,579,,fast_20
23,0.9834495957282271,0.9834495957282271,support,0.8,579,,fast_20
24,0.9830167980854955,0.9830167980854955,support,0.8,579,,fast_20
25,0.9827742719609278,0.9827742719609278,support,0.8,579,,fast_20
26,0.9823150050185455,0.9823150050185455,support,0.8,579,,fast_20
27,0.9819675494472448,0.9819675494472448,support,0.8,579,,fast_20
28,0.981831759275327,0.981831759275327,support,0.8,579,,fast_20
29,0.9814587528211294,0.9814587528211294,support,0.8,579,,fast_20
30,0.9809595032895359,0.9809595032895359,support,0.8,579,,fast_20
31,0.9805599394209596,0.9805599394209596,support,0.8,579,,fast_20
32,0.9731898929346662,0.9731898929346662,support,0.8,579,,fast_20
33,0.9702908250175576,0.9702908250175576,support,0.8,579,,fast_20
34,0.9690908532719316,0.9690908532719316,support,0.8,579,,fast_20
35,0.9694391917643669,0.9694391917643669,support,0.8,579,,fast_20
36,0.9733381936330552,0.9733381936330552,support,0.8,579,,fast_20
37,0.973878733630242,0.973878733630242,support,0.8,579,,fast_20
38,0.9681062363303972,0.9681062363303972,support,0.8,579,,fast_20
39,0.9737993542356475,0.9737993542356475,support,0.8,579,,fast_20
40,0.972454836353292,0.972454836353292,support,0.8,579,,fast_20
41,0.9692812236347258,0.9692812236347258,support,0.8,579,,fast_20
42,0.9666327950645431,0.9666327950645431,support,0.8,579,,fast_20
43,0.9654996002118159,0.9654996002118159,support,0.8,579,,fast_20
44,0.9637953066152559,0.9637953066152559,support,0.8,579,,fast_20
45,0.9610940894008009,0.9610940894008009,support,0.8,579,,fast_20
46,0.9617115398419284,0.9617115398419284,support,0.8,579,,fast_20
47,0.9609775402230157,0.9609775402230157,support,0.8,579,,fast_20
48,0.9572298730056903,0.9572298730056903,support,0.8,579,,fast_20
49,0.9566705794867892,0.9566705794867892,support,0.8,579,,fast_20
50,0.9558823033413679,0.9558823033413679,support,0.8,579,,fast_20
51,0.9536829707047919,0.9536829707047919,support,0.8,579,,fast_20
52,0.9553383576417451,0.9553383576417451,support,0.8,579,,fast_20
53,0.9545213197293787,0.9545213197293787,support,0.8,579,,fast_20
54,0.9536340729699716,0.9536340729699716,support,0.8,579,,fast_20
55,0.9527548848728112,0.9527548848728112,support,0.8,579,,fast_20
56,0.9520975045536982,0.9520975045536982,support,0.8,579,,fast_20
57,0.951796543912764,0.951796543912764,support,0.8,579,,fast_20
58,0.9506208983739973,0.9506208983739973,support,0.8,579,,fast_20
59,0.9497550096829799,0.9497550096829799,support,0.8,579,,fast_20
60,0.948926649629226,0.948926649629226,support,0.8,579,,fast_20
61,0.9481209795516559,0.9481209795516559,support,0.8,579,,fast_20
62,0.9474250713688909,0.9474250713688909,support,0.8,579,,fast_20
63,0.9468119654266661,0.9468119654266661,support,0.8,579,,fast_20
64,0.9465752906040366,0.9465752906040366,support,0.8,579,,fast_20
65,0.9454458226754714,0.9454458226754714,support,0.8,579,,fast_20
66,0.9447470841573122,0.9447470841573122,support,0.8,579,,fast_20
67,0.9428142291021242,0.9428142291021242,support,0.8,579,,fast_20
68,0.9388076067206661,0.9388076067206661,support,0.8,579,,fast_20
69,0.9377109337431488,0.9377109337431488,support,0.8,579,,fast_20
70,0.9366232794470286,0.9366232794470286,support,0.8,579,,fast_20
71,0.9381053761534761,0.9381053761534761,support,0.8,579,,fast_20
72,0.9398297972928179,0.9398297972928179,support,0.8,579,,fast_20
73,0.9395024308131368,0.9395024308131368,support,0.8,579,,fast_20
74,0.943850808843169,0.943850808843169,support,0.8,579,,fast_20
75,0.9398392690150686,0.9398392690150686,support,0.8,579,,fast_20
76,0.9387320476436074,0.9387320476436074,support,0.8,579,,fast_20
77,0.9387589113404409,0.9387589113404409,support,0.8,579,,fast_20
78,0.937091331284837,0.937091331284837,support,0.8,579,,fast_20
79,0.9358876344873251,0.9358876344873251,support,0.8,579,,fast_20
80,0.9405540690394028,0.9405540690394028,support,0.8,579,,fast_20
81,0.941069306093651,0.941069306093651,support,0.8,579,,fast_20
82,0.9341042429828383,0.9341042429828383,support,0.8,579,,fast_20
83,0.9331922462824943,0.9331922462824943,support,0.8,579,,fast_20
84,0.9328178085833784,0.9328178085833784,support,0.8,579,,fast_20
85,0.9311180077538254,0.9311180077538254,support,0.8,579,,fast_20
86,0.9311415219052493,0.9311415219052493,support,0.8,579,,fast_20
87,0.935694930274207,0.935694930274207,support,0.8,579,,fast_20
88,0.9363797462992012,0.9363797462992012,support,0.8,579,,fast_20
89,0.9284550061089606,0.9284550061089606,support,0.8,579,,fast_20
90,0.927658801692943,0.927658801692943,support,0.8,579,,fast_20
91,0.927631149596547,0.927631149596547,support,0.8,579,,fast_20
92,0.9277180720172042,0.9277180720172042,support,0.8,579,,fast_20
93,0.9304052802786243,0.9304052802786243,support,0.8,579,,fast_20
94,0.9308594373293428,0.9308594373293428,support,0.8,579,,fast_20
95,0.9323114426853694,0.9323114426853694,support,0.8,579,,fast_20
96,0.9329081892112363,0.9329081892112363,support,0.8,579,,fast_20
97,0.9333268482984668,0.9333268482984668,support,0.8,579,,fast_20
98,0.9336699764453095,0.9336699764453095,support,0.8,579,,fast_20
99,0.934256060038875,0.934256060038875,support,0.8,579,,fast_20
100,0.9341749785387575,0.9341749785387575,support,0.8,579,,fast_20
101,0.934333656121887,0.9263052940368652,future,0.8,579,,fast_20
102,0.9344040916537963,0.9096003174781799,future,0.8,579,,fast_20
103,0.9343748305861409,0.9130945801734924,future,0.8,579,,fast_20
104,0.9343961736248062,0.9189590215682983,future,0.8,579,,fast_20
105,0.9343686755225934,0.9228352308273315,future,0.8,579,,fast_20
106,0.9343246232606991,0.9243557453155518,future,0.8,579,,fast_20
107,0.9342678082411172,0.9241721630096436,future,0.8,579,,fast_20
108,0.9312937660721203,0.9230112433433533,future,0.8,579,,fast_20
109,0.9270957105151141,0.9214214086532593,future,0.8,579,,fast_20
110,0.9279648516831727,0.9197525382041931,future,0.8,579,,fast_20
111,0.9323688897865975,0.918198823928833,future,0.8,579,,fast_20
112,0.9309836228749199,0.9168503284454346,future,0.8,579,,fast_20
113,0.9297556575294509,0.9157332181930542,future,0.8,579,,fast_20
114,0.9293619538253243,0.9148387908935547,future,0.8,579,,fast_20
115,0.925199314830448,0.9141413569450378,future,0.8,579,,fast_20
116,0.9244403662548185,0.9136093258857727,future,0.8,579,,fast_20
117,0.9243142331907669,0.9132109880447388,future,0.8,579,,fast_20
118,0.9245345535841977,0.9129177927970886,future,0.8,579,,fast_20
119,0.9277223249289177,0.9127050042152405,future,0.8,579,,fast_20
120,0.9281368138315153,0.9125524759292603,future,0.8,579,,fast_20
121,0.9281764692132983,0.9124437570571899,future,0.8,579,,fast_20
122,0.9280468956665938,0.9123661518096924,future,0.8,579,,fast_20
123,0.9282787636405467,0.9123097062110901,future,0.8,579,,fast_20
124,0.9283830878043191,0.9122669100761414,future,0.8,579,,fast_20
125,0.9284497052325127,0.9122322201728821,future,0.8,579,,fast_20
126,0.9281395762653901,0.912201464176178,future,0.8,579,,fast_20
127,0.9277227336697376,0.9121719598770142,future,0.8,579,,fast_20
128,0.9274382563529608,0.9121416807174683,future,0.8,579,,fast_20
129,0.9272582945270256,0.9121094942092896,future,0.8,579,,fast_20
130,0.9271351401520416,0.9120746850967407,future,0.8,579,,fast_20
131,0.9270452459064507,0.9120371341705322,future,0.8,579,,fast_20
132,0.9271179457950514,0.9119971990585327,future,0.8,579,,fast_20
133,0.9277082746498483,0.9119548797607422,future,0.8,579,,fast_20
134,0.9262048605068471,0.911910891532898,future,0.8,579,,fast_20
135,0.9167361762762737,0.9118657112121582,future,0.8,579,,fast_20
136,0.9161654836838129,0.9118203520774841,future,0.8,579,,fast_20
137,0.914416553311592,0.9117754101753235,future,0.8,579,,fast_20
138,0.9126822270415558,0.9117316007614136,future,0.8,579,,fast_20
139,0.9161667518926702,0.9116898775100708,future,0.8,579,,fast_20
140,0.9191638327211149,0.9116511344909668,future,0.8,579,,fast_20
141,0.9186045231923038,0.9116158485412598,future,0.8,579,,fast_20
142,0.9096133946906942,0.9115848541259766,future,0.8,579,,fast_20
143,0.9097702776321842,0.9115588068962097,future,0.8,579,,fast_20
144,0.9091434779423294,0.9115381240844727,future,0.8,579,,fast_20
145,0.9117552191570311,0.9115235805511475,future,0.8,579,,fast_20
146,0.9148847395573236,0.9115155935287476,future,0.8,579,,fast_20
147,0.9145734862446011,0.9115145802497864,future,0.8,579,,fast_20
148,0.9250331686159934,0.9115210175514221,future,0.8,579,,fast_20
149,0.9290055413951053,0.9115352630615234,future,0.8,579,,fast_20
150,0.9222268988712115,0.911557674407959,future,0.8,579,,fast_20
151,0.9226256021694671,0.911588191986084,future,0.8,579,,fast_20
152,0.927307938825133,0.9116275310516357,future,0.8,579,,fast_20
153,0.9290547734274794,0.9116753339767456,future,0.8,579,,fast_20
154,0.9283628357057578,0.9117318391799927,future,0.8,579,,fast_20
155,0.9278862278555878,0.9117969870567322,future,0.8,579,,fast_20
156,0.9276019666216133,0.9118708372116089,future,0.8,579,,fast_20
157,0.927252052927036,0.9119534492492676,future,0.8,579,,fast_20
158,0.9268790578683067,0.9120447039604187,future,0.8,579,,fast_20
159,0.9271504192599394,0.912144660949707,future,0.8,579,,fast_20
160,0.9267678672386932,0.9122530817985535,future,0.8,579,,fast_20
161,0.9262800965560222,0.9123697280883789,future,0.8,579,,fast_20
162,0.9258674452330661,0.9124945998191833,future,0.8,579,,fast_20
163,0.9254273052581391,0.9126275181770325,future,0.8,579,,fast_20
164,0.9251467984001296,0.9127682447433472,future,0.8,579,,fast_20
165,0.9248838022970819,0.9129165410995483,future,0.8,579,,fast_20
166,0.9247015550805275,0.9130722880363464,future,0.8,579,,fast_20
167,0.9241748595833894,0.9132350087165833,future,0.8,579,,fast_20
168,0.9237833818314539,0.913404643535614,future,0.8,579,,fast_20
169,0.9234732909238134,0.9135808348655701,future,0.8,579,,fast_20
170,0.9197961244877381,0.9137633442878723,future,0.8,579,,fast_20
171,0.9127410335667909,0.9139517545700073,future,0.8,579,,fast_20
172,0.9123598531903753,0.9141459465026855,future,0.8,579,,fast_20
173,0.9100866987009719,0.9143456816673279,future,0.8,579,,fast_20
174,0.908047177395601,0.9145506024360657,future,0.8,579,,fast_20
175,0.9132103598331304,0.9147603511810303,future,0.8,579,,fast_20
176,0.915462079620673,0.9149746894836426,future,0.8,579,,fast_20
177,0.9131511347464025,0.9151933193206787,future,0.8,579,,fast_20
178,0.9059634966742393,0.91541588306427,future,0.8,579,,fast_20
179,0.9062130115018279,0.9156422019004822,future,0.8,579,,fast_20
180,0.9060654150140484,0.9158719778060913,future,0.8,579,,fast_20
181,0.9029259276742126,0.916104793548584,future,0.8,579,,fast_20
182,0.9074214449752588,0.9163403511047363,future,0.8,579,,fast_20
183,0.9101820787317456,0.9165785312652588,future,0.8,579,,fast_20
184,0.9082475603415585,0.9168190956115723,future,0.8,579,,fast_20
185,0.9002612943449996,0.9170615673065186,future,0.8,579,,fast_20
186,0.9005567241268454,0.9173057079315186,future,0.8,579,,fast_20
187,0.8979854989922796,0.9175513386726379,future,0.8,579,,fast_20
188,0.902065830248356,0.9177981615066528,future,0.8,579,,fast_20
189,0.9052766098221134,0.9180459976196289,future,0.8,579,,fast_20
190,0.9044399487262893,0.9182944893836975,future,0.8,579,,fast_20
191,0.9094161011665574,0.9185434579849243,future,0.8,579,,fast_20
192,0.9101605446071459,0.9187926650047302,future,0.8,579,,fast_20
193,0.9090898468260628,0.9190418124198914,future,0.8,579,,fast_20
194,0.9099312270317923,0.9192909002304077,future,0.8,579,,fast_20
195,0.9085677744669,0.9195394515991211,future,0.8,579,,fast_20
196,0.9072646853002257,0.9197872877120972,future,0.8,579,,fast_20
197,0.9114402684346369,0.9200342893600464,future,0.8,579,,fast_20
198,0.90469582263715,0.9202803373336792,future,0.8,579,,fast_20
199,0.904007249897666,0.9205251932144165,future,0.8,579,,fast_20
200,0.9074474322335873,0.9207686185836792,future,0.8,579,,fast_20
201,0.9013150724503941,0.921010434627533,future,0.8,579,,fast_20
202,0.9006530981104803,0.9212505221366882,future,0.8,579,,fast_20
203,0.8987114848252548,0.9214887619018555,future,0.8,579,,fast_20
204,0.8976650465524573,0.9217249155044556,future,0.8,579,,fast_20
205,0.9019764293047503,0.921958863735199,future,0.8,579,,fast_20
206,0.9030065227955961,0.9221905469894409,future,0.8,579,,fast_20
207,0.894536155804843,0.9224196672439575,future,0.8,579,,fast_20
208,0.8959265933619756,0.9226462841033936,future,0.8,579,,fast_20
209,0.8970042736225932,0.9228700399398804,future,0.8,579,,fast_20
210,0.897481299254274,0.9230911135673523,future,0.8,579,,fast_20
211,0.897717050685191,0.923309326171875,future,0.8,579,,fast_20
212,0.8980778214658109,0.9235243797302246,future,0.8,579,,fast_20
213,0.8983711875712206,0.9237362742424011,future,0.8,579,,fast_20
214,0.8987744469245678,0.9239450693130493,future,0.8,579,,fast_20
215,0.8988998003154139,0.9241505861282349,future,0.8,579,,fast_20
216,0.8990907843147854,0.9243526458740234,future,0.8,579,,fast_20
217,0.8986614774134496,0.924551248550415,future,0.8,579,,fast_20
218,0.8985295049644779,0.9247463345527649,future,0.8,579,,fast_20
219,0.8992684796114293,0.9249378442764282,future,0.8,579,,fast_20
220,0.8989824753655722,0.925125777721405,future,0.8,579,,fast_20
221,0.8994001141954352,0.9253100156784058,future,0.8,579,,fast_20
222,0.8998249174026893,0.9254905581474304,future,0.8,579,,fast_20
223,0.9000306863706887,0.9256672263145447,future,0.8,579,,fast_20
224,0.893191678502641,0.9258400797843933,future,0.8,579,,fast_20
225,0.8863211463479594,0.9260091781616211,future,0.8,579,,fast_20
226,0.8852674435824102,0.9261743426322937,future,0.8,579,,fast_20
227,0.8832400720896577,0.9263356328010559,future,0.8,579,,fast_20
228,0.8899532914283206,0.9264929294586182,future,0.8,579,,fast_20
229,0.8894700829661281,0.9266464114189148,future,0.8,579,,fast_20
230,0.8815425339839512,0.9267959594726562,future,0.8,579,,fast_20
231,0.8816095719702189,0.9269415736198425,future,0.8,579,,fast_20
232,0.8813538334622875,0.9270831346511841,future,0.8,579,,fast_20
233,0.884274921224228,0.9272208213806152,future,0.8,579,,fast_20
234,0.8875908984691996,0.9273545742034912,future,0.8,579,,fast_20
235,0.8869302159814654,0.9274844527244568,future,0.8,579,,fast_20
236,0.8921630762500007,0.9276103377342224,future,0.8,579,,fast_20
237,0.8922169692575187,0.9277322292327881,future,0.8,579,,fast_20
238,0.8902750589599411,0.9278503060340881,future,0.8,579,,fast_20
239,0.8882991758102681,0.927964448928833,future,0.8,579,,fast_20
240,0.8873763254546033,0.9280747175216675,future,0.8,579,,fast_20
241,0.8916217621170512,0.9281812310218811,future,0.8,579,,fast_20
242,0.8924152987756909,0.92828369140625,future,0.8,579,,fast_20
243,0.8927947617427857,0.9283826351165771,future,0.8,579,,fast_20
244,0.8928344935226361,0.9284776449203491,future,0.8,579,,fast_20
245,0.8932919877958819,0.9285688400268555,future,0.8,579,,fast_20
246,0.8932723308968634,0.9286563396453857,future,0.8,579,,fast_20
247,0.8932012525084705,0.9287402033805847,future,0.8,579,,fast_20
248,0.8928776373239464,0.9288204312324524,future,0.8,579,,fast_20
249,0.8925337339005623,0.9288970232009888,future,0.8,579,,fast_20
250,0.8923130206099784,0.9289700388908386,future,0.8,579,,fast_20
251,0.8920042722416427,0.9290395379066467,future,0.8,579,,fast_20
252,0.8919700341731281,0.9291055798530579,future,0.8,579,,fast_20
253,0.891970990018234,0.9291679859161377,future,0.8,579,,fast_20
254,0.8918628495634646,0.9292269945144653,future,0.8,579,,fast_20
255,0.891818031514284,0.9292827248573303,future,0.8,579,,fast_20
256,0.8885161299588272,0.9293351173400879,future,0.8,579,,fast_20
257,0.878659728341571,0.929384171962738,future,0.8,579,,fast_20
258,0.8776201968955223,0.9294300079345703,future,0.8,579,,fast_20
259,0.8764774954190052,0.9294726848602295,future,0.8,579,,fast_20
260,0.8746417035236728,0.9295121431350708,future,0.8,579,,fast_20
261,0.8794165056096196,0.9295486211776733,future,0.8,579,,fast_20
262,0.8740607162832986,0.9295819401741028,future,0.8,579,,fast_20
263,0.8730792388394512,0.9296122789382935,future,0.8,579,,fast_20
264,0.8715904867017652,0.9296396970748901,future,0.8,579,,fast_20
265,0.8718818418917051,0.929664134979248,future,0.8,579,,fast_20
266,0.8742441570376027,0.9296857714653015,future,0.8,579,,fast_20
267,0.8779203812427009,0.9297045469284058,future,0.8,579,,fast_20
268,0.8712919527932078,0.9297206401824951,future,0.8,579,,fast_20
269,0.8691467694286902,0.9297339916229248,future,0.8,579,,fast_20
270,0.8680328109632085,0.9297446608543396,future,0.8,579,,fast_20
271,0.8679905966481871,0.9297527074813843,future,0.8,579,,fast_20
272,0.8685053638710177,0.9297581911087036,future,0.8,579,,fast_20
273,0.8678823899777325,0.9297610521316528,future,0.8,579,,fast_20
274,0.866335598873655,0.9297615885734558,future,0.8,579,,fast_20
275,0.8673396637979344,0.9297596216201782,future,0.8,579,,fast_20
276,0.8661041912532246,0.9297553300857544,future,0.8,579,,fast_20
277,0.8635002081466326,0.9297486543655396,future,0.8,579,,fast_20
278,0.8719132225548866,0.929739773273468,future,0.8,579,,fast_20
279,0.8662232773785651,0.9297285676002502,future,0.8,579,,fast_20
280,0.8629663320671657,0.9297151565551758,future,0.8,579,,fast_20
281,0.8630397240997889,0.9296996593475342,future,0.8,579,,fast_20
282,0.8686869223567804,0.9296820759773254,future,0.8,579,,fast_20
283,0.8709238659475588,0.9296623468399048,future,0.8,579,,fast_20
284,0.8716700280170957,0.9296406507492065,future,0.8,579,,fast_20
285,0.8722430350377604,0.9296170473098755,future,0.8,579,,fast_20
286,0.8737630888646639,0.9295914769172668,future,0.8,579,,fast_20
287,0.8744381611289574,0.9295639991760254,future,0.8,579,,fast_20
288,0.8750459118737369,0.9295347929000854,future,0.8,579,,fast_20
289,0.8754072709798932,0.9295037388801575,future,0.8,579,,fast_20
290,0.8757742090922227,0.929470956325531,future,0.8,579,,fast_20
291,0.8760708036745691,0.929436445236206,future,0.8,579,,fast_20
292,0.8762415856543397,0.9294002652168274,future,0.8,579,,fast_20
293,0.8765033396271613,0.9293624758720398,future,0.8,579,,fast_20
294,0.8769164695771609,0.9293230772018433,future,0.8,579,,fast_20
295,0.8773072392296564,0.9292821884155273,future,0.8,579,,fast_20
296,0.8773656639536129,0.9292398691177368,future,0.8,579,,fast_20
297,0.8774995980537635,0.9291960000991821,future,0.8,579,,fast_20
298,0.8664944735796051,0.9291507005691528,future,0.8,579,,fast_20
299,0.8634275511881508,0.9291039705276489,future,0.8,579,,fast_20
300,0.8628274712909021,0.92905592918396,future,0.8,579,,fast_20
301,0.8618981298869297,0.9290066957473755,future,0.8,579,,fast_20
302,0.8685023784542931,0.9289560317993164,future,0.8,579,,fast_20
303,0.8649912036281256,0.9289041757583618,future,0.8,579,,fast_20
304,0.8601099400641881,0.9288510680198669,future,0.8,579,,fast_20
305,0.8615300005600299,0.9287968873977661,future,0.8,579,,fast_20
306,0.8606683553278021,0.9287415742874146,future,0.8,579,,fast_20
307,0.8589018695904449,0.9286850690841675,future,0.8,579,,fast_20
308,0.8651456595525446,0.9286275506019592,future,0.8,579,,fast_20
309,0.8673743789612147,0.9285690784454346,future,0.8,579,,fast_20
310,0.8594417883995417,0.9285094738006592,future,0.8,579,,fast_20
311,0.8597614592875377,0.9284489154815674,future,0.8,579,,fast_20
312,0.8602405669253013,0.9283873438835144,future,0.8,579,,fast_20
313,0.8592376454868347,0.9283249378204346,future,0.8,579,,fast_20
314,0.8623225510316321,0.9282616376876831,future,0.8,579,,fast_20
315,0.8592347754727175,0.92819744348526,future,0.8,579,,fast_20
316,0.8624281056861948,0.9281325340270996,future,0.8,579,,fast_20
317,0.863244216526344,0.9280667304992676,future,0.8,579,,fast_20
318,0.8620894577356203,0.9280002117156982,future,0.8,579,,fast_20
319,0.8592334696440299,0.927932858467102,future,0.8,579,,fast_20
320,0.8578538308110637,0.9278649091720581,future,0.8,579,,fast_20
321,0.8583618161183179,0.9277961850166321,future,0.8,579,,fast_20
322,0.8580365009198697,0.9277268648147583,future,0.8,579,,fast_20
323,0.8625113155326719,0.9276568293571472,future,0.8,579,,fast_20
324,0.8640730173152144,0.9275861382484436,future,0.8,579,,fast_20
325,0.8647535945675267,0.9275149703025818,future,0.8,579,,fast_20
326,0.8650641647234052,0.927443265914917,future,0.8,579,,fast_20
327,0.8651222976108783,0.9273709058761597,future,0.8,579,,fast_20
328,0.8655837627664906,0.9272981286048889,future,0.8,579,,fast_20
329,0.8640182240619696,0.9272247552871704,future,0.8,579,,fast_20
330,0.8661299042251381,0.9271509051322937,future,0.8,579,,fast_20
331,0.8669073459401947,0.9270766377449036,future,0.8,579,,fast_20
332,0.8647443858150571,0.927001953125,future,0.8,579,,fast_20
333,0.8608011187888416,0.9269267916679382,future,0.8,579,,fast_20
334,0.8618055175102028,0.926851212978363,future,0.8,579,,fast_20
335,0.8642144650953206,0.926775336265564,future,0.8,579,,fast_20
336,0.8653594753683235,0.9266991019248962,future,0.8,579,,fast_20
337,0.8665116425812255,0.9266225099563599,future,0.8,579,,fast_20
338,0.8678715324325122,0.9265455007553101,future,0.8,579,,fast_20
339,0.8683988712875336,0.9264682531356812,future,0.8,579,,fast_20
340,0.8624045812504554,0.9263906478881836,future,0.8,579,,fast_20
341,0.8615417058438212,0.9263128638267517,future,0.8,579,,fast_20
342,0.8634769557623603,0.9262348413467407,future,0.8,579,,fast_20
343,0.8636333037121219,0.9261564612388611,future,0.8,579,,fast_20
344,0.8629713878008008,0.9260778427124023,future,0.8,579,,fast_20
345,0.8658202664620662,0.925999104976654,future,0.8,579,,fast_20
346,0.8664187747775179,0.9259201288223267,future,0.8,579,,fast_20
347,0.8607593130575518,0.9258408546447754,future,0.8,579,,fast_20
348,0.8600626020680228,0.9257614612579346,future,0.8,579,,fast_20
349,0.8598569308048847,0.925682008266449,future,0.8,579,,fast_20
350,0.8598387338757346,0.925602376461029,future,0.8,579,,fast_20
351,0.8581866337501453,0.9255226850509644,future,0.8,579,,fast_20
352,0.8624623645945244,0.9254427552223206,future,0.8,579,,fast_20
353,0.8638206398594688,0.9253628253936768,future,0.8,579,,fast_20
354,0.8609768046434709,0.9252827167510986,future,0.8,579,,fast_20
355,0.8577912769981423,0.925202488899231,future,0.8,579,,fast_20
356,0.8588862128818253,0.9251222610473633,future,0.8,579,,fast_20
357,0.8590561922079748,0.9250420928001404,future,0.8,579,,fast_20
358,0.8592007560379763,0.9249617457389832,future,0.8,579,,fast_20
359,0.8614141480879228,0.9248815178871155,future,0.8,579,,fast_20
360,0.8635461818433756,0.9248011112213135,future,0.8,579,,fast_20
361,0.8643002431284184,0.9247207045555115,future,0.8,579,,fast_20
362,0.864717685261246,0.9246402978897095,future,0.8,579,,fast_20
363,0.8649307530773388,0.9245598912239075,future,0.8,579,,fast_20
364,0.8652410617432947,0.9244795441627502,future,0.8,579,,fast_20
365,0.8667562065945857,0.924399197101593,future,0.8,579,,fast_20
366,0.8671464419501923,0.9243188500404358,future,0.8,579,,fast_20
367,0.8674041378601093,0.9242386221885681,future,0.8,579,,fast_20
368,0.8675170036327838,0.9241584539413452,future,0.8,579,,fast_20
369,0.8676428983937738,0.9240783452987671,future,0.8,579,,fast_20
370,0.8676885496027809,0.9239981174468994,future,0.8,579,,fast_20
371,0.8674376540038735,0.9239181280136108,future,0.8,579,,fast_20
372,0.8675573544788281,0.9238381385803223,future,0.8,579,,fast_20
373,0.8678874579290323,0.9237582683563232,future,0.8,579,,fast_20
374,0.8678291741902909,0.9236785173416138,future,0.8,579,,fast_20
375,0.8677678545686154,0.9235988855361938,future,0.8,579,,fast_20
376,0.8619363008800525,0.9235193133354187,future,0.8,579,,fast_20
377,0.863623386210151,0.9234399199485779,future,0.8,579,,fast_20
378,0.8622495986161813,0.9233605861663818,future,0.8,579,,fast_20
379,0.8647512216513433,0.9232813715934753,future,0.8,579,,fast_20
380,0.8663468096787229,0.9232023358345032,future,0.8,579,,fast_20
381,0.8661803638709623,0.9231234788894653,future,0.8,579,,fast_20
382,0.859251989832913,0.923044741153717,future,0.8,579,,fast_20
383,0.8611399757918973,0.9229661226272583,future,0.8,579,,fast_20
384,0.8605515587402958,0.9228876829147339,future,0.8,579,,fast_20
385,0.8589356963465713,0.922809362411499,future,0.8,579,,fast_20
386,0.863524089869379,0.9227312803268433,future,0.8,579,,fast_20
387,0.8641256525303641,0.922653317451477,future,0.8,579,,fast_20
388,0.8604633636163125,0.9225755333900452,future,0.8,579,,fast_20
389,0.8575755081540456,0.9224978685379028,future,0.8,579,,fast_20
390,0.8595006614643768,0.9224205017089844,future,0.8,579,,fast_20
391,0.8594681375789235,0.9223433136940002,future,0.8,579,,fast_20
392,0.8579465062107596,0.9222662448883057,future,0.8,579,,fast_20
393,0.8610158143404223,0.9221894145011902,future,0.8,579,,fast_20
394,0.862657329921857,0.9221127033233643,future,0.8,579,,fast_20
395,0.8623658160393619,0.922036349773407,future,0.8,579,,fast_20
396,0.8555077984654836,0.9219602346420288,future,0.8,579,,fast_20
397,0.8555930569328083,0.9218841791152954,future,0.8,579,,fast_20
398,0.8557090024852904,0.9218083620071411,future,0.8,579,,fast_20
399,0.8554865922312346,0.9217327833175659,future,0.8,579,,fast_20
400,0.85540048780684,0.9216574430465698,future,0.8,579,,fast_20
401,0.859567307271428,0.9215822815895081,future,0.8,579,,fast_20
402,0.8606538212499445,0.9215073585510254,future,0.8,579,,fast_20
403,0.8538799275250946,0.9214327335357666,future,0.8,579,,fast_20
404,0.8523549053052808,0.9213583469390869,future,0.8,579,,fast_20
405,0.8535108596932006,0.9212839603424072,future,0.8,579,,fast_20
406,0.8540741219733715,0.921209990978241,future,0.8,579,,fast_20
407,0.8521792619274964,0.9211363196372986,future,0.8,579,,fast_20
408,0.8571648003094826,0.9210628271102905,future,0.8,579,,fast_20
409,0.8583335714315135,0.9209895133972168,future,0.8,579,,fast_20
410,0.8587871031367016,0.9209164977073669,future,0.8,579,,fast_20
411,0.8588617207493285,0.9208437204360962,future,0.8,579,,fast_20
412,0.8594823320287039,0.9207711815834045,future,0.8,579,,fast_20
413,0.8601960685489116,0.920698881149292,future,0.8,579,,fast_20
414,0.8603187560845575,0.9206268191337585,future,0.8,579,,fast_20
415,0.8602247625957791,0.9205549955368042,future,0.8,579,,fast_20
416,0.860151469563374,0.9204834699630737,future,0.8,579,,fast_20
417,0.8599959377856495,0.9204121828079224,future,0.8,579,,fast_20
418,0.8597367059273265,0.9203411340713501,future,0.8,579,,fast_20
419,0.8598700967495557,0.9202703833580017,future,0.8,579,,fast_20
420,0.8600666473141415,0.9201999306678772,future,0.8,579,,fast_20
421,0.8600199652656231,0.920129656791687,future,0.8,579,,fast_20
422,0.86000408648182,0.9200596213340759,future,0.8,579,,fast_20
423,0.8600253543685134,0.9199898838996887,future,0.8,579,,fast_20
424,0.8556896612099028,0.9199203848838806,future,0.8,579,,fast_20
425,0.8579392161351809,0.9198511242866516,future,0.8,579,,fast_20
426,0.8571912984828505,0.9197821617126465,future,0.8,579,,fast_20
427,0.8611337526055493,0.91971355676651,future,0.8,579,,fast_20
428,0.8623164717603579,0.9196450710296631,future,0.8,579,,fast_20
429,0.8547059508308777,0.91957688331604,future,0.8,579,,fast_20
430,0.8530731154207027,0.9195089936256409,future,0.8,579,,fast_20
431,0.8531971980414265,0.9194414615631104,future,0.8,579,,fast_20
432,0.8533468674879046,0.9193739891052246,future,0.8,579,,fast_20
433,0.8516835206704171,0.9193069934844971,future,0.8,579,,fast_20
434,0.8575752534365018,0.9192401766777039,future,0.8,579,,fast_20
435,0.8545481187946925,0.9191735982894897,future,0.8,579,,fast_20
436,0.8508865670939258,0.9191073775291443,future,0.8,579,,fast_20
437,0.8515280769731238,0.9190413951873779,future,0.8,579,,fast_20
438,0.8513603541589964,0.9189757108688354,future,0.8,579,,fast_20
439,0.8497104251846279,0.9189102053642273,future,0.8,579,,fast_20
440,0.8536081035580947,0.918844997882843,future,0.8,579,,fast_20
441,0.8557322166447678,0.9187800884246826,future,0.8,579,,fast_20
442,0.8476513772409243,0.9187154173851013,future,0.8,579,,fast_20
443,0.8479770388674975,0.9186510443687439,future,0.8,579,,fast_20
444,0.8483214800628466,0.9185868501663208,future,0.8,579,,fast_20
445,0.8486330114780435,0.9185230731964111,future,0.8,579,,fast_20
446,0.8501694520364942,0.918459415435791,future,0.8,579,,fast_20
447,0.843393893836142,0.9183961153030396,future,0.8,579,,fast_20
448,0.8447556943923757,0.918333113193512,future,0.8,579,,fast_20
449,0.8458867115020612,0.9182702302932739,future,0.8,579,,fast_20
450,0.8467090965398496,0.9182077050209045,future,0.8,579,,fast_20
451,0.8483128542673037,0.918145477771759,future,0.8,579,,fast_20
452,0.8490192864342528,0.9180835485458374,future,0.8,579,,fast_20
453,0.8494616980885789,0.9180219173431396,future,0.8,579,,fast_20
454,0.848868085453858,0.917960524559021,future,0.8,579,,fast_20
455,0.848487405736499,0.9178992509841919,future,0.8,579,,fast_20
456,0.8483513725426369,0.9178383946418762,future,0.8,579,,fast_20
457,0.8481910232655778,0.9177777171134949,future,0.8,579,,fast_20
458,0.8482957428605389,0.9177172780036926,future,0.8,579,,fast_20
459,0.8486175958210476,0.9176571369171143,future,0.8,579,,fast_20
460,0.8487913891063695,0.9175972938537598,future,0.8,579,,fast_20
461,0.8488997503145305,0.9175377488136292,future,0.8,579,,fast_20
462,0.848971508203278,0.9174783825874329,future,0.8,579,,fast_20
463,0.8428296688251858,0.9174193143844604,future,0.8,579,,fast_20
464,0.8318669176101957,0.9173605442047119,future,0.8,579,,fast_20
465,0.831183684442651,0.9173019528388977,future,0.8,579,,fast_20
466,0.8304176102555945,0.9172437787055969,future,0.8,579,,fast_20
467,0.8294015434871627,0.9171857833862305,future,0.8,579,,fast_20
468,0.8301536233654927,0.9171279072761536,future,0.8,579,,fast_20
469,0.8287671372451286,0.9170704483985901,future,0.8,579,,fast_20
470,0.8246713962049061,0.9170131683349609,future,0.8,579,,fast_20
471,0.8236855053076658,0.9169562458992004,future,0.8,579,,fast_20
472,0.8283252398898793,0.9168995022773743,future,0.8,579,,fast_20
473,0.8235628735519582,0.9168429970741272,future,0.8,579,,fast_20
474,0.8221723425992304,0.916786789894104,future,0.8,579,,fast_20
475,0.8273313710880986,0.9167308211326599,future,0.8,579,,fast_20
476,0.8241711572328928,0.9166751503944397,future,0.8,579,,fast_20
477,0.8224096162347709,0.9166196584701538,future,0.8,579,,fast_20
478,0.822072945657905,0.9165644645690918,future,0.8,579,,fast_20
479,0.8203467907541724,0.9165095090866089,future,0.8,579,,fast_20
480,0.8190840767203037,0.9164547920227051,future,0.8,579,,fast_20
481,0.8259232790259288,0.9164003729820251,future,0.8,579,,fast_20
482,0.8196439267064065,0.9163462519645691,future,0.8,579,,fast_20
483,0.8196389090251271,0.9162923097610474,future,0.8,579,,fast_20
484,0.8173712345272431,0.9162386655807495,future,0.8,579,,fast_20
485,0.8162475274322489,0.9161851406097412,future,0.8,579,,fast_20
486,0.821059505158478,0.9161319732666016,future,0.8,579,,fast_20
487,0.8167848206560052,0.916079044342041,future,0.8,579,,fast_20
488,0.8190714879615996,0.9160263538360596,future,0.8,579,,fast_20
489,0.8200199520765533,0.9159738421440125,future,0.8,579,,fast_20
490,0.8199495061797697,0.9159216284751892,future,0.8,579,,fast_20
491,0.8231925272095797,0.9158697128295898,future,0.8,579,,fast_20
492,0.8197069578127205,0.91581791639328,future,0.8,579,,fast_20
493,0.8204373036677498,0.9157664179801941,future,0.8,579,,fast_20
494,0.8202906797555766,0.9157151579856873,future,0.8,579,,fast_20
495,0.8199814129687856,0.9156641960144043,future,0.8,579,,fast_20
496,0.825031328834894,0.9156134128570557,future,0.8,579,,fast_20
497,0.8261464609775588,0.9155628681182861,future,0.8,579,,fast_20
498,0.8267194472119518,0.9155125617980957,future,0.8,579,,fast_20
499,0.8270574501964918,0.9154624342918396,future,0.8,579,,fast_20
500,0.8273318232419692,0.9154126644134521,future,0.8,579,,fast_20
501,0.8276427421313767,0.915363073348999,future,0.8,579,,fast_20
502,0.8284329428270628,0.9153136610984802,future,0.8,579,,fast_20
503,0.8291396331860519,0.9152644872665405,future,0.8,579,,fast_20
504,0.8292704629410643,0.9152156114578247,future,0.8,579,,fast_20
505,0.8293964565128961,0.9151669144630432,future,0.8,579,,fast_20
506,0.8292141884184867,0.9151184558868408,future,0.8,579,,fast_20
507,0.829118422830132,0.9150702357292175,future,0.8,579,,fast_20
508,0.8290500850661376,0.9150222539901733,future,0.8,579,,fast_20
509,0.8278074096888265,0.9149745106697083,future,0.8,579,,fast_20
510,0.8276676863299275,0.9149270057678223,future,0.8,579,,fast_20
511,0.8274924092453958,0.9148796796798706,future,0.8,579,,fast_20
512,0.822466120496145,0.9148325324058533,future,0.8,579,,fast_20
513,0.8225561587884173,0.9147857427597046,future,0.8,579,,fast_20
514,0.8261180076446913,0.9147391319274902,future,0.8,579,,fast_20
515,0.8302295881193685,0.9146926403045654,future,0.8,579,,fast_20
516,0.8218596643260812,0.9146465063095093,future,0.8,579,,fast_20
517,0.8208449841508461,0.9146004915237427,future,0.8,579,,fast_20
518,0.8206768113906512,0.9145547747612,future,0.8,579,,fast_20
519,0.8195151668859042,0.9145091772079468,future,0.8,579,,fast_20
520,0.8182916712287127,0.9144638776779175,future,0.8,579,,fast_20
521,0.8243942846877885,0.9144187569618225,future,0.8,579,,fast_20
522,0.825276771574269,0.9143738746643066,future,0.8,579,,fast_20
523,0.8199373282283391,0.9143292903900146,future,0.8,579,,fast_20
524,0.8159527886189242,0.914284884929657,future,0.8,579,,fast_20
525,0.8177731547950274,0.9142405390739441,future,0.8,579,,fast_20
526,0.8170695532907543,0.9141965508460999,future,0.8,579,,fast_20
527,0.8158099882786675,0.9141526818275452,future,0.8,579,,fast_20
528,0.8189285017427795,0.9141091108322144,future,0.8,579,,fast_20
529,0.8214035001288575,0.9140657186508179,future,0.8,579,,fast_20
530,0.8218771124961576,0.9140224456787109,future,0.8,579,,fast_20
531,0.8144111931021164,0.9139794111251831,future,0.8,579,,fast_20
532,0.8130072336901778,0.9139366149902344,future,0.8,579,,fast_20
533,0.8138577525408494,0.9138940572738647,future,0.8,579,,fast_20
534,0.8131567665343999,0.9138516783714294,future,0.8,579,,fast_20
535,0.8105070514471796,0.9138094782829285,future,0.8,579,,fast_20
536,0.8167528482076117,0.9137674570083618,future,0.8,579,,fast_20
537,0.8180921962281728,0.9137256741523743,future,0.8,579,,fast_20
538,0.8135694211932765,0.9136841297149658,future,0.8,579,,fast_20
539,0.8094821559636719,0.9136427640914917,future,0.8,579,,fast_20
540,0.8108218777136094,0.9136015772819519,future,0.8,579,,fast_20
541,0.8107035451098064,0.9135605692863464,future,0.8,579,,fast_20
542,0.810227335232265,0.9135198593139648,future,0.8,579,,fast_20
543,0.8125699024464919,0.913479208946228,future,0.8,579,,fast_20
544,0.8150885777225678,0.9134387969970703,future,0.8,579,,fast_20
545,0.8157454498390302,0.9133986234664917,future,0.8,579,,fast_20
546,0.8161686127014794,0.9133586287498474,future,0.8,579,,fast_20
547,0.8164764364738542,0.9133188128471375,future,0.8,579,,fast_20
548,0.8168830921796026,0.9132791757583618,future,0.8,579,,fast_20
549,0.8172542711764897,0.9132397770881653,future,0.8,579,,fast_20
550,0.8174718062906239,0.9132005572319031,future,0.8,579,,fast_20
551,0.8177649511213049,0.9131615161895752,future,0.8,579,,fast_20
552,0.8179730293689171,0.9131225943565369,future,0.8,579,,fast_20
553,0.8182728531128926,0.9130839109420776,future,0.8,579,,fast_20
554,0.8185992406175396,0.9130454659461975,future,0.8,579,,fast_20
555,0.818672794866574,0.9130071401596069,future,0.8,579,,fast_20
556,0.8187726835345053,0.9129689335823059,future,0.8,579,,fast_20
557,0.8189750394270296,0.9129310846328735,future,0.8,579,,fast_20
558,0.8191453830200324,0.9128932952880859,future,0.8,579,,fast_20
559,0.8192654821945842,0.9128556251525879,future,0.8,579,,fast_20
560,0.8191506478556543,0.9128182530403137,future,0.8,579,,fast_20
561,0.8075185142491745,0.9127810597419739,future,0.8,579,,fast_20
562,0.8123966024766631,0.9127440452575684,future,0.8,579,,fast_20
563,0.8059442060801678,0.9127070903778076,future,0.8,579,,fast_20
564,0.8058896894351155,0.912670373916626,future,0.8,579,,fast_20
565,0.8061981075812558,0.9126338958740234,future,0.8,579,,fast_20
566,0.8067394582921738,0.9125975370407104,future,0.8,579,,fast_20
567,0.8059318099022696,0.9125614166259766,future,0.8,579,,fast_20
568,0.8096313889862856,0.912525475025177,future,0.8,579,,fast_20
569,0.8105528332184917,0.9124895930290222,future,0.8,579,,fast_20
570,0.8067374441763007,0.9124540090560913,future,0.8,579,,fast_20
571,0.8041391578383622,0.91241854429245,future,0.8,579,,fast_20
572,0.8042746849115066,0.9123832583427429,future,0.8,579,,fast_20
573,0.8049821816392777,0.9123481512069702,future,0.8,579,,fast_20
574,0.8045755547485186,0.9123131632804871,future,0.8,579,,fast_20
575,0.806050397338589,0.912278413772583,future,0.8,579,,fast_20
576,0.8079201347228787,0.9122438430786133,future,0.8,579,,fast_20
577,0.8082652355095299,0.9122093915939331,future,0.8,579,,fast_20
578,0.8014859553090545,0.9121750593185425,future,0.8,579,,fast_20
579,0.7999987110575019,0.912140965461731,future,0.8,579,,fast_20
580,0.7999478532820633,0.912106990814209,future,0.8,579,,fast_20
581,0.7994181508046024,0.9120731949806213,future,0.8,579,,fast_20
582,0.8031883626734982,0.912039577960968,future,0.8,579,,fast_20
583,0.8057903731847376,0.9120060205459595,future,0.8,579,,fast_20
584,0.8068401983804235,0.9119728207588196,future,0.8,579,,fast_20
585,0.8036820091009141,0.9119396805763245,future,0.8,579,,fast_20
586,0.8024097162843,0.9119066596031189,future,0.8,579,,fast_20
587,0.804006644178054,0.9118738174438477,future,0.8,579,,fast_20
588,0.8044580378321108,0.9118412137031555,future,0.8,579,,fast_20
589,0.8039629277677489,0.9118086695671082,future,0.8,579,,fast_20
590,0.8076057937856348,0.9117763638496399,future,0.8,579,,fast_20
591,0.8087292291298038,0.9117441773414612,future,0.8,579,,fast_20
592,0.8093553003657764,0.911712110042572,future,0.8,579,,fast_20
593,0.8094268014371659,0.9116802215576172,future,0.8,579,,fast_20
594,0.8105097307220769,0.9116484522819519,future,0.8,579,,fast_20
595,0.8111899030199641,0.9116169214248657,future,0.8,579,,fast_20
596,0.81171487206656,0.9115855097770691,future,0.8,579,,fast_20
597,0.8120066537074546,0.9115542769432068,future,0.8,579,,fast_20
598,0.8122702272238026,0.911523163318634,future,0.8,579,,fast_20
599,0.8123241461597513,0.9114921689033508,future,0.8,579,,fast_20
600,0.8122986121024353,0.9114614129066467,future,0.8,579,,fast_20
601,0.8120660466473706,0.9114306569099426,future,0.8,579,,fast_20
602,0.8122223583206811,0.9114001989364624,future,0.8,579,,fast_20
603,0.8129345172339933,0.9113697409629822,future,0.8,579,,fast_20
604,0.812706063946782,0.911339521408081,future,0.8,579,,fast_20
605,0.812416985339713,0.9113094806671143,future,0.8,579,,fast_20
606,0.8104208094358716,0.9112796187400818,future,0.8,579,,fast_20
607,0.8114120341871482,0.9112497568130493,future,0.8,579,,fast_20
608,0.8127286444242137,0.9112200736999512,future,0.8,579,,fast_20
609,0.8164519015987691,0.9111905694007874,future,0.8,579,,fast_20
610,0.8168286308929265,0.9111611247062683,future,0.8,579,,fast_20
611,0.8128374549086427,0.9111319184303284,future,0.8,579,,fast_20
612,0.809467747092671,0.9111028909683228,future,0.8,579,,fast_20
613,0.8096824472853171,0.9110739231109619,future,0.8,579,,fast_20
614,0.8083531870416709,0.9110451340675354,future,0.8,579,,fast_20
615,0.8112973176786309,0.9110164642333984,future,0.8,579,,fast_20
616,0.8145134524993001,0.910987913608551,future,0.8,579,,fast_20
617,0.81021390725306,0.9109594821929932,future,0.8,579,,fast_20
618,0.8076797662261131,0.9109312891960144,future,0.8,579,,fast_20
619,0.80747080286959,0.9109032154083252,future,0.8,579,,fast_20
620,0.8061146478656477,0.9108753204345703,future,0.8,579,,fast_20
621,0.8084434868579179,0.9108473658561707,future,0.8,579,,fast_20
622,0.8116668388220516,0.9108197093009949,future,0.8,579,,fast_20
623,0.8118180831325104,0.9107921123504639,future,0.8,579,,fast_20
624,0.8066532087264987,0.9107646942138672,future,0.8,579,,fast_20
625,0.8038012956496694,0.9107373952865601,future,0.8,579,,fast_20
626,0.7921777052435184,0.9107102155685425,future,0.8,579,,fast_20
627,0.7885765737845923,0.9106831550598145,future,0.8,579,,fast_20
628,0.7938729243453273,0.910656213760376,future,0.8,579,,fast_20
629,0.7853799990865783,0.910629391670227,future,0.8,579,,fast_20
630,0.7828059681602193,0.9106028079986572,future,0.8,579,,fast_20
631,0.7808456369795762,0.9105762243270874,future,0.8,579,,fast_20
632,0.7799091589553298,0.9105498790740967,future,0.8,579,,fast_20
633,0.7828142396213275,0.9105235934257507,future,0.8,579,,fast_20
634,0.7808973911745593,0.9104974269866943,future,0.8,579,,fast_20
635,0.7769824401130474,0.910471498966217,future,0.8,579,,fast_20
636,0.7759831412226327,0.9104454517364502,future,0.8,579,,fast_20
637,0.7750387659263726,0.910419762134552,future,0.8,579,,fast_20
638,0.772426810598058,0.9103940725326538,future,0.8,579,,fast_20
639,0.7799639101839015,0.9103685617446899,future,0.8,579,,fast_20
640,0.7727511588403694,0.9103431701660156,future,0.8,579,,fast_20
641,0.7713928249643932,0.9103178977966309,future,0.8,579,,fast_20
642,0.7708170943529172,0.9102928042411804,future,0.8,579,,fast_20
643,0.7702833270217233,0.9102678298950195,future,0.8,579,,fast_20
644,0.7672943625086649,0.9102428555488586,future,0.8,579,,fast_20
645,0.7715022251324737,0.9102181196212769,future,0.8,579,,fast_20
646,0.7750930004812833,0.9101934432983398,future,0.8,579,,fast_20
647,0.7745212585528236,0.9101688265800476,future,0.8,579,,fast_20
648,0.7748891924323817,0.9101444482803345,future,0.8,579,,fast_20
649,0.7755158423395115,0.9101201891899109,future,0.8,579,,fast_20
650,0.7763061280340994,0.9100959897041321,future,0.8,579,,fast_20
651,0.776763960638247,0.9100719094276428,future,0.8,579,,fast_20
652,0.7771982847849603,0.9100479483604431,future,0.8,579,,fast_20
653,0.7775459143371708,0.9100240468978882,future,0.8,579,,fast_20
654,0.7773543452093828,0.9100003242492676,future,0.8,579,,fast_20
655,0.7769701286333129,0.9099767208099365,future,0.8,579,,fast_20
656,0.7764741183707711,0.9099532961845398,future,0.8,579,,fast_20
657,0.7757650734415268,0.9099298119544983,future,0.8,579,,fast_20
658,0.7755685029672644,0.9099065065383911,future,0.8,579,,fast_20
659,0.7751650194576928,0.9098833799362183,future,0.8,579,,fast_20
660,0.7753450369435372,0.909860372543335,future,0.8,579,,fast_20
661,0.7755452526349382,0.9098373651504517,future,0.8,579,,fast_20
662,0.7755992045532643,0.9098145365715027,future,0.8,579,,fast_20
663,0.7823636071968706,0.9097918272018433,future,0.8,579,,fast_20
664,0.7845797178189682,0.9097691774368286,future,0.8,579,,fast_20
665,0.7825730479591995,0.9097467660903931,future,0.8,579,,fast_20
666,0.7813953108579332,0.9097244143486023,future,0.8,579,,fast_20
667,0.7807995033616781,0.9097020626068115,future,0.8,579,,fast_20
668,0.7806548214006431,0.9096798896789551,future,0.8,579,,fast_20
669,0.78154095064591,0.9096578359603882,future,0.8,579,,fast_20
670,0.7827358311369401,0.9096358418464661,future,0.8,579,,fast_20
671,0.7833307067946824,0.9096139669418335,future,0.8,579,,fast_20
672,0.7819090951247061,0.9095923900604248,future,0.8,579,,fast_20
673,0.7801102980951576,0.9095706343650818,future,0.8,579,,fast_20
674,0.7792877810999539,0.9095490574836731,future,0.8,579,,fast_20
675,0.7787214411451254,0.9095275402069092,future,0.8,579,,fast_20
676,0.7778298538625711,0.9095062613487244,future,0.8,579,,fast_20
677,0.7778942092343892,0.9094849824905396,future,0.8,579,,fast_20
678,0.7753924710422534,0.9094638824462891,future,0.8,579,,fast_20
679,0.7728968460982467,0.9094429016113281,future,0.8,579,,fast_20
680,0.7705590984625739,0.9094219207763672,future,0.8,579,,fast_20
681,0.7689215907904359,0.9094011783599854,future,0.8,579,,fast_20
682,0.7677163833165277,0.9093804359436035,future,0.8,579,,fast_20
683,0.7664418402979457,0.9093598127365112,future,0.8,579,,fast_20
684,0.7675407718267083,0.909339189529419,future,0.8,579,,fast_20
685,0.7677358731556883,0.9093188047409058,future,0.8,579,,fast_20
686,0.7678938126955694,0.9092984795570374,future,0.8,579,,fast_20
687,0.7657456097107233,0.9092782139778137,future,0.8,579,,fast_20
688,0.7642422901940739,0.9092581272125244,future,0.8,579,,fast_20
689,0.7600387469599824,0.9092381000518799,future,0.8,579,,fast_20
690,0.7554820727483533,0.9092182517051697,future,0.8,579,,fast_20
691,0.7567680782816888,0.9091984033584595,future,0.8,579,,fast_20
692,0.7572080043959961,0.9091787338256836,future,0.8,579,,fast_20
693,0.7570775262076056,0.9091591835021973,future,0.8,579,,fast_20
694,0.755513775127531,0.9091396331787109,future,0.8,579,,fast_20
695,0.7537969957556286,0.9091201424598694,future,0.8,579,,fast_20
696,0.7531177282786474,0.9091008901596069,future,0.8,579,,fast_20
697,0.752393507761833,0.9090816974639893,future,0.8,579,,fast_20
698,0.7517297758528305,0.9090625643730164,future,0.8,579,,fast_20
699,0.7513189779107776,0.9090434908866882,future,0.8,579,,fast_20
700,0.7529023884160196,0.9090245962142944,future,0.8,579,,fast_20
701,0.7533704341301546,0.9090058207511902,future,0.8,579,,fast_20
702,0.7528939341925448,0.9089869856834412,future,0.8,579,,fast_20
703,0.7529130737252482,0.9089683294296265,future,0.8,579,,fast_20
704,0.7522211885881588,0.9089497923851013,future,0.8,579,,fast_20
705,0.7521647734574058,0.9089312553405762,future,0.8,579,,fast_20
706,0.7517733741992814,0.9089128375053406,future,0.8,579,,fast_20
707,0.7513164523237893,0.9088945388793945,future,0.8,579,,fast_20
708,0.7510353919044589,0.9088762998580933,future,0.8,579,,fast_20
709,0.7506694812946347,0.9088582396507263,future,0.8,579,,fast_20
710,0.7503642715315225,0.9088401794433594,future,0.8,579,,fast_20
711,0.7562415680592606,0.908822238445282,future,0.8,579,,fast_20
712,0.7576519957627597,0.9088044166564941,future,0.8,579,,fast_20
713,0.757092004464506,0.9087866544723511,future,0.8,579,,fast_20
714,0.7571555831918005,0.9087689518928528,future,0.8,579,,fast_20
715,0.7569413143741125,0.9087514281272888,future,0.8,579,,fast_20
716,0.7567160272044385,0.9087338447570801,future,0.8,579,,fast_20
717,0.7559416752600063,0.9087163805961609,future,0.8,579,,fast_20
718,0.7526991013734875,0.9086990356445312,future,0.8,579,,fast_20
719,0.7504834476488819,0.9086816906929016,future,0.8,579,,fast_20
720,0.7489073081649599,0.9086645245552063,future,0.8,579,,fast_20
721,0.7480656865832321,0.9086474180221558,future,0.8,579,,fast_20
722,0.7490400273216826,0.90863037109375,future,0.8,579,,fast_20
723,0.7507309051218032,0.9086134433746338,future,0.8,579,,fast_20
724,0.748731014302822,0.9085965156555176,future,0.8,579,,fast_20
725,0.7458315673676176,0.9085797667503357,future,0.8,579,,fast_20
726,0.7446248896602293,0.9085630774497986,future,0.8,579,,fast_20
727,0.7441044007885986,0.9085464477539062,future,0.8,579,,fast_20
728,0.7430324750763331,0.9085298776626587,future,0.8,579,,fast_20
729,0.744269141515664,0.9085134267807007,future,0.8,579,,fast_20
730,0.7452526795357659,0.9084970951080322,future,0.8,579,,fast_20
731,0.7448329041175423,0.908480703830719,future,0.8,579,,fast_20
732,0.742265036505616,0.9084644913673401,future,0.8,579,,fast_20
733,0.7407742918067456,0.9084483981132507,future,0.8,579,,fast_20
734,0.7396841179544016,0.9084323644638062,future,0.8,579,,fast_20
735,0.7395783716903485,0.9084163904190063,future,0.8,579,,fast_20
736,0.7412622507809972,0.9084004163742065,future,0.8,579,,fast_20
737,0.7454191300133384,0.9083845615386963,future,0.8,579,,fast_20
738,0.7467144586483698,0.9083688259124756,future,0.8,579,,fast_20
739,0.7475533444638446,0.9083530902862549,future,0.8,579,,fast_20
740,0.7480709117819037,0.9083374738693237,future,0.8,579,,fast_20
741,0.7482464688347817,0.9083219766616821,future,0.8,579,,fast_20
742,0.7485649233627428,0.9083064794540405,future,0.8,579,,fast_20
743,0.7488088737561095,0.9082911014556885,future,0.8,579,,fast_20
744,0.749287923988613,0.9082757234573364,future,0.8,579,,fast_20
745,0.7492420357403923,0.9082605838775635,future,0.8,579,,fast_20
746,0.7490901028725795,0.9082454442977905,future,0.8,579,,fast_20
747,0.7488390603584105,0.9082303643226624,future,0.8,579,,fast_20
748,0.7487992881702884,0.908215343952179,future,0.8,579,,fast_20
749,0.7379732625673843,0.9082003831863403,future,0.8,579,,fast_20
750,0.7379352404118603,0.9081854820251465,future,0.8,579,,fast_20
751,0.7379455955966379,0.9081707000732422,future,0.8,579,,fast_20
752,0.7354732928876011,0.9081559181213379,future,0.8,579,,fast_20
753,0.7384693597342741,0.9081413149833679,future,0.8,579,,fast_20
754,0.7431628961228112,0.9081267714500427,future,0.8,579,,fast_20
755,0.7392104759828918,0.9081121683120728,future,0.8,579,,fast_20
756,0.7374119394460048,0.9080976843833923,future,0.8,579,,fast_20
757,0.7394190538666935,0.9080833196640015,future,0.8,579,,fast_20
758,0.740007754765567,0.9080690741539001,future,0.8,579,,fast_20
759,0.740228240927907,0.9080548286437988,future,0.8,579,,fast_20
760,0.7420703455166792,0.9080406427383423,future,0.8,579,,fast_20
761,0.7423410403967644,0.9080265760421753,future,0.8,579,,fast_20
762,0.7402040065488178,0.9080125093460083,future,0.8,579,,fast_20
763,0.739288012095157,0.9079985022544861,future,0.8,579,,fast_20
764,0.7383351635724246,0.9079845547676086,future,0.8,579,,fast_20
765,0.7343393570381606,0.907970666885376,future,0.8,579,,fast_20
766,0.732929522013193,0.9079569578170776,future,0.8,579,,fast_20
767,0.7325758680607808,0.9079432487487793,future,0.8,579,,fast_20
768,0.7314283166408817,0.9079295992851257,future,0.8,579,,fast_20
769,0.7334011316913526,0.9079160094261169,future,0.8,579,,fast_20
770,0.7355424024927877,0.9079024791717529,future,0.8,579,,fast_20
771,0.7362786150346378,0.9078890085220337,future,0.8,579,,fast_20
772,0.7361755170387456,0.9078755378723145,future,0.8,579,,fast_20
773,0.7364235017811129,0.9078623056411743,future,0.8,579,,fast_20
774,0.7365576125983168,0.9078490734100342,future,0.8,579,,fast_20
775,0.7362032146754612,0.907835841178894,future,0.8,579,,fast_20
776,0.7374557610749396,0.9078226685523987,future,0.8,579,,fast_20
777,0.7389382356859896,0.9078096747398376,future,0.8,579,,fast_20
778,0.739451765585777,0.9077966809272766,future,0.8,579,,fast_20
779,0.7373609136293924,0.9077837467193604,future,0.8,579,,fast_20
780,0.7360436958453382,0.9077708125114441,future,0.8,579,,fast_20
781,0.7353706377123583,0.9077579379081726,future,0.8,579,,fast_20
782,0.7345054658758235,0.9077452421188354,future,0.8,579,,fast_20
783,0.7336355900107541,0.9077324867248535,future,0.8,579,,fast_20
784,0.7346536848315198,0.9077199697494507,future,0.8,579,,fast_20
785,0.7365856747659647,0.9077073335647583,future,0.8,579,,fast_20
786,0.7368169773906355,0.9076948165893555,future,0.8,579,,fast_20
787,0.7333603569827677,0.9076824188232422,future,0.8,579,,fast_20
788,0.7306860934045445,0.9076700806617737,future,0.8,579,,fast_20
789,0.7294190256764628,0.9076577425003052,future,0.8,579,,fast_20
790,0.7284106110371708,0.9076454639434814,future,0.8,579,,fast_20
791,0.7273821641456755,0.9076333045959473,future,0.8,579,,fast_20
792,0.7279665123313632,0.9076210260391235,future,0.8,579,,fast_20
793,0.7272661920933026,0.9076088666915894,future,0.8,579,,fast_20
794,0.724737623985251,0.9075968265533447,future,0.8,579,,fast_20
795,0.7247214398509099,0.9075848460197449,future,0.8,579,,fast_20
796,0.724235051609741,0.9075729250907898,future,0.8,579,,fast_20
797,0.7234620625333849,0.9075610637664795,future,0.8,579,,fast_20
798,0.7228231504414933,0.907549262046814,future,0.8,579,,fast_20
799,0.7232614012744055,0.9075375199317932,future,0.8,579,,fast_20
800,0.7248506275958331,0.907525897026062,future,0.8,579,,fast_20
801,0.7249208329078698,0.9075141549110413,future,0.8,579,,fast_20
802,0.7247878417804591,0.9075025916099548,future,0.8,579,,fast_20
803,0.7225843125291348,0.9074910879135132,future,0.8,579,,fast_20
804,0.7216002253748768,0.9074795842170715,future,0.8,579,,fast_20
805,0.7210762765408881,0.9074681997299194,future,0.8,579,,fast_20
806,0.7206251536410254,0.9074568152427673,future,0.8,579,,fast_20
807,0.7203488537928987,0.9074455499649048,future,0.8,579,,fast_20
808,0.7197476332520839,0.9074342846870422,future,0.8,579,,fast_20
809,0.7192610187633723,0.9074230194091797,future,0.8,579,,fast_20
810,0.7188811706466784,0.9074119329452515,future,0.8,579,,fast_20
811,0.7188416046357321,0.9074008464813232,future,0.8,579,,fast_20
812,0.7180392653769434,0.9073898196220398,future,0.8,579,,fast_20
813,0.7173061241683332,0.9073787927627563,future,0.8,579,,fast_20
814,0.7168419204702888,0.9073678851127625,future,0.8,579,,fast_20
815,0.716203218765835,0.9073569774627686,future,0.8,579,,fast_20
816,0.7165814410314593,0.9073461294174194,future,0.8,579,,fast_20
817,0.7187536960551172,0.9073354005813599,future,0.8,579,,fast_20
818,0.7215020379360031,0.9073246717453003,future,0.8,579,,fast_20
819,0.7240987433982993,0.9073139429092407,future,0.8,579,,fast_20
820,0.7251867980203686,0.9073033332824707,future,0.8,579,,fast_20
821,0.7258855283416425,0.9072927236557007,future,0.8,579,,fast_20
822,0.7258146450361019,0.9072821736335754,future,0.8,579,,fast_20
823,0.7254369432167487,0.9072717428207397,future,0.8,579,,fast_20
824,0.725322454530416,0.907261312007904,future,0.8,579,,fast_20
825,0.7262490429023306,0.9072509407997131,future,0.8,579,,fast_20
826,0.72688886546752,0.907240629196167,future,0.8,579,,fast_20
827,0.7260331312555276,0.9072303175926208,future,0.8,579,,fast_20
828,0.7241866518545386,0.9072201251983643,future,0.8,579,,fast_20
829,0.7230479541066872,0.9072099924087524,future,0.8,579,,fast_20
830,0.7219363564446741,0.9071998596191406,future,0.8,579,,fast_20
831,0.7208478212408147,0.9071897864341736,future,0.8,579,,fast_20
832,0.720062241046368,0.9071797728538513,future,0.8,579,,fast_20
833,0.7195375643356724,0.9071698188781738,future,0.8,579,,fast_20
834,0.7192808855281114,0.9071599245071411,future,0.8,579,,fast_20
835,0.7194950766215533,0.9071499109268188,future,0.8,579,,fast_20
836,0.7179566003814715,0.9071400165557861,future,0.8,579,,fast_20
837,0.7169412111521808,0.9071303009986877,future,0.8,579,,fast_20
838,0.716442872010641,0.9071205258369446,future,0.8,579,,fast_20
839,0.7155712814617379,0.9071108102798462,future,0.8,579,,fast_20
840,0.7147895082130966,0.9071010947227478,future,0.8,579,,fast_20
841,0.71678263208838,0.907091498374939,future,0.8,579,,fast_20
842,0.7177571505231229,0.9070820212364197,future,0.8,579,,fast_20
843,0.7175696384323839,0.9070724844932556,future,0.8,579,,fast_20
844,0.7170041623094254,0.9070630073547363,future,0.8,579,,fast_20
845,0.7166592465879263,0.907053530216217,future,0.8,579,,fast_20
846,0.7162778003923279,0.9070441722869873,future,0.8,579,,fast_20
847,0.7157832178331363,0.9070348739624023,future,0.8,579,,fast_20
848,0.7168204769503029,0.9070255756378174,future,0.8,579,,fast_20
849,0.71743413814741,0.9070162773132324,future,0.8,579,,fast_20
850,0.715847555898268,0.907007098197937,future,0.8,579,,fast_20
851,0.71497708988692,0.9069979786872864,future,0.8,579,,fast_20
852,0.7140785163243315,0.9069888591766357,future,0.8,579,,fast_20
853,0.7104643671495108,0.9069797992706299,future,0.8,579,,fast_20
854,0.7091306841300173,0.9069707989692688,future,0.8,579,,fast_20
855,0.7086413945540924,0.9069617986679077,future,0.8,579,,fast_20
856,0.7103471926016194,0.9069528579711914,future,0.8,579,,fast_20
857,0.71139984688474,0.9069439172744751,future,0.8,579,,fast_20
858,0.7110526211734604,0.9069350957870483,future,0.8,579,,fast_20
859,0.7082053781196215,0.9069262742996216,future,0.8,579,,fast_20
860,0.7069369314060262,0.9069174528121948,future,0.8,579,,fast_20
861,0.7056669024755075,0.9069087505340576,future,0.8,579,,fast_20
862,0.7064455471108131,0.90690016746521,future,0.8,579,,fast_20
863,0.7087177102145636,0.9068914651870728,future,0.8,579,,fast_20
864,0.7089445155777429,0.9068828225135803,future,0.8,579,,fast_20
865,0.7168652853664506,0.9068741798400879,future,0.8,579,,fast_20
866,0.7169926327995295,0.9068657755851746,future,0.8,579,,fast_20
867,0.7171257383857448,0.9068571925163269,future,0.8,579,,fast_20
868,0.7168981281244866,0.9068487882614136,future,0.8,579,,fast_20
869,0.7163345101869857,0.9068403840065002,future,0.8,579,,fast_20
870,0.715589776018127,0.9068320989608765,future,0.8,579,,fast_20
871,0.717228755268835,0.9068237543106079,future,0.8,579,,fast_20
872,0.716255726488,0.9068154692649841,future,0.8,579,,fast_20
873,0.7138309810916947,0.9068072438240051,future,0.8,579,,fast_20
874,0.7122571924371301,0.9067989587783813,future,0.8,579,,fast_20
875,0.7108933810570282,0.9067908525466919,future,0.8,579,,fast_20
876,0.7095899926741773,0.9067827463150024,future,0.8,579,,fast_20
877,0.7087868596121587,0.906774640083313,future,0.8,579,,fast_20
878,0.7079570067188153,0.9067665338516235,future,0.8,579,,fast_20
879,0.7073751770716415,0.9067586660385132,future,0.8,579,,fast_20
880,0.7064319006502879,0.9067506790161133,future,0.8,579,,fast_20
881,0.7051814975078544,0.9067427515983582,future,0.8,579,,fast_20
882,0.7012421440043222,0.906734824180603,future,0.8,579,,fast_20
883,0.6989484070653108,0.9067270159721375,future,0.8,579,,fast_20
884,0.6974607043180573,0.9067190885543823,future,0.8,579,,fast_20
885,0.696750808955284,0.9067113399505615,future,0.8,579,,fast_20
886,0.6962399005001461,0.9067036509513855,future,0.8,579,,fast_20
887,0.698003056479356,0.9066959619522095,future,0.8,579,,fast_20
888,0.6978362292374235,0.9066883325576782,future,0.8,579,,fast_20
889,0.697750647403338,0.9066805839538574,future,0.8,579,,fast_20
890,0.6930577175540452,0.9066730737686157,future,0.8,579,,fast_20
891,0.6940231984338437,0.9066655039787292,future,0.8,579,,fast_20
892,0.6934351266197314,0.906657874584198,future,0.8,579,,fast_20
893,0.6949158037573971,0.9066504836082458,future,0.8,579,,fast_20
894,0.6965335000779755,0.9066430330276489,future,0.8,579,,fast_20
895,0.6963292537391285,0.906635582447052,future,0.8,579,,fast_20
896,0.694163685999784,0.9066282510757446,future,0.8,579,,fast_20
897,0.6921398906464216,0.9066209197044373,future,0.8,579,,fast_20
898,0.6904552418648314,0.9066135287284851,future,0.8,579,,fast_20
899,0.688956212188811,0.9066063165664673,future,0.8,579,,fast_20
900,0.6873370023747968,0.9065991044044495,future,0.8,579,,fast_20
901,0.6872067713652793,0.9065918326377869,future,0.8,579,,fast_20
902,0.6885875891360963,0.9065846800804138,future,0.8,579,,fast_20
903,0.6877177986235369,0.906577467918396,future,0.8,579,,fast_20
904,0.6869391187697487,0.9065704345703125,future,0.8,579,,fast_20
905,0.6843023886977881,0.9065633416175842,future,0.8,579,,fast_20
906,0.6825793521806608,0.906556248664856,future,0.8,579,,fast_20
907,0.6843031806142214,0.906549334526062,future,0.8,579,,fast_20
908,0.6856575560459527,0.9065423011779785,future,0.8,579,,fast_20
909,0.6904665253797351,0.9065353870391846,future,0.8,579,,fast_20
910,0.6899363190496905,0.9065284729003906,future,0.8,579,,fast_20
911,0.6899639554377798,0.9065216183662415,future,0.8,579,,fast_20
912,0.6896959897737912,0.9065148234367371,future,0.8,579,,fast_20
913,0.6893832450633206,0.9065079689025879,future,0.8,579,,fast_20
914,0.6882758886305533,0.9065011739730835,future,0.8,579,,fast_20
915,0.689811999094377,0.9064944982528687,future,0.8,579,,fast_20
916,0.6882047401586866,0.9064878225326538,future,0.8,579,,fast_20
917,0.688768727887652,0.906481146812439,future,0.8,579,,fast_20
918,0.6854640526523373,0.9064744710922241,future,0.8,579,,fast_20
919,0.6841200089978406,0.9064679145812988,future,0.8,579,,fast_20
920,0.6829031395612353,0.9064613580703735,future,0.8,579,,fast_20
921,0.6815851505289084,0.9064547419548035,future,0.8,579,,fast_20
922,0.6823566619262204,0.9064481258392334,future,0.8,579,,fast_20
923,0.6832616348481033,0.9064416885375977,future,0.8,579,,fast_20
924,0.6832849466823419,0.9064352512359619,future,0.8,579,,fast_20
925,0.6799350649788387,0.9064289331436157,future,0.8,579,,fast_20
926,0.6810399176242989,0.90642249584198,future,0.8,579,,fast_20
927,0.6805051011799571,0.906416118144989,future,0.8,579,,fast_20
928,0.6799989654808883,0.9064098000526428,future,0.8,579,,fast_20
929,0.6806335937784592,0.9064034819602966,future,0.8,579,,fast_20
930,0.6821739129968328,0.9063972234725952,future,0.8,579,,fast_20
931,0.6839014325700361,0.906390905380249,future,0.8,579,,fast_20
932,0.6820939168568207,0.9063847064971924,future,0.8,579,,fast_20
933,0.6799865941166396,0.9063785076141357,future,0.8,579,,fast_20
934,0.6783726450443127,0.9063724279403687,future,0.8,579,,fast_20
935,0.6748738974948372,0.9063663482666016,future,0.8,579,,fast_20
936,0.6720687961027435,0.9063602685928345,future,0.8,579,,fast_20
937,0.6708370424098599,0.9063541889190674,future,0.8,579,,fast_20
938,0.6734609909860491,0.9063481688499451,future,0.8,579,,fast_20
939,0.6733700758431322,0.9063421487808228,future,0.8,579,,fast_20
940,0.6754252308482692,0.9063361287117004,future,0.8,579,,fast_20
941,0.6720880192866548,0.9063302278518677,future,0.8,579,,fast_20
942,0.6682154523039548,0.9063243269920349,future,0.8,579,,fast_20
943,0.6671609676512928,0.9063183665275574,future,0.8,579,,fast_20
944,0.6633483396576735,0.9063125252723694,future,0.8,579,,fast_20
945,0.6664143000741843,0.9063067436218262,future,0.8,579,,fast_20
946,0.6714204261477926,0.9063009023666382,future,0.8,579,,fast_20
947,0.6706936186611585,0.9062950015068054,future,0.8,579,,fast_20
948,0.6703484397443459,0.906289279460907,future,0.8,579,,fast_20
949,0.6686634866885113,0.9062835574150085,future,0.8,579,,fast_20
950,0.665275969501393,0.9062778949737549,future,0.8,579,,fast_20
951,0.6630756816609984,0.906272292137146,future,0.8,579,,fast_20
952,0.6619638387602343,0.9062666296958923,future,0.8,579,,fast_20
953,0.6702675678536875,0.9062610268592834,future,0.8,579,,fast_20
954,0.6682880748995313,0.9062553644180298,future,0.8,579,,fast_20
955,0.6662522460845133,0.9062498211860657,future,0.8,579,,fast_20
956,0.6643320249277501,0.9062442183494568,future,0.8,579,,fast_20
957,0.6635160227285992,0.9062387943267822,future,0.8,579,,fast_20
958,0.6651164194950682,0.9062333106994629,future,0.8,579,,fast_20
959,0.6689441703315503,0.9062278270721436,future,0.8,579,,fast_20
960,0.6689666999641695,0.906222403049469,future,0.8,579,,fast_20
961,0.6692383864651319,0.9062169194221497,future,0.8,579,,fast_20
962,0.6663232423528651,0.9062116146087646,future,0.8,579,,fast_20
963,0.6651202559297149,0.9062061905860901,future,0.8,579,,fast_20
964,0.6643745364185636,0.9062008857727051,future,0.8,579,,fast_20
965,0.664088259444321,0.9061956405639648,future,0.8,579,,fast_20
966,0.6640810536896437,0.9061903357505798,future,0.8,579,,fast_20
967,0.6665084886650753,0.9061850905418396,future,0.8,579,,fast_20
968,0.665531853754363,0.9061799049377441,future,0.8,579,,fast_20
969,0.6652858738888094,0.9061746597290039,future,0.8,579,,fast_20
970,0.6615442702402499,0.9061694741249084,future,0.8,579,,fast_20
971,0.6613081535436994,0.9061643481254578,future,0.8,579,,fast_20
972,0.6596217066462307,0.9061592221260071,future,0.8,579,,fast_20
973,0.6581449005126053,0.9061541557312012,future,0.8,579,,fast_20
974,0.6584932484831537,0.9061490297317505,future,0.8,579,,fast_20
975,0.6595145084551431,0.9061440229415894,future,0.8,579,,fast_20
976,0.658124387070892,0.906139075756073,future,0.8,579,,fast_20
977,0.6568064820137857,0.9061341285705566,future,0.8,579,,fast_20
978,0.6529528985642957,0.9061290621757507,future,0.8,579,,fast_20
979,0.6508689132035901,0.9061241745948792,future,0.8,579,,fast_20
980,0.6463793760448722,0.9061192274093628,future,0.8,579,,fast_20
981,0.644364628087351,0.9061142206192017,future,0.8,579,,fast_20
982,0.6426248993065783,0.9061094522476196,future,0.8,579,,fast_20
983,0.6458802590025118,0.906104564666748,future,0.8,579,,fast_20
984,0.6460343735433346,0.9060996770858765,future,0.8,579,,fast_20
985,0.6464728902907058,0.9060949087142944,future,0.8,579,,fast_20
986,0.6463744970504506,0.9060900807380676,future,0.8,579,,fast_20
987,0.6453534026324738,0.9060852527618408,future,0.8,579,,fast_20
988,0.6440257109697148,0.9060805439949036,future,0.8,579,,fast_20
989,0.6419387399411418,0.9060758352279663,future,0.8,579,,fast_20
990,0.6516000730339937,0.9060710668563843,future,0.8,579,,fast_20
991,0.6471437394972522,0.9060664176940918,future,0.8,579,,fast_20
992,0.6445500284571181,0.9060617685317993,future,0.8,579,,fast_20
993,0.6447813394501901,0.9060571193695068,future,0.8,579,,fast_20
994,0.6495046278620923,0.9060524702072144,future,0.8,579,,fast_20
995,0.6508240157076274,0.9060478806495667,future,0.8,579,,fast_20
996,0.6497819418057701,0.906043291091919,future,0.8,579,,fast_20
997,0.6475269328497848,0.906038761138916,future,0.8,579,,fast_20
998,0.6457314117880542,0.9060341715812683,future,0.8,579,,fast_20
999,0.6439062385522473,0.9060297012329102,future,0.8,579,,fast_20
1000,0.6430253530935996,0.906025230884552,future,0.8,579,,fast_20
1001,0.6450675408629724,0.9060207605361938,future,0.8,579,,fast_20
1002,0.6467936266979261,0.9060163497924805,future,0.8,579,,fast_20
1003,0.6459046365199529,0.9060119390487671,future,0.8,579,,fast_20
1004,0.6462487654753516,0.9060075283050537,future,0.8,579,,fast_20
1005,0.6433987021612937,0.9060032367706299,future,0.8,579,,fast_20
1006,0.6418636778909195,0.9059988260269165,future,0.8,579,,fast_20
1007,0.6405990502823877,0.9059944748878479,future,0.8,579,,fast_20
1008,0.6393765475702903,0.9059901833534241,future,0.8,579,,fast_20
1009,0.6373538210585871,0.9059858918190002,future,0.8,579,,fast_20
1010,0.6395755888122879,0.9059816002845764,future,0.8,579,,fast_20
1011,0.6400165259927842,0.9059773683547974,future,0.8,579,,fast_20
1012,0.63948374134118,0.9059731364250183,future,0.8,579,,fast_20
1013,0.6386177289918716,0.9059689044952393,future,0.8,579,,fast_20
1014,0.6361181300314515,0.905964732170105,future,0.8,579,,fast_20
1015,0.6348197328176182,0.9059605598449707,future,0.8,579,,fast_20
1016,0.6354157097897836,0.9059563875198364,future,0.8,579,,fast_20
1017,0.6363987558230356,0.9059522747993469,future,0.8,579,,fast_20
1018,0.655682730852744,0.9059481620788574,future,0.8,579,,fast_20
1019,0.6547197391200325,0.9059441089630127,future,0.8,579,,fast_20
1020,0.6529142967846943,0.905940055847168,future,0.8,579,,fast_20
1021,0.652337308271153,0.9059360027313232,future,0.8,579,,fast_20
1022,0.6511823562783853,0.9059319496154785,future,0.8,579,,fast_20
1023,0.6507145088047036,0.9059279561042786,future,0.8,579,,fast_20
1024,0.6509121856446701,0.9059239029884338,future,0.8,579,,fast_20
1025,0.6511069649796442,0.9059199690818787,future,0.8,579,,fast_20
1026,0.6503997071552555,0.9059160351753235,future,0.8,579,,fast_20
1027,0.6498773079096821,0.9059121608734131,future,0.8,579,,fast_20
1028,0.6470487739410724,0.9059082269668579,future,0.8,579,,fast_20
1029,0.6554190605222942,0.9059043526649475,future,0.8,579,,fast_20
1030,0.6539047441512366,0.9059004783630371,future,0.8,579,,fast_20
1031,0.6514641006705415,0.9058966040611267,future,0.8,579,,fast_20
1032,0.6487006421858875,0.9058927297592163,future,0.8,579,,fast_20
1033,0.6506982165512237,0.9058889150619507,future,0.8,579,,fast_20
1034,0.6509049550688447,0.9058851003646851,future,0.8,579,,fast_20
1035,0.6511289667866414,0.9058812856674194,future,0.8,579,,fast_20
1036,0.647552103822452,0.9058774709701538,future,0.8,579,,fast_20
1037,0.6448544569139503,0.905873715877533,future,0.8,579,,fast_20
1038,0.6430382659597998,0.9058700203895569,future,0.8,579,,fast_20
1039,0.6410635029971241,0.905866265296936,future,0.8,579,,fast_20
1040,0.6375360670343841,0.90586256980896,future,0.8,579,,fast_20
1041,0.6360972373294536,0.9058588743209839,future,0.8,579,,fast_20
1042,0.636135253006075,0.9058552384376526,future,0.8,579,,fast_20
1043,0.6369265184593248,0.9058515429496765,future,0.8,579,,fast_20
1044,0.6362878120873584,0.9058479070663452,future,0.8,579,,fast_20
1045,0.6330648472145609,0.9058442711830139,future,0.8,579,,fast_20
1046,0.6280156937266375,0.9058407545089722,future,0.8,579,,fast_20
1047,0.624088213064076,0.9058371782302856,future,0.8,579,,fast_20
1048,0.6215057979224874,0.9058336019515991,future,0.8,579,,fast_20
1049,0.6232995995252529,0.9058300256729126,future,0.8,579,,fast_20
1050,0.6258942425615712,0.9058265686035156,future,0.8,579,,fast_20
1051,0.6229734269728079,0.9058230519294739,future,0.8,579,,fast_20
1052,0.6203958789534024,0.9058195352554321,future,0.8,579,,fast_20
1053,0.6182036971596703,0.9058160185813904,future,0.8,579,,fast_20
1054,0.6168003496443732,0.9058125019073486,future,0.8,579,,fast_20
1055,0.6151249209121527,0.9058090448379517,future,0.8,579,,fast_20
1056,0.6140316966258124,0.9058056473731995,future,0.8,579,,fast_20
1057,0.6148377924341486,0.9058022499084473,future,0.8,579,,fast_20
1058,0.6147890171868834,0.9057988524436951,future,0.8,579,,fast_20
1059,0.6151467217888132,0.9057955145835876,future,0.8,579,,fast_20
1060,0.6130857331479727,0.9057921767234802,future,0.8,579,,fast_20
1061,0.6095318733238945,0.9057888388633728,future,0.8,579,,fast_20
1062,0.6091261791665702,0.9057855010032654,future,0.8,579,,fast_20
1063,0.607774179863525,0.905782163143158,future,0.8,579,,fast_20
1064,0.6070476341828905,0.9057788252830505,future,0.8,579,,fast_20
1065,0.607231818888235,0.9057755470275879,future,0.8,579,,fast_20
1066,0.6071966994035293,0.90577232837677,future,0.8,579,,fast_20
1067,0.6138355389673074,0.9057690501213074,future,0.8,579,,fast_20
1068,0.6127050034020365,0.9057657718658447,future,0.8,579,,fast_20
1069,0.6116075246297319,0.9057626128196716,future,0.8,579,,fast_20
1070,0.6088560230183551,0.9057594537734985,future,0.8,579,,fast_20
1071,0.6091759146498367,0.9057562351226807,future,0.8,579,,fast_20
1072,0.6088488299119622,0.9057530164718628,future,0.8,579,,fast_20
