cycle,observed_soh,predicted_soh,split,eol_threshold,mode
1,0.9995496399535674,0.9995496399535674,support,0.7,complete_oracle_diagnostic
2,0.9976789637446887,0.9976789637446887,support,0.7,complete_oracle_diagnostic
3,0.9952212983377051,0.9952212983377051,support,0.7,complete_oracle_diagnostic
4,0.9929975270307863,0.9929975270307863,support,0.7,complete_oracle_diagnostic
5,0.9972642133804093,0.9972642133804093,support,0.7,complete_oracle_diagnostic
6,0.9974365044020179,0.9974365044020179,support,0.7,complete_oracle_diagnostic
7,0.9910828902556466,0.9910828902556466,support,0.7,complete_oracle_diagnostic
8,0.9886772280369084,0.9886772280369084,support,0.7,complete_oracle_diagnostic
9,0.987248602435169,0.987248602435169,support,0.7,complete_oracle_diagnostic
10,0.985768244844094,0.985768244844094,support,0.7,complete_oracle_diagnostic
11,0.9878613066496813,0.9878613066496813,support,0.7,complete_oracle_diagnostic
12,0.9831991928600963,0.9831991928600963,support,0.7,complete_oracle_diagnostic
13,0.9817436380049386,0.9817436380049386,support,0.7,complete_oracle_diagnostic
14,0.9807419170479028,0.9807419170479028,support,0.7,complete_oracle_diagnostic
15,0.9791754332890774,0.9791754332890774,support,0.7,complete_oracle_diagnostic
16,0.9821162422660534,0.9821162422660534,support,0.7,complete_oracle_diagnostic
17,0.9837343514519153,0.9837343514519153,support,0.7,complete_oracle_diagnostic
18,0.9839983331920062,0.9839983331920062,support,0.7,complete_oracle_diagnostic
19,0.9839841710987536,0.9839841710987536,support,0.7,complete_oracle_diagnostic
20,0.9839509887563248,0.9839509887563248,support,0.7,complete_oracle_diagnostic
21,0.983860641445913,0.983860641445913,support,0.7,complete_oracle_diagnostic
22,0.9837797440643042,0.9837797440643042,support,0.7,complete_oracle_diagnostic
23,0.9834495957282271,0.9834495957282271,support,0.7,complete_oracle_diagnostic
24,0.9830167980854955,0.9830167980854955,support,0.7,complete_oracle_diagnostic
25,0.9827742719609278,0.9827742719609278,support,0.7,complete_oracle_diagnostic
26,0.9823150050185455,0.9823150050185455,support,0.7,complete_oracle_diagnostic
27,0.9819675494472448,0.9819675494472448,support,0.7,complete_oracle_diagnostic
28,0.981831759275327,0.981831759275327,support,0.7,complete_oracle_diagnostic
29,0.9814587528211294,0.9814587528211294,support,0.7,complete_oracle_diagnostic
30,0.9809595032895359,0.9809595032895359,support,0.7,complete_oracle_diagnostic
31,0.9805599394209596,0.9805599394209596,support,0.7,complete_oracle_diagnostic
32,0.9731898929346662,0.9731898929346662,support,0.7,complete_oracle_diagnostic
33,0.9702908250175576,0.9702908250175576,support,0.7,complete_oracle_diagnostic
34,0.9690908532719316,0.9690908532719316,support,0.7,complete_oracle_diagnostic
35,0.9694391917643669,0.9694391917643669,support,0.7,complete_oracle_diagnostic
36,0.9733381936330552,0.9733381936330552,support,0.7,complete_oracle_diagnostic
37,0.973878733630242,0.973878733630242,support,0.7,complete_oracle_diagnostic
38,0.9681062363303972,0.9681062363303972,support,0.7,complete_oracle_diagnostic
39,0.9737993542356475,0.9737993542356475,support,0.7,complete_oracle_diagnostic
40,0.972454836353292,0.972454836353292,support,0.7,complete_oracle_diagnostic
41,0.9692812236347258,0.9692812236347258,support,0.7,complete_oracle_diagnostic
42,0.9666327950645431,0.9666327950645431,support,0.7,complete_oracle_diagnostic
43,0.9654996002118159,0.9654996002118159,support,0.7,complete_oracle_diagnostic
44,0.9637953066152559,0.9637953066152559,support,0.7,complete_oracle_diagnostic
45,0.9610940894008009,0.9610940894008009,support,0.7,complete_oracle_diagnostic
46,0.9617115398419284,0.9617115398419284,support,0.7,complete_oracle_diagnostic
47,0.9609775402230157,0.9609775402230157,support,0.7,complete_oracle_diagnostic
48,0.9572298730056903,0.9572298730056903,support,0.7,complete_oracle_diagnostic
49,0.9566705794867892,0.9566705794867892,support,0.7,complete_oracle_diagnostic
50,0.9558823033413679,0.9558823033413679,support,0.7,complete_oracle_diagnostic
51,0.9536829707047919,0.9536829707047919,support,0.7,complete_oracle_diagnostic
52,0.9553383576417451,0.9553383576417451,support,0.7,complete_oracle_diagnostic
53,0.9545213197293787,0.9545213197293787,support,0.7,complete_oracle_diagnostic
54,0.9536340729699716,0.9536340729699716,support,0.7,complete_oracle_diagnostic
55,0.9527548848728112,0.9527548848728112,support,0.7,complete_oracle_diagnostic
56,0.9520975045536982,0.9520975045536982,support,0.7,complete_oracle_diagnostic
57,0.951796543912764,0.951796543912764,support,0.7,complete_oracle_diagnostic
58,0.9506208983739973,0.9506208983739973,support,0.7,complete_oracle_diagnostic
59,0.9497550096829799,0.9497550096829799,support,0.7,complete_oracle_diagnostic
60,0.948926649629226,0.948926649629226,support,0.7,complete_oracle_diagnostic
61,0.9481209795516559,0.9481209795516559,support,0.7,complete_oracle_diagnostic
62,0.9474250713688909,0.9474250713688909,support,0.7,complete_oracle_diagnostic
63,0.9468119654266661,0.9468119654266661,support,0.7,complete_oracle_diagnostic
64,0.9465752906040366,0.9465752906040366,support,0.7,complete_oracle_diagnostic
65,0.9454458226754714,0.9454458226754714,support,0.7,complete_oracle_diagnostic
66,0.9447470841573122,0.9447470841573122,support,0.7,complete_oracle_diagnostic
67,0.9428142291021242,0.9428142291021242,support,0.7,complete_oracle_diagnostic
68,0.9388076067206661,0.9388076067206661,support,0.7,complete_oracle_diagnostic
69,0.9377109337431488,0.9377109337431488,support,0.7,complete_oracle_diagnostic
70,0.9366232794470286,0.9366232794470286,support,0.7,complete_oracle_diagnostic
71,0.9381053761534761,0.9381053761534761,support,0.7,complete_oracle_diagnostic
72,0.9398297972928179,0.9398297972928179,support,0.7,complete_oracle_diagnostic
73,0.9395024308131368,0.9395024308131368,support,0.7,complete_oracle_diagnostic
74,0.943850808843169,0.943850808843169,support,0.7,complete_oracle_diagnostic
75,0.9398392690150686,0.9398392690150686,support,0.7,complete_oracle_diagnostic
76,0.9387320476436074,0.9387320476436074,support,0.7,complete_oracle_diagnostic
77,0.9387589113404409,0.9387589113404409,support,0.7,complete_oracle_diagnostic
78,0.937091331284837,0.937091331284837,support,0.7,complete_oracle_diagnostic
79,0.9358876344873251,0.9358876344873251,support,0.7,complete_oracle_diagnostic
80,0.9405540690394028,0.9405540690394028,support,0.7,complete_oracle_diagnostic
81,0.941069306093651,0.941069306093651,support,0.7,complete_oracle_diagnostic
82,0.9341042429828383,0.9341042429828383,support,0.7,complete_oracle_diagnostic
83,0.9331922462824943,0.9331922462824943,support,0.7,complete_oracle_diagnostic
84,0.9328178085833784,0.9328178085833784,support,0.7,complete_oracle_diagnostic
85,0.9311180077538254,0.9311180077538254,support,0.7,complete_oracle_diagnostic
86,0.9311415219052493,0.9311415219052493,support,0.7,complete_oracle_diagnostic
87,0.935694930274207,0.935694930274207,support,0.7,complete_oracle_diagnostic
88,0.9363797462992012,0.9363797462992012,support,0.7,complete_oracle_diagnostic
89,0.9284550061089606,0.9284550061089606,support,0.7,complete_oracle_diagnostic
90,0.927658801692943,0.927658801692943,support,0.7,complete_oracle_diagnostic
91,0.927631149596547,0.927631149596547,support,0.7,complete_oracle_diagnostic
92,0.9277180720172042,0.9277180720172042,support,0.7,complete_oracle_diagnostic
93,0.9304052802786243,0.9304052802786243,support,0.7,complete_oracle_diagnostic
94,0.9308594373293428,0.9308594373293428,support,0.7,complete_oracle_diagnostic
95,0.9323114426853694,0.9323114426853694,support,0.7,complete_oracle_diagnostic
96,0.9329081892112363,0.9329081892112363,support,0.7,complete_oracle_diagnostic
97,0.9333268482984668,0.9333268482984668,support,0.7,complete_oracle_diagnostic
98,0.9336699764453095,0.9336699764453095,support,0.7,complete_oracle_diagnostic
99,0.934256060038875,0.934256060038875,support,0.7,complete_oracle_diagnostic
100,0.9341749785387575,0.9341749785387575,support,0.7,complete_oracle_diagnostic
101,0.934333656121887,0.934333656121887,support,0.7,complete_oracle_diagnostic
102,0.9344040916537963,0.9344040916537963,support,0.7,complete_oracle_diagnostic
103,0.9343748305861409,0.9343748305861409,support,0.7,complete_oracle_diagnostic
104,0.9343961736248062,0.9343961736248062,support,0.7,complete_oracle_diagnostic
105,0.9343686755225934,0.9343686755225934,support,0.7,complete_oracle_diagnostic
106,0.9343246232606991,0.9343246232606991,support,0.7,complete_oracle_diagnostic
107,0.9342678082411172,0.9342678082411172,support,0.7,complete_oracle_diagnostic
108,0.9312937660721203,0.9312937660721203,support,0.7,complete_oracle_diagnostic
109,0.9270957105151141,0.9270957105151141,support,0.7,complete_oracle_diagnostic
110,0.9279648516831727,0.9279648516831727,support,0.7,complete_oracle_diagnostic
111,0.9323688897865975,0.9323688897865975,support,0.7,complete_oracle_diagnostic
112,0.9309836228749199,0.9309836228749199,support,0.7,complete_oracle_diagnostic
113,0.9297556575294509,0.9297556575294509,support,0.7,complete_oracle_diagnostic
114,0.9293619538253243,0.9293619538253243,support,0.7,complete_oracle_diagnostic
115,0.925199314830448,0.925199314830448,support,0.7,complete_oracle_diagnostic
116,0.9244403662548185,0.9244403662548185,support,0.7,complete_oracle_diagnostic
117,0.9243142331907669,0.9243142331907669,support,0.7,complete_oracle_diagnostic
118,0.9245345535841977,0.9245345535841977,support,0.7,complete_oracle_diagnostic
119,0.9277223249289177,0.9277223249289177,support,0.7,complete_oracle_diagnostic
120,0.9281368138315153,0.9281368138315153,support,0.7,complete_oracle_diagnostic
121,0.9281764692132983,0.9281764692132983,support,0.7,complete_oracle_diagnostic
122,0.9280468956665938,0.9280468956665938,support,0.7,complete_oracle_diagnostic
123,0.9282787636405467,0.9282787636405467,support,0.7,complete_oracle_diagnostic
124,0.9283830878043191,0.9283830878043191,support,0.7,complete_oracle_diagnostic
125,0.9284497052325127,0.9284497052325127,support,0.7,complete_oracle_diagnostic
126,0.9281395762653901,0.9281395762653901,support,0.7,complete_oracle_diagnostic
127,0.9277227336697376,0.9277227336697376,support,0.7,complete_oracle_diagnostic
128,0.9274382563529608,0.9274382563529608,support,0.7,complete_oracle_diagnostic
129,0.9272582945270256,0.9272582945270256,support,0.7,complete_oracle_diagnostic
130,0.9271351401520416,0.9271351401520416,support,0.7,complete_oracle_diagnostic
131,0.9270452459064507,0.9270452459064507,support,0.7,complete_oracle_diagnostic
132,0.9271179457950514,0.9271179457950514,support,0.7,complete_oracle_diagnostic
133,0.9277082746498483,0.9277082746498483,support,0.7,complete_oracle_diagnostic
134,0.9262048605068471,0.9262048605068471,support,0.7,complete_oracle_diagnostic
135,0.9167361762762737,0.9167361762762737,support,0.7,complete_oracle_diagnostic
136,0.9161654836838129,0.9161654836838129,support,0.7,complete_oracle_diagnostic
137,0.914416553311592,0.914416553311592,support,0.7,complete_oracle_diagnostic
138,0.9126822270415558,0.9126822270415558,support,0.7,complete_oracle_diagnostic
139,0.9161667518926702,0.9161667518926702,support,0.7,complete_oracle_diagnostic
140,0.9191638327211149,0.9191638327211149,support,0.7,complete_oracle_diagnostic
141,0.9186045231923038,0.9186045231923038,support,0.7,complete_oracle_diagnostic
142,0.9096133946906942,0.9096133946906942,support,0.7,complete_oracle_diagnostic
143,0.9097702776321842,0.9097702776321842,support,0.7,complete_oracle_diagnostic
144,0.9091434779423294,0.9091434779423294,support,0.7,complete_oracle_diagnostic
145,0.9117552191570311,0.9117552191570311,support,0.7,complete_oracle_diagnostic
146,0.9148847395573236,0.9148847395573236,support,0.7,complete_oracle_diagnostic
147,0.9145734862446011,0.9145734862446011,support,0.7,complete_oracle_diagnostic
148,0.9250331686159934,0.9250331686159934,support,0.7,complete_oracle_diagnostic
149,0.9290055413951053,0.9290055413951053,support,0.7,complete_oracle_diagnostic
150,0.9222268988712115,0.9222268988712115,support,0.7,complete_oracle_diagnostic
151,0.9226256021694671,0.9226256021694671,support,0.7,complete_oracle_diagnostic
152,0.927307938825133,0.927307938825133,support,0.7,complete_oracle_diagnostic
153,0.9290547734274794,0.9290547734274794,support,0.7,complete_oracle_diagnostic
154,0.9283628357057578,0.9283628357057578,support,0.7,complete_oracle_diagnostic
155,0.9278862278555878,0.9278862278555878,support,0.7,complete_oracle_diagnostic
156,0.9276019666216133,0.9276019666216133,support,0.7,complete_oracle_diagnostic
157,0.927252052927036,0.927252052927036,support,0.7,complete_oracle_diagnostic
158,0.9268790578683067,0.9268790578683067,support,0.7,complete_oracle_diagnostic
159,0.9271504192599394,0.9271504192599394,support,0.7,complete_oracle_diagnostic
160,0.9267678672386932,0.9267678672386932,support,0.7,complete_oracle_diagnostic
161,0.9262800965560222,0.9262800965560222,support,0.7,complete_oracle_diagnostic
162,0.9258674452330661,0.9258674452330661,support,0.7,complete_oracle_diagnostic
163,0.9254273052581391,0.9254273052581391,support,0.7,complete_oracle_diagnostic
164,0.9251467984001296,0.9251467984001296,support,0.7,complete_oracle_diagnostic
165,0.9248838022970819,0.9248838022970819,support,0.7,complete_oracle_diagnostic
166,0.9247015550805275,0.9247015550805275,support,0.7,complete_oracle_diagnostic
167,0.9241748595833894,0.9241748595833894,support,0.7,complete_oracle_diagnostic
168,0.9237833818314539,0.9237833818314539,support,0.7,complete_oracle_diagnostic
169,0.9234732909238134,0.9234732909238134,support,0.7,complete_oracle_diagnostic
170,0.9197961244877381,0.9197961244877381,support,0.7,complete_oracle_diagnostic
171,0.9127410335667909,0.9127410335667909,support,0.7,complete_oracle_diagnostic
172,0.9123598531903753,0.9123598531903753,support,0.7,complete_oracle_diagnostic
173,0.9100866987009719,0.9100866987009719,support,0.7,complete_oracle_diagnostic
174,0.908047177395601,0.908047177395601,support,0.7,complete_oracle_diagnostic
175,0.9132103598331304,0.9132103598331304,support,0.7,complete_oracle_diagnostic
176,0.915462079620673,0.915462079620673,support,0.7,complete_oracle_diagnostic
177,0.9131511347464025,0.9131511347464025,support,0.7,complete_oracle_diagnostic
178,0.9059634966742393,0.9059634966742393,support,0.7,complete_oracle_diagnostic
179,0.9062130115018279,0.9062130115018279,support,0.7,complete_oracle_diagnostic
180,0.9060654150140484,0.9060654150140484,support,0.7,complete_oracle_diagnostic
181,0.9029259276742126,0.9029259276742126,support,0.7,complete_oracle_diagnostic
182,0.9074214449752588,0.9074214449752588,support,0.7,complete_oracle_diagnostic
183,0.9101820787317456,0.9101820787317456,support,0.7,complete_oracle_diagnostic
184,0.9082475603415585,0.9082475603415585,support,0.7,complete_oracle_diagnostic
185,0.9002612943449996,0.9002612943449996,support,0.7,complete_oracle_diagnostic
186,0.9005567241268454,0.9005567241268454,support,0.7,complete_oracle_diagnostic
187,0.8979854989922796,0.8979854989922796,support,0.7,complete_oracle_diagnostic
188,0.902065830248356,0.902065830248356,support,0.7,complete_oracle_diagnostic
189,0.9052766098221134,0.9052766098221134,support,0.7,complete_oracle_diagnostic
190,0.9044399487262893,0.9044399487262893,support,0.7,complete_oracle_diagnostic
191,0.9094161011665574,0.9094161011665574,support,0.7,complete_oracle_diagnostic
192,0.9101605446071459,0.9101605446071459,support,0.7,complete_oracle_diagnostic
193,0.9090898468260628,0.9090898468260628,support,0.7,complete_oracle_diagnostic
194,0.9099312270317923,0.9099312270317923,support,0.7,complete_oracle_diagnostic
195,0.9085677744669,0.9085677744669,support,0.7,complete_oracle_diagnostic
196,0.9072646853002257,0.9072646853002257,support,0.7,complete_oracle_diagnostic
197,0.9114402684346369,0.9114402684346369,support,0.7,complete_oracle_diagnostic
198,0.90469582263715,0.90469582263715,support,0.7,complete_oracle_diagnostic
199,0.904007249897666,0.904007249897666,support,0.7,complete_oracle_diagnostic
200,0.9074474322335873,0.9074474322335873,support,0.7,complete_oracle_diagnostic
201,0.9013150724503941,0.9013150724503941,support,0.7,complete_oracle_diagnostic
202,0.9006530981104803,0.9006530981104803,support,0.7,complete_oracle_diagnostic
203,0.8987114848252548,0.8987114848252548,support,0.7,complete_oracle_diagnostic
204,0.8976650465524573,0.8976650465524573,support,0.7,complete_oracle_diagnostic
205,0.9019764293047503,0.9019764293047503,support,0.7,complete_oracle_diagnostic
206,0.9030065227955961,0.9030065227955961,support,0.7,complete_oracle_diagnostic
207,0.894536155804843,0.894536155804843,support,0.7,complete_oracle_diagnostic
208,0.8959265933619756,0.8959265933619756,support,0.7,complete_oracle_diagnostic
209,0.8970042736225932,0.8970042736225932,support,0.7,complete_oracle_diagnostic
210,0.897481299254274,0.897481299254274,support,0.7,complete_oracle_diagnostic
211,0.897717050685191,0.897717050685191,support,0.7,complete_oracle_diagnostic
212,0.8980778214658109,0.8980778214658109,support,0.7,complete_oracle_diagnostic
213,0.8983711875712206,0.8983711875712206,support,0.7,complete_oracle_diagnostic
214,0.8987744469245678,0.8987744469245678,support,0.7,complete_oracle_diagnostic
215,0.8988998003154139,0.8988998003154139,support,0.7,complete_oracle_diagnostic
216,0.8990907843147854,0.8990907843147854,support,0.7,complete_oracle_diagnostic
217,0.8986614774134496,0.8986614774134496,support,0.7,complete_oracle_diagnostic
218,0.8985295049644779,0.8985295049644779,support,0.7,complete_oracle_diagnostic
219,0.8992684796114293,0.8992684796114293,support,0.7,complete_oracle_diagnostic
220,0.8989824753655722,0.8989824753655722,support,0.7,complete_oracle_diagnostic
221,0.8994001141954352,0.8994001141954352,support,0.7,complete_oracle_diagnostic
222,0.8998249174026893,0.8998249174026893,support,0.7,complete_oracle_diagnostic
223,0.9000306863706887,0.9000306863706887,support,0.7,complete_oracle_diagnostic
224,0.893191678502641,0.893191678502641,support,0.7,complete_oracle_diagnostic
225,0.8863211463479594,0.8863211463479594,support,0.7,complete_oracle_diagnostic
226,0.8852674435824102,0.8852674435824102,support,0.7,complete_oracle_diagnostic
227,0.8832400720896577,0.8832400720896577,support,0.7,complete_oracle_diagnostic
228,0.8899532914283206,0.8899532914283206,support,0.7,complete_oracle_diagnostic
229,0.8894700829661281,0.8894700829661281,support,0.7,complete_oracle_diagnostic
230,0.8815425339839512,0.8815425339839512,support,0.7,complete_oracle_diagnostic
231,0.8816095719702189,0.8816095719702189,support,0.7,complete_oracle_diagnostic
232,0.8813538334622875,0.8813538334622875,support,0.7,complete_oracle_diagnostic
233,0.884274921224228,0.884274921224228,support,0.7,complete_oracle_diagnostic
234,0.8875908984691996,0.8875908984691996,support,0.7,complete_oracle_diagnostic
235,0.8869302159814654,0.8869302159814654,support,0.7,complete_oracle_diagnostic
236,0.8921630762500007,0.8921630762500007,support,0.7,complete_oracle_diagnostic
237,0.8922169692575187,0.8922169692575187,support,0.7,complete_oracle_diagnostic
238,0.8902750589599411,0.8902750589599411,support,0.7,complete_oracle_diagnostic
239,0.8882991758102681,0.8882991758102681,support,0.7,complete_oracle_diagnostic
240,0.8873763254546033,0.8873763254546033,support,0.7,complete_oracle_diagnostic
241,0.8916217621170512,0.8916217621170512,support,0.7,complete_oracle_diagnostic
242,0.8924152987756909,0.8924152987756909,support,0.7,complete_oracle_diagnostic
243,0.8927947617427857,0.8927947617427857,support,0.7,complete_oracle_diagnostic
244,0.8928344935226361,0.8928344935226361,support,0.7,complete_oracle_diagnostic
245,0.8932919877958819,0.8932919877958819,support,0.7,complete_oracle_diagnostic
246,0.8932723308968634,0.8932723308968634,support,0.7,complete_oracle_diagnostic
247,0.8932012525084705,0.8932012525084705,support,0.7,complete_oracle_diagnostic
248,0.8928776373239464,0.8928776373239464,support,0.7,complete_oracle_diagnostic
249,0.8925337339005623,0.8925337339005623,support,0.7,complete_oracle_diagnostic
250,0.8923130206099784,0.8923130206099784,support,0.7,complete_oracle_diagnostic
251,0.8920042722416427,0.8920042722416427,support,0.7,complete_oracle_diagnostic
252,0.8919700341731281,0.8919700341731281,support,0.7,complete_oracle_diagnostic
253,0.891970990018234,0.891970990018234,support,0.7,complete_oracle_diagnostic
254,0.8918628495634646,0.8918628495634646,support,0.7,complete_oracle_diagnostic
255,0.891818031514284,0.891818031514284,support,0.7,complete_oracle_diagnostic
256,0.8885161299588272,0.8885161299588272,support,0.7,complete_oracle_diagnostic
257,0.878659728341571,0.878659728341571,support,0.7,complete_oracle_diagnostic
258,0.8776201968955223,0.8776201968955223,support,0.7,complete_oracle_diagnostic
259,0.8764774954190052,0.8764774954190052,support,0.7,complete_oracle_diagnostic
260,0.8746417035236728,0.8746417035236728,support,0.7,complete_oracle_diagnostic
261,0.8794165056096196,0.8794165056096196,support,0.7,complete_oracle_diagnostic
262,0.8740607162832986,0.8740607162832986,support,0.7,complete_oracle_diagnostic
263,0.8730792388394512,0.8730792388394512,support,0.7,complete_oracle_diagnostic
264,0.8715904867017652,0.8715904867017652,support,0.7,complete_oracle_diagnostic
265,0.8718818418917051,0.8718818418917051,support,0.7,complete_oracle_diagnostic
266,0.8742441570376027,0.8742441570376027,support,0.7,complete_oracle_diagnostic
267,0.8779203812427009,0.8779203812427009,support,0.7,complete_oracle_diagnostic
268,0.8712919527932078,0.8712919527932078,support,0.7,complete_oracle_diagnostic
269,0.8691467694286902,0.8691467694286902,support,0.7,complete_oracle_diagnostic
270,0.8680328109632085,0.8680328109632085,support,0.7,complete_oracle_diagnostic
271,0.8679905966481871,0.8679905966481871,support,0.7,complete_oracle_diagnostic
272,0.8685053638710177,0.8685053638710177,support,0.7,complete_oracle_diagnostic
273,0.8678823899777325,0.8678823899777325,support,0.7,complete_oracle_diagnostic
274,0.866335598873655,0.866335598873655,support,0.7,complete_oracle_diagnostic
275,0.8673396637979344,0.8673396637979344,support,0.7,complete_oracle_diagnostic
276,0.8661041912532246,0.8661041912532246,support,0.7,complete_oracle_diagnostic
277,0.8635002081466326,0.8635002081466326,support,0.7,complete_oracle_diagnostic
278,0.8719132225548866,0.8719132225548866,support,0.7,complete_oracle_diagnostic
279,0.8662232773785651,0.8662232773785651,support,0.7,complete_oracle_diagnostic
280,0.8629663320671657,0.8629663320671657,support,0.7,complete_oracle_diagnostic
281,0.8630397240997889,0.8630397240997889,support,0.7,complete_oracle_diagnostic
282,0.8686869223567804,0.8686869223567804,support,0.7,complete_oracle_diagnostic
283,0.8709238659475588,0.8709238659475588,support,0.7,complete_oracle_diagnostic
284,0.8716700280170957,0.8716700280170957,support,0.7,complete_oracle_diagnostic
285,0.8722430350377604,0.8722430350377604,support,0.7,complete_oracle_diagnostic
286,0.8737630888646639,0.8737630888646639,support,0.7,complete_oracle_diagnostic
287,0.8744381611289574,0.8744381611289574,support,0.7,complete_oracle_diagnostic
288,0.8750459118737369,0.8750459118737369,support,0.7,complete_oracle_diagnostic
289,0.8754072709798932,0.8754072709798932,support,0.7,complete_oracle_diagnostic
290,0.8757742090922227,0.8757742090922227,support,0.7,complete_oracle_diagnostic
291,0.8760708036745691,0.8760708036745691,support,0.7,complete_oracle_diagnostic
292,0.8762415856543397,0.8762415856543397,support,0.7,complete_oracle_diagnostic
293,0.8765033396271613,0.8765033396271613,support,0.7,complete_oracle_diagnostic
294,0.8769164695771609,0.8769164695771609,support,0.7,complete_oracle_diagnostic
295,0.8773072392296564,0.8773072392296564,support,0.7,complete_oracle_diagnostic
296,0.8773656639536129,0.8773656639536129,support,0.7,complete_oracle_diagnostic
297,0.8774995980537635,0.8774995980537635,support,0.7,complete_oracle_diagnostic
298,0.8664944735796051,0.8664944735796051,support,0.7,complete_oracle_diagnostic
299,0.8634275511881508,0.8634275511881508,support,0.7,complete_oracle_diagnostic
300,0.8628274712909021,0.8628274712909021,support,0.7,complete_oracle_diagnostic
301,0.8618981298869297,0.8618981298869297,support,0.7,complete_oracle_diagnostic
302,0.8685023784542931,0.8685023784542931,support,0.7,complete_oracle_diagnostic
303,0.8649912036281256,0.8649912036281256,support,0.7,complete_oracle_diagnostic
304,0.8601099400641881,0.8601099400641881,support,0.7,complete_oracle_diagnostic
305,0.8615300005600299,0.8615300005600299,support,0.7,complete_oracle_diagnostic
306,0.8606683553278021,0.8606683553278021,support,0.7,complete_oracle_diagnostic
307,0.8589018695904449,0.8589018695904449,support,0.7,complete_oracle_diagnostic
308,0.8651456595525446,0.8651456595525446,support,0.7,complete_oracle_diagnostic
309,0.8673743789612147,0.8673743789612147,support,0.7,complete_oracle_diagnostic
310,0.8594417883995417,0.8594417883995417,support,0.7,complete_oracle_diagnostic
311,0.8597614592875377,0.8597614592875377,support,0.7,complete_oracle_diagnostic
312,0.8602405669253013,0.8602405669253013,support,0.7,complete_oracle_diagnostic
313,0.8592376454868347,0.8592376454868347,support,0.7,complete_oracle_diagnostic
314,0.8623225510316321,0.8623225510316321,support,0.7,complete_oracle_diagnostic
315,0.8592347754727175,0.8592347754727175,support,0.7,complete_oracle_diagnostic
316,0.8624281056861948,0.8624281056861948,support,0.7,complete_oracle_diagnostic
317,0.863244216526344,0.863244216526344,support,0.7,complete_oracle_diagnostic
318,0.8620894577356203,0.8620894577356203,support,0.7,complete_oracle_diagnostic
319,0.8592334696440299,0.8592334696440299,support,0.7,complete_oracle_diagnostic
320,0.8578538308110637,0.8578538308110637,support,0.7,complete_oracle_diagnostic
321,0.8583618161183179,0.8583618161183179,support,0.7,complete_oracle_diagnostic
322,0.8580365009198697,0.8580365009198697,support,0.7,complete_oracle_diagnostic
323,0.8625113155326719,0.8625113155326719,support,0.7,complete_oracle_diagnostic
324,0.8640730173152144,0.8640730173152144,support,0.7,complete_oracle_diagnostic
325,0.8647535945675267,0.8647535945675267,support,0.7,complete_oracle_diagnostic
326,0.8650641647234052,0.8650641647234052,support,0.7,complete_oracle_diagnostic
327,0.8651222976108783,0.8651222976108783,support,0.7,complete_oracle_diagnostic
328,0.8655837627664906,0.8655837627664906,support,0.7,complete_oracle_diagnostic
329,0.8640182240619696,0.8640182240619696,support,0.7,complete_oracle_diagnostic
330,0.8661299042251381,0.8661299042251381,support,0.7,complete_oracle_diagnostic
331,0.8669073459401947,0.8669073459401947,support,0.7,complete_oracle_diagnostic
332,0.8647443858150571,0.8647443858150571,support,0.7,complete_oracle_diagnostic
333,0.8608011187888416,0.8608011187888416,support,0.7,complete_oracle_diagnostic
334,0.8618055175102028,0.8618055175102028,support,0.7,complete_oracle_diagnostic
335,0.8642144650953206,0.8642144650953206,support,0.7,complete_oracle_diagnostic
336,0.8653594753683235,0.8653594753683235,support,0.7,complete_oracle_diagnostic
337,0.8665116425812255,0.8665116425812255,support,0.7,complete_oracle_diagnostic
338,0.8678715324325122,0.8678715324325122,support,0.7,complete_oracle_diagnostic
339,0.8683988712875336,0.8683988712875336,support,0.7,complete_oracle_diagnostic
340,0.8624045812504554,0.8624045812504554,support,0.7,complete_oracle_diagnostic
341,0.8615417058438212,0.8615417058438212,support,0.7,complete_oracle_diagnostic
342,0.8634769557623603,0.8634769557623603,support,0.7,complete_oracle_diagnostic
343,0.8636333037121219,0.8636333037121219,support,0.7,complete_oracle_diagnostic
344,0.8629713878008008,0.8629713878008008,support,0.7,complete_oracle_diagnostic
345,0.8658202664620662,0.8658202664620662,support,0.7,complete_oracle_diagnostic
346,0.8664187747775179,0.8664187747775179,support,0.7,complete_oracle_diagnostic
347,0.8607593130575518,0.8607593130575518,support,0.7,complete_oracle_diagnostic
348,0.8600626020680228,0.8600626020680228,support,0.7,complete_oracle_diagnostic
349,0.8598569308048847,0.8598569308048847,support,0.7,complete_oracle_diagnostic
350,0.8598387338757346,0.8598387338757346,support,0.7,complete_oracle_diagnostic
351,0.8581866337501453,0.8581866337501453,support,0.7,complete_oracle_diagnostic
352,0.8624623645945244,0.8624623645945244,support,0.7,complete_oracle_diagnostic
353,0.8638206398594688,0.8638206398594688,support,0.7,complete_oracle_diagnostic
354,0.8609768046434709,0.8609768046434709,support,0.7,complete_oracle_diagnostic
355,0.8577912769981423,0.8577912769981423,support,0.7,complete_oracle_diagnostic
356,0.8588862128818253,0.8588862128818253,support,0.7,complete_oracle_diagnostic
357,0.8590561922079748,0.8590561922079748,support,0.7,complete_oracle_diagnostic
358,0.8592007560379763,0.8592007560379763,support,0.7,complete_oracle_diagnostic
359,0.8614141480879228,0.8614141480879228,support,0.7,complete_oracle_diagnostic
360,0.8635461818433756,0.8635461818433756,support,0.7,complete_oracle_diagnostic
361,0.8643002431284184,0.8643002431284184,support,0.7,complete_oracle_diagnostic
362,0.864717685261246,0.864717685261246,support,0.7,complete_oracle_diagnostic
363,0.8649307530773388,0.8649307530773388,support,0.7,complete_oracle_diagnostic
364,0.8652410617432947,0.8652410617432947,support,0.7,complete_oracle_diagnostic
365,0.8667562065945857,0.8667562065945857,support,0.7,complete_oracle_diagnostic
366,0.8671464419501923,0.8671464419501923,support,0.7,complete_oracle_diagnostic
367,0.8674041378601093,0.8674041378601093,support,0.7,complete_oracle_diagnostic
368,0.8675170036327838,0.8675170036327838,support,0.7,complete_oracle_diagnostic
369,0.8676428983937738,0.8676428983937738,support,0.7,complete_oracle_diagnostic
370,0.8676885496027809,0.8676885496027809,support,0.7,complete_oracle_diagnostic
371,0.8674376540038735,0.8674376540038735,support,0.7,complete_oracle_diagnostic
372,0.8675573544788281,0.8675573544788281,support,0.7,complete_oracle_diagnostic
373,0.8678874579290323,0.8678874579290323,support,0.7,complete_oracle_diagnostic
374,0.8678291741902909,0.8678291741902909,support,0.7,complete_oracle_diagnostic
375,0.8677678545686154,0.8677678545686154,support,0.7,complete_oracle_diagnostic
376,0.8619363008800525,0.8619363008800525,support,0.7,complete_oracle_diagnostic
377,0.863623386210151,0.863623386210151,support,0.7,complete_oracle_diagnostic
378,0.8622495986161813,0.8622495986161813,support,0.7,complete_oracle_diagnostic
379,0.8647512216513433,0.8647512216513433,support,0.7,complete_oracle_diagnostic
380,0.8663468096787229,0.8663468096787229,support,0.7,complete_oracle_diagnostic
381,0.8661803638709623,0.8661803638709623,support,0.7,complete_oracle_diagnostic
382,0.859251989832913,0.859251989832913,support,0.7,complete_oracle_diagnostic
383,0.8611399757918973,0.8611399757918973,support,0.7,complete_oracle_diagnostic
384,0.8605515587402958,0.8605515587402958,support,0.7,complete_oracle_diagnostic
385,0.8589356963465713,0.8589356963465713,support,0.7,complete_oracle_diagnostic
386,0.863524089869379,0.863524089869379,support,0.7,complete_oracle_diagnostic
387,0.8641256525303641,0.8641256525303641,support,0.7,complete_oracle_diagnostic
388,0.8604633636163125,0.8604633636163125,support,0.7,complete_oracle_diagnostic
389,0.8575755081540456,0.8575755081540456,support,0.7,complete_oracle_diagnostic
390,0.8595006614643768,0.8595006614643768,support,0.7,complete_oracle_diagnostic
391,0.8594681375789235,0.8594681375789235,support,0.7,complete_oracle_diagnostic
392,0.8579465062107596,0.8579465062107596,support,0.7,complete_oracle_diagnostic
393,0.8610158143404223,0.8610158143404223,support,0.7,complete_oracle_diagnostic
394,0.862657329921857,0.862657329921857,support,0.7,complete_oracle_diagnostic
395,0.8623658160393619,0.8623658160393619,support,0.7,complete_oracle_diagnostic
396,0.8555077984654836,0.8555077984654836,support,0.7,complete_oracle_diagnostic
397,0.8555930569328083,0.8555930569328083,support,0.7,complete_oracle_diagnostic
398,0.8557090024852904,0.8557090024852904,support,0.7,complete_oracle_diagnostic
399,0.8554865922312346,0.8554865922312346,support,0.7,complete_oracle_diagnostic
400,0.85540048780684,0.85540048780684,support,0.7,complete_oracle_diagnostic
401,0.859567307271428,0.859567307271428,support,0.7,complete_oracle_diagnostic
402,0.8606538212499445,0.8606538212499445,support,0.7,complete_oracle_diagnostic
403,0.8538799275250946,0.8538799275250946,support,0.7,complete_oracle_diagnostic
404,0.8523549053052808,0.8523549053052808,support,0.7,complete_oracle_diagnostic
405,0.8535108596932006,0.8535108596932006,support,0.7,complete_oracle_diagnostic
406,0.8540741219733715,0.8540741219733715,support,0.7,complete_oracle_diagnostic
407,0.8521792619274964,0.8521792619274964,support,0.7,complete_oracle_diagnostic
408,0.8571648003094826,0.8571648003094826,support,0.7,complete_oracle_diagnostic
409,0.8583335714315135,0.8583335714315135,support,0.7,complete_oracle_diagnostic
410,0.8587871031367016,0.8587871031367016,support,0.7,complete_oracle_diagnostic
411,0.8588617207493285,0.8588617207493285,support,0.7,complete_oracle_diagnostic
412,0.8594823320287039,0.8594823320287039,support,0.7,complete_oracle_diagnostic
413,0.8601960685489116,0.8601960685489116,support,0.7,complete_oracle_diagnostic
414,0.8603187560845575,0.8603187560845575,support,0.7,complete_oracle_diagnostic
415,0.8602247625957791,0.8602247625957791,support,0.7,complete_oracle_diagnostic
416,0.860151469563374,0.860151469563374,support,0.7,complete_oracle_diagnostic
417,0.8599959377856495,0.8599959377856495,support,0.7,complete_oracle_diagnostic
418,0.8597367059273265,0.8597367059273265,support,0.7,complete_oracle_diagnostic
419,0.8598700967495557,0.8598700967495557,support,0.7,complete_oracle_diagnostic
420,0.8600666473141415,0.8600666473141415,support,0.7,complete_oracle_diagnostic
421,0.8600199652656231,0.8600199652656231,support,0.7,complete_oracle_diagnostic
422,0.86000408648182,0.86000408648182,support,0.7,complete_oracle_diagnostic
423,0.8600253543685134,0.8600253543685134,support,0.7,complete_oracle_diagnostic
424,0.8556896612099028,0.8556896612099028,support,0.7,complete_oracle_diagnostic
425,0.8579392161351809,0.8579392161351809,support,0.7,complete_oracle_diagnostic
426,0.8571912984828505,0.8571912984828505,support,0.7,complete_oracle_diagnostic
427,0.8611337526055493,0.8611337526055493,support,0.7,complete_oracle_diagnostic
428,0.8623164717603579,0.8623164717603579,support,0.7,complete_oracle_diagnostic
429,0.8547059508308777,0.8547059508308777,support,0.7,complete_oracle_diagnostic
430,0.8530731154207027,0.8530731154207027,support,0.7,complete_oracle_diagnostic
431,0.8531971980414265,0.8531971980414265,support,0.7,complete_oracle_diagnostic
432,0.8533468674879046,0.8533468674879046,support,0.7,complete_oracle_diagnostic
433,0.8516835206704171,0.8516835206704171,support,0.7,complete_oracle_diagnostic
434,0.8575752534365018,0.8575752534365018,support,0.7,complete_oracle_diagnostic
435,0.8545481187946925,0.8545481187946925,support,0.7,complete_oracle_diagnostic
436,0.8508865670939258,0.8508865670939258,support,0.7,complete_oracle_diagnostic
437,0.8515280769731238,0.8515280769731238,support,0.7,complete_oracle_diagnostic
438,0.8513603541589964,0.8513603541589964,support,0.7,complete_oracle_diagnostic
439,0.8497104251846279,0.8497104251846279,support,0.7,complete_oracle_diagnostic
440,0.8536081035580947,0.8536081035580947,support,0.7,complete_oracle_diagnostic
441,0.8557322166447678,0.8557322166447678,support,0.7,complete_oracle_diagnostic
442,0.8476513772409243,0.8476513772409243,support,0.7,complete_oracle_diagnostic
443,0.8479770388674975,0.8479770388674975,support,0.7,complete_oracle_diagnostic
444,0.8483214800628466,0.8483214800628466,support,0.7,complete_oracle_diagnostic
445,0.8486330114780435,0.8486330114780435,support,0.7,complete_oracle_diagnostic
446,0.8501694520364942,0.8501694520364942,support,0.7,complete_oracle_diagnostic
447,0.843393893836142,0.843393893836142,support,0.7,complete_oracle_diagnostic
448,0.8447556943923757,0.8447556943923757,support,0.7,complete_oracle_diagnostic
449,0.8458867115020612,0.8458867115020612,support,0.7,complete_oracle_diagnostic
450,0.8467090965398496,0.8467090965398496,support,0.7,complete_oracle_diagnostic
451,0.8483128542673037,0.8483128542673037,support,0.7,complete_oracle_diagnostic
452,0.8490192864342528,0.8490192864342528,support,0.7,complete_oracle_diagnostic
453,0.8494616980885789,0.8494616980885789,support,0.7,complete_oracle_diagnostic
454,0.848868085453858,0.848868085453858,support,0.7,complete_oracle_diagnostic
455,0.848487405736499,0.848487405736499,support,0.7,complete_oracle_diagnostic
456,0.8483513725426369,0.8483513725426369,support,0.7,complete_oracle_diagnostic
457,0.8481910232655778,0.8481910232655778,support,0.7,complete_oracle_diagnostic
458,0.8482957428605389,0.8482957428605389,support,0.7,complete_oracle_diagnostic
459,0.8486175958210476,0.8486175958210476,support,0.7,complete_oracle_diagnostic
460,0.8487913891063695,0.8487913891063695,support,0.7,complete_oracle_diagnostic
461,0.8488997503145305,0.8488997503145305,support,0.7,complete_oracle_diagnostic
462,0.848971508203278,0.848971508203278,support,0.7,complete_oracle_diagnostic
463,0.8428296688251858,0.8428296688251858,support,0.7,complete_oracle_diagnostic
464,0.8318669176101957,0.8318669176101957,support,0.7,complete_oracle_diagnostic
465,0.831183684442651,0.831183684442651,support,0.7,complete_oracle_diagnostic
466,0.8304176102555945,0.8304176102555945,support,0.7,complete_oracle_diagnostic
467,0.8294015434871627,0.8294015434871627,support,0.7,complete_oracle_diagnostic
468,0.8301536233654927,0.8301536233654927,support,0.7,complete_oracle_diagnostic
469,0.8287671372451286,0.8287671372451286,support,0.7,complete_oracle_diagnostic
470,0.8246713962049061,0.8246713962049061,support,0.7,complete_oracle_diagnostic
471,0.8236855053076658,0.8236855053076658,support,0.7,complete_oracle_diagnostic
472,0.8283252398898793,0.8283252398898793,support,0.7,complete_oracle_diagnostic
473,0.8235628735519582,0.8235628735519582,support,0.7,complete_oracle_diagnostic
474,0.8221723425992304,0.8221723425992304,support,0.7,complete_oracle_diagnostic
475,0.8273313710880986,0.8273313710880986,support,0.7,complete_oracle_diagnostic
476,0.8241711572328928,0.8241711572328928,support,0.7,complete_oracle_diagnostic
477,0.8224096162347709,0.8224096162347709,support,0.7,complete_oracle_diagnostic
478,0.822072945657905,0.822072945657905,support,0.7,complete_oracle_diagnostic
479,0.8203467907541724,0.8203467907541724,support,0.7,complete_oracle_diagnostic
480,0.8190840767203037,0.8190840767203037,support,0.7,complete_oracle_diagnostic
481,0.8259232790259288,0.8259232790259288,support,0.7,complete_oracle_diagnostic
482,0.8196439267064065,0.8196439267064065,support,0.7,complete_oracle_diagnostic
483,0.8196389090251271,0.8196389090251271,support,0.7,complete_oracle_diagnostic
484,0.8173712345272431,0.8173712345272431,support,0.7,complete_oracle_diagnostic
485,0.8162475274322489,0.8162475274322489,support,0.7,complete_oracle_diagnostic
486,0.821059505158478,0.821059505158478,support,0.7,complete_oracle_diagnostic
487,0.8167848206560052,0.8167848206560052,support,0.7,complete_oracle_diagnostic
488,0.8190714879615996,0.8190714879615996,support,0.7,complete_oracle_diagnostic
489,0.8200199520765533,0.8200199520765533,support,0.7,complete_oracle_diagnostic
490,0.8199495061797697,0.8199495061797697,support,0.7,complete_oracle_diagnostic
491,0.8231925272095797,0.8231925272095797,support,0.7,complete_oracle_diagnostic
492,0.8197069578127205,0.8197069578127205,support,0.7,complete_oracle_diagnostic
493,0.8204373036677498,0.8204373036677498,support,0.7,complete_oracle_diagnostic
494,0.8202906797555766,0.8202906797555766,support,0.7,complete_oracle_diagnostic
495,0.8199814129687856,0.8199814129687856,support,0.7,complete_oracle_diagnostic
496,0.825031328834894,0.825031328834894,support,0.7,complete_oracle_diagnostic
497,0.8261464609775588,0.8261464609775588,support,0.7,complete_oracle_diagnostic
498,0.8267194472119518,0.8267194472119518,support,0.7,complete_oracle_diagnostic
499,0.8270574501964918,0.8270574501964918,support,0.7,complete_oracle_diagnostic
500,0.8273318232419692,0.8273318232419692,support,0.7,complete_oracle_diagnostic
501,0.8276427421313767,0.82942134141922,future,0.7,complete_oracle_diagnostic
502,0.8284329428270628,0.8193492293357849,future,0.7,complete_oracle_diagnostic
503,0.8291396331860519,0.8214105367660522,future,0.7,complete_oracle_diagnostic
504,0.8292704629410643,0.8243992924690247,future,0.7,complete_oracle_diagnostic
505,0.8293964565128961,0.8264482021331787,future,0.7,complete_oracle_diagnostic
506,0.8292141884184867,0.8275867104530334,future,0.7,complete_oracle_diagnostic
507,0.829118422830132,0.8281153440475464,future,0.7,complete_oracle_diagnostic
508,0.8290500850661376,0.8282703757286072,future,0.7,complete_oracle_diagnostic
509,0.8278074096888265,0.8281935453414917,future,0.7,complete_oracle_diagnostic
510,0.8276676863299275,0.8279610872268677,future,0.7,complete_oracle_diagnostic
511,0.8274924092453958,0.8276118636131287,future,0.7,complete_oracle_diagnostic
512,0.822466120496145,0.8271665573120117,future,0.7,complete_oracle_diagnostic
513,0.8225561587884173,0.8266382813453674,future,0.7,complete_oracle_diagnostic
514,0.8261180076446913,0.8260376453399658,future,0.7,complete_oracle_diagnostic
515,0.8302295881193685,0.8253744840621948,future,0.7,complete_oracle_diagnostic
516,0.8218596643260812,0.8246586918830872,future,0.7,complete_oracle_diagnostic
517,0.8208449841508461,0.8239001035690308,future,0.7,complete_oracle_diagnostic
518,0.8206768113906512,0.8231081962585449,future,0.7,complete_oracle_diagnostic
519,0.8195151668859042,0.8222917914390564,future,0.7,complete_oracle_diagnostic
520,0.8182916712287127,0.821459174156189,future,0.7,complete_oracle_diagnostic
521,0.8243942846877885,0.8206173777580261,future,0.7,complete_oracle_diagnostic
522,0.825276771574269,0.8197728395462036,future,0.7,complete_oracle_diagnostic
523,0.8199373282283391,0.8189308643341064,future,0.7,complete_oracle_diagnostic
524,0.8159527886189242,0.8180961608886719,future,0.7,complete_oracle_diagnostic
525,0.8177731547950274,0.817272424697876,future,0.7,complete_oracle_diagnostic
526,0.8170695532907543,0.8164627552032471,future,0.7,complete_oracle_diagnostic
527,0.8158099882786675,0.8156695365905762,future,0.7,complete_oracle_diagnostic
528,0.8189285017427795,0.8148949146270752,future,0.7,complete_oracle_diagnostic
529,0.8214035001288575,0.8141400814056396,future,0.7,complete_oracle_diagnostic
530,0.8218771124961576,0.813406229019165,future,0.7,complete_oracle_diagnostic
531,0.8144111931021164,0.8126938343048096,future,0.7,complete_oracle_diagnostic
532,0.8130072336901778,0.812003493309021,future,0.7,complete_oracle_diagnostic
533,0.8138577525408494,0.8113351464271545,future,0.7,complete_oracle_diagnostic
534,0.8131567665343999,0.8106887936592102,future,0.7,complete_oracle_diagnostic
535,0.8105070514471796,0.8100643157958984,future,0.7,complete_oracle_diagnostic
536,0.8167528482076117,0.8094611167907715,future,0.7,complete_oracle_diagnostic
537,0.8180921962281728,0.8088789582252502,future,0.7,complete_oracle_diagnostic
538,0.8135694211932765,0.8083171844482422,future,0.7,complete_oracle_diagnostic
539,0.8094821559636719,0.8077751398086548,future,0.7,complete_oracle_diagnostic
540,0.8108218777136094,0.807252049446106,future,0.7,complete_oracle_diagnostic
541,0.8107035451098064,0.8067473769187927,future,0.7,complete_oracle_diagnostic
542,0.810227335232265,0.8062601685523987,future,0.7,complete_oracle_diagnostic
543,0.8125699024464919,0.8057897090911865,future,0.7,complete_oracle_diagnostic
544,0.8150885777225678,0.805335283279419,future,0.7,complete_oracle_diagnostic
545,0.8157454498390302,0.8048961162567139,future,0.7,complete_oracle_diagnostic
546,0.8161686127014794,0.8044713735580444,future,0.7,complete_oracle_diagnostic
547,0.8164764364738542,0.8040603995323181,future,0.7,complete_oracle_diagnostic
548,0.8168830921796026,0.8036623001098633,future,0.7,complete_oracle_diagnostic
549,0.8172542711764897,0.8032764196395874,future,0.7,complete_oracle_diagnostic
550,0.8174718062906239,0.802902102470398,future,0.7,complete_oracle_diagnostic
551,0.8177649511213049,0.8025385737419128,future,0.7,complete_oracle_diagnostic
552,0.8179730293689171,0.8021852970123291,future,0.7,complete_oracle_diagnostic
553,0.8182728531128926,0.8018414378166199,future,0.7,complete_oracle_diagnostic
554,0.8185992406175396,0.8015066385269165,future,0.7,complete_oracle_diagnostic
555,0.818672794866574,0.8011802434921265,future,0.7,complete_oracle_diagnostic
556,0.8187726835345053,0.8008615970611572,future,0.7,complete_oracle_diagnostic
557,0.8189750394270296,0.8005502223968506,future,0.7,complete_oracle_diagnostic
558,0.8191453830200324,0.8002457022666931,future,0.7,complete_oracle_diagnostic
559,0.8192654821945842,0.7999473810195923,future,0.7,complete_oracle_diagnostic
560,0.8191506478556543,0.799655020236969,future,0.7,complete_oracle_diagnostic
561,0.8075185142491745,0.7993680834770203,future,0.7,complete_oracle_diagnostic
562,0.8123966024766631,0.7990861535072327,future,0.7,complete_oracle_diagnostic
563,0.8059442060801678,0.7988088726997375,future,0.7,complete_oracle_diagnostic
564,0.8058896894351155,0.7985358238220215,future,0.7,complete_oracle_diagnostic
565,0.8061981075812558,0.7982670664787292,future,0.7,complete_oracle_diagnostic
566,0.8067394582921738,0.7980018854141235,future,0.7,complete_oracle_diagnostic
567,0.8059318099022696,0.7977399826049805,future,0.7,complete_oracle_diagnostic
568,0.8096313889862856,0.7974810600280762,future,0.7,complete_oracle_diagnostic
569,0.8105528332184917,0.7972249984741211,future,0.7,complete_oracle_diagnostic
570,0.8067374441763007,0.7969713807106018,future,0.7,complete_oracle_diagnostic
571,0.8041391578383622,0.7967201471328735,future,0.7,complete_oracle_diagnostic
572,0.8042746849115066,0.7964708805084229,future,0.7,complete_oracle_diagnostic
573,0.8049821816392777,0.796223521232605,future,0.7,complete_oracle_diagnostic
574,0.8045755547485186,0.7959778308868408,future,0.7,complete_oracle_diagnostic
575,0.806050397338589,0.7957336902618408,future,0.7,complete_oracle_diagnostic
576,0.8079201347228787,0.7954908609390259,future,0.7,complete_oracle_diagnostic
577,0.8082652355095299,0.795249342918396,future,0.7,complete_oracle_diagnostic
578,0.8014859553090545,0.7950087785720825,future,0.7,complete_oracle_diagnostic
579,0.7999987110575019,0.7947691679000854,future,0.7,complete_oracle_diagnostic
580,0.7999478532820633,0.7945303320884705,future,0.7,complete_oracle_diagnostic
581,0.7994181508046024,0.7942922115325928,future,0.7,complete_oracle_diagnostic
582,0.8031883626734982,0.7940546274185181,future,0.7,complete_oracle_diagnostic
583,0.8057903731847376,0.7938175797462463,future,0.7,complete_oracle_diagnostic
584,0.8068401983804235,0.7935807704925537,future,0.7,complete_oracle_diagnostic
585,0.8036820091009141,0.7933444380760193,future,0.7,complete_oracle_diagnostic
586,0.8024097162843,0.7931082248687744,future,0.7,complete_oracle_diagnostic
587,0.804006644178054,0.7928721904754639,future,0.7,complete_oracle_diagnostic
588,0.8044580378321108,0.7926362752914429,future,0.7,complete_oracle_diagnostic
589,0.8039629277677489,0.7924002408981323,future,0.7,complete_oracle_diagnostic
590,0.8076057937856348,0.7921642661094666,future,0.7,complete_oracle_diagnostic
591,0.8087292291298038,0.7919281721115112,future,0.7,complete_oracle_diagnostic
592,0.8093553003657764,0.7916918992996216,future,0.7,complete_oracle_diagnostic
593,0.8094268014371659,0.7914555072784424,future,0.7,complete_oracle_diagnostic
594,0.8105097307220769,0.7912188768386841,future,0.7,complete_oracle_diagnostic
595,0.8111899030199641,0.7909818887710571,future,0.7,complete_oracle_diagnostic
596,0.81171487206656,0.7907446622848511,future,0.7,complete_oracle_diagnostic
597,0.8120066537074546,0.7905070185661316,future,0.7,complete_oracle_diagnostic
598,0.8122702272238026,0.790269136428833,future,0.7,complete_oracle_diagnostic
599,0.8123241461597513,0.790030837059021,future,0.7,complete_oracle_diagnostic
600,0.8122986121024353,0.7897921800613403,future,0.7,complete_oracle_diagnostic
601,0.8120660466473706,0.7895530462265015,future,0.7,complete_oracle_diagnostic
602,0.8122223583206811,0.7893134355545044,future,0.7,complete_oracle_diagnostic
603,0.8129345172339933,0.7890733480453491,future,0.7,complete_oracle_diagnostic
604,0.812706063946782,0.7888327836990356,future,0.7,complete_oracle_diagnostic
605,0.812416985339713,0.788591742515564,future,0.7,complete_oracle_diagnostic
606,0.8104208094358716,0.7883501648902893,future,0.7,complete_oracle_diagnostic
607,0.8114120341871482,0.7881079316139221,future,0.7,complete_oracle_diagnostic
608,0.8127286444242137,0.7878652811050415,future,0.7,complete_oracle_diagnostic
609,0.8164519015987691,0.7876219153404236,future,0.7,complete_oracle_diagnostic
610,0.8168286308929265,0.7873780131340027,future,0.7,complete_oracle_diagnostic
611,0.8128374549086427,0.7871335744857788,future,0.7,complete_oracle_diagnostic
612,0.809467747092671,0.7868885397911072,future,0.7,complete_oracle_diagnostic
613,0.8096824472853171,0.7866429090499878,future,0.7,complete_oracle_diagnostic
614,0.8083531870416709,0.7863966226577759,future,0.7,complete_oracle_diagnostic
615,0.8112973176786309,0.7861498594284058,future,0.7,complete_oracle_diagnostic
616,0.8145134524993001,0.7859025001525879,future,0.7,complete_oracle_diagnostic
617,0.81021390725306,0.7856544256210327,future,0.7,complete_oracle_diagnostic
618,0.8076797662261131,0.7854057550430298,future,0.7,complete_oracle_diagnostic
619,0.80747080286959,0.7851564884185791,future,0.7,complete_oracle_diagnostic
620,0.8061146478656477,0.7849066257476807,future,0.7,complete_oracle_diagnostic
621,0.8084434868579179,0.7846560478210449,future,0.7,complete_oracle_diagnostic
622,0.8116668388220516,0.784404993057251,future,0.7,complete_oracle_diagnostic
623,0.8118180831325104,0.7841531038284302,future,0.7,complete_oracle_diagnostic
624,0.8066532087264987,0.7839007377624512,future,0.7,complete_oracle_diagnostic
625,0.8038012956496694,0.7836477756500244,future,0.7,complete_oracle_diagnostic
626,0.7921777052435184,0.7833940982818604,future,0.7,complete_oracle_diagnostic
627,0.7885765737845923,0.7831398248672485,future,0.7,complete_oracle_diagnostic
628,0.7938729243453273,0.782884955406189,future,0.7,complete_oracle_diagnostic
629,0.7853799990865783,0.7826293706893921,future,0.7,complete_oracle_diagnostic
630,0.7828059681602193,0.782373309135437,future,0.7,complete_oracle_diagnostic
631,0.7808456369795762,0.7821164131164551,future,0.7,complete_oracle_diagnostic
632,0.7799091589553298,0.7818589210510254,future,0.7,complete_oracle_diagnostic
633,0.7828142396213275,0.7816009521484375,future,0.7,complete_oracle_diagnostic
634,0.7808973911745593,0.7813423871994019,future,0.7,complete_oracle_diagnostic
635,0.7769824401130474,0.7810830473899841,future,0.7,complete_oracle_diagnostic
636,0.7759831412226327,0.7808231115341187,future,0.7,complete_oracle_diagnostic
637,0.7750387659263726,0.7805625200271606,future,0.7,complete_oracle_diagnostic
638,0.772426810598058,0.7803013324737549,future,0.7,complete_oracle_diagnostic
639,0.7799639101839015,0.7800395488739014,future,0.7,complete_oracle_diagnostic
640,0.7727511588403694,0.7797771692276001,future,0.7,complete_oracle_diagnostic
641,0.7713928249643932,0.7795140743255615,future,0.7,complete_oracle_diagnostic
642,0.7708170943529172,0.7792503833770752,future,0.7,complete_oracle_diagnostic
643,0.7702833270217233,0.7789859175682068,future,0.7,complete_oracle_diagnostic
644,0.7672943625086649,0.7787209749221802,future,0.7,complete_oracle_diagnostic
645,0.7715022251324737,0.7784553170204163,future,0.7,complete_oracle_diagnostic
646,0.7750930004812833,0.7781891822814941,future,0.7,complete_oracle_diagnostic
647,0.7745212585528236,0.7779223918914795,future,0.7,complete_oracle_diagnostic
648,0.7748891924323817,0.7776548862457275,future,0.7,complete_oracle_diagnostic
649,0.7755158423395115,0.7773868441581726,future,0.7,complete_oracle_diagnostic
650,0.7763061280340994,0.7771181464195251,future,0.7,complete_oracle_diagnostic
651,0.776763960638247,0.7768487930297852,future,0.7,complete_oracle_diagnostic
652,0.7771982847849603,0.7765788435935974,future,0.7,complete_oracle_diagnostic
653,0.7775459143371708,0.7763082981109619,future,0.7,complete_oracle_diagnostic
654,0.7773543452093828,0.7760370373725891,future,0.7,complete_oracle_diagnostic
655,0.7769701286333129,0.7757651805877686,future,0.7,complete_oracle_diagnostic
656,0.7764741183707711,0.7754926681518555,future,0.7,complete_oracle_diagnostic
657,0.7757650734415268,0.7752195596694946,future,0.7,complete_oracle_diagnostic
658,0.7755685029672644,0.774945855140686,future,0.7,complete_oracle_diagnostic
659,0.7751650194576928,0.7746714949607849,future,0.7,complete_oracle_diagnostic
660,0.7753450369435372,0.774396538734436,future,0.7,complete_oracle_diagnostic
661,0.7755452526349382,0.7741208672523499,future,0.7,complete_oracle_diagnostic
662,0.7755992045532643,0.7738447189331055,future,0.7,complete_oracle_diagnostic
663,0.7823636071968706,0.773567795753479,future,0.7,complete_oracle_diagnostic
664,0.7845797178189682,0.7732902765274048,future,0.7,complete_oracle_diagnostic
665,0.7825730479591995,0.7730121612548828,future,0.7,complete_oracle_diagnostic
666,0.7813953108579332,0.7727333307266235,future,0.7,complete_oracle_diagnostic
667,0.7807995033616781,0.7724539041519165,future,0.7,complete_oracle_diagnostic
668,0.7806548214006431,0.7721738219261169,future,0.7,complete_oracle_diagnostic
669,0.78154095064591,0.7718931436538696,future,0.7,complete_oracle_diagnostic
670,0.7827358311369401,0.7716118097305298,future,0.7,complete_oracle_diagnostic
671,0.7833307067946824,0.7713298797607422,future,0.7,complete_oracle_diagnostic
672,0.7819090951247061,0.7710472941398621,future,0.7,complete_oracle_diagnostic
673,0.7801102980951576,0.7707640528678894,future,0.7,complete_oracle_diagnostic
674,0.7792877810999539,0.7704800963401794,future,0.7,complete_oracle_diagnostic
675,0.7787214411451254,0.7701956033706665,future,0.7,complete_oracle_diagnostic
676,0.7778298538625711,0.7699103951454163,future,0.7,complete_oracle_diagnostic
677,0.7778942092343892,0.7696245908737183,future,0.7,complete_oracle_diagnostic
678,0.7753924710422534,0.7693381309509277,future,0.7,complete_oracle_diagnostic
679,0.7728968460982467,0.7690510153770447,future,0.7,complete_oracle_diagnostic
680,0.7705590984625739,0.7687633037567139,future,0.7,complete_oracle_diagnostic
681,0.7689215907904359,0.7684749364852905,future,0.7,complete_oracle_diagnostic
682,0.7677163833165277,0.7681858539581299,future,0.7,complete_oracle_diagnostic
683,0.7664418402979457,0.7678961753845215,future,0.7,complete_oracle_diagnostic
684,0.7675407718267083,0.7676058411598206,future,0.7,complete_oracle_diagnostic
685,0.7677358731556883,0.7673147916793823,future,0.7,complete_oracle_diagnostic
686,0.7678938126955694,0.7670230865478516,future,0.7,complete_oracle_diagnostic
687,0.7657456097107233,0.766730785369873,future,0.7,complete_oracle_diagnostic
688,0.7642422901940739,0.7664377689361572,future,0.7,complete_oracle_diagnostic
689,0.7600387469599824,0.7661441564559937,future,0.7,complete_oracle_diagnostic
690,0.7554820727483533,0.7658498287200928,future,0.7,complete_oracle_diagnostic
691,0.7567680782816888,0.7655547857284546,future,0.7,complete_oracle_diagnostic
692,0.7572080043959961,0.7652591466903687,future,0.7,complete_oracle_diagnostic
693,0.7570775262076056,0.7649627923965454,future,0.7,complete_oracle_diagnostic
694,0.755513775127531,0.7646657824516296,future,0.7,complete_oracle_diagnostic
695,0.7537969957556286,0.7643681764602661,future,0.7,complete_oracle_diagnostic
696,0.7531177282786474,0.7640700340270996,future,0.7,complete_oracle_diagnostic
697,0.752393507761833,0.7637710571289062,future,0.7,complete_oracle_diagnostic
698,0.7517297758528305,0.7634714841842651,future,0.7,complete_oracle_diagnostic
699,0.7513189779107776,0.7631711959838867,future,0.7,complete_oracle_diagnostic
700,0.7529023884160196,0.7628701329231262,future,0.7,complete_oracle_diagnostic
701,0.7533704341301546,0.7625683546066284,future,0.7,complete_oracle_diagnostic
702,0.7528939341925448,0.7622660398483276,future,0.7,complete_oracle_diagnostic
703,0.7529130737252482,0.761962890625,future,0.7,complete_oracle_diagnostic
704,0.7522211885881588,0.7616590261459351,future,0.7,complete_oracle_diagnostic
705,0.7521647734574058,0.7613545656204224,future,0.7,complete_oracle_diagnostic
706,0.7517733741992814,0.7610493898391724,future,0.7,complete_oracle_diagnostic
707,0.7513164523237893,0.7607434988021851,future,0.7,complete_oracle_diagnostic
708,0.7510353919044589,0.7604367733001709,future,0.7,complete_oracle_diagnostic
709,0.7506694812946347,0.7601293921470642,future,0.7,complete_oracle_diagnostic
710,0.7503642715315225,0.759821355342865,future,0.7,complete_oracle_diagnostic
711,0.7562415680592606,0.7595126628875732,future,0.7,complete_oracle_diagnostic
712,0.7576519957627597,0.7592031955718994,future,0.7,complete_oracle_diagnostic
713,0.757092004464506,0.7588930130004883,future,0.7,complete_oracle_diagnostic
714,0.7571555831918005,0.7585821151733398,future,0.7,complete_oracle_diagnostic
715,0.7569413143741125,0.7582705020904541,future,0.7,complete_oracle_diagnostic
716,0.7567160272044385,0.757958173751831,future,0.7,complete_oracle_diagnostic
717,0.7559416752600063,0.7576450705528259,future,0.7,complete_oracle_diagnostic
718,0.7526991013734875,0.7573311924934387,future,0.7,complete_oracle_diagnostic
719,0.7504834476488819,0.7570167183876038,future,0.7,complete_oracle_diagnostic
720,0.7489073081649599,0.7567014098167419,future,0.7,complete_oracle_diagnostic
721,0.7480656865832321,0.7563853859901428,future,0.7,complete_oracle_diagnostic
722,0.7490400273216826,0.7560687065124512,future,0.7,complete_oracle_diagnostic
723,0.7507309051218032,0.7557511925697327,future,0.7,complete_oracle_diagnostic
724,0.748731014302822,0.7554330825805664,future,0.7,complete_oracle_diagnostic
725,0.7458315673676176,0.7551141381263733,future,0.7,complete_oracle_diagnostic
726,0.7446248896602293,0.7547943592071533,future,0.7,complete_oracle_diagnostic
727,0.7441044007885986,0.7544739246368408,future,0.7,complete_oracle_diagnostic
728,0.7430324750763331,0.7541526556015015,future,0.7,complete_oracle_diagnostic
729,0.744269141515664,0.7538306713104248,future,0.7,complete_oracle_diagnostic
730,0.7452526795357659,0.7535079717636108,future,0.7,complete_oracle_diagnostic
731,0.7448329041175423,0.75318443775177,future,0.7,complete_oracle_diagnostic
732,0.742265036505616,0.7528601884841919,future,0.7,complete_oracle_diagnostic
733,0.7407742918067456,0.7525351643562317,future,0.7,complete_oracle_diagnostic
734,0.7396841179544016,0.7522093653678894,future,0.7,complete_oracle_diagnostic
735,0.7395783716903485,0.751882791519165,future,0.7,complete_oracle_diagnostic
736,0.7412622507809972,0.7515554428100586,future,0.7,complete_oracle_diagnostic
737,0.7454191300133384,0.7512272596359253,future,0.7,complete_oracle_diagnostic
738,0.7467144586483698,0.7508984208106995,future,0.7,complete_oracle_diagnostic
739,0.7475533444638446,0.7505687475204468,future,0.7,complete_oracle_diagnostic
740,0.7480709117819037,0.750238299369812,future,0.7,complete_oracle_diagnostic
741,0.7482464688347817,0.7499070167541504,future,0.7,complete_oracle_diagnostic
742,0.7485649233627428,0.7495749592781067,future,0.7,complete_oracle_diagnostic
743,0.7488088737561095,0.7492420673370361,future,0.7,complete_oracle_diagnostic
744,0.749287923988613,0.7489084005355835,future,0.7,complete_oracle_diagnostic
745,0.7492420357403923,0.748573899269104,future,0.7,complete_oracle_diagnostic
746,0.7490901028725795,0.7482386827468872,future,0.7,complete_oracle_diagnostic
747,0.7488390603584105,0.7479026317596436,future,0.7,complete_oracle_diagnostic
748,0.7487992881702884,0.7475658059120178,future,0.7,complete_oracle_diagnostic
749,0.7379732625673843,0.7472280859947205,future,0.7,complete_oracle_diagnostic
750,0.7379352404118603,0.746889591217041,future,0.7,complete_oracle_diagnostic
751,0.7379455955966379,0.7465502619743347,future,0.7,complete_oracle_diagnostic
752,0.7354732928876011,0.7462100982666016,future,0.7,complete_oracle_diagnostic
753,0.7384693597342741,0.7458691000938416,future,0.7,complete_oracle_diagnostic
754,0.7431628961228112,0.7455272674560547,future,0.7,complete_oracle_diagnostic
755,0.7392104759828918,0.7451847791671753,future,0.7,complete_oracle_diagnostic
756,0.7374119394460048,0.744841456413269,future,0.7,complete_oracle_diagnostic
757,0.7394190538666935,0.7444971799850464,future,0.7,complete_oracle_diagnostic
758,0.740007754765567,0.7441521883010864,future,0.7,complete_oracle_diagnostic
759,0.740228240927907,0.7438062429428101,future,0.7,complete_oracle_diagnostic
760,0.7420703455166792,0.7434595823287964,future,0.7,complete_oracle_diagnostic
761,0.7423410403967644,0.7431120872497559,future,0.7,complete_oracle_diagnostic
762,0.7402040065488178,0.7427637577056885,future,0.7,complete_oracle_diagnostic
763,0.739288012095157,0.7424144148826599,future,0.7,complete_oracle_diagnostic
764,0.7383351635724246,0.7420642375946045,future,0.7,complete_oracle_diagnostic
765,0.7343393570381606,0.7417132258415222,future,0.7,complete_oracle_diagnostic
766,0.732929522013193,0.7413613200187683,future,0.7,complete_oracle_diagnostic
767,0.7325758680607808,0.7410085201263428,future,0.7,complete_oracle_diagnostic
768,0.7314283166408817,0.7406548857688904,future,0.7,complete_oracle_diagnostic
769,0.7334011316913526,0.7403004169464111,future,0.7,complete_oracle_diagnostic
770,0.7355424024927877,0.7399450540542603,future,0.7,complete_oracle_diagnostic
771,0.7362786150346378,0.739588737487793,future,0.7,complete_oracle_diagnostic
772,0.7361755170387456,0.7392315864562988,future,0.7,complete_oracle_diagnostic
773,0.7364235017811129,0.7388734817504883,future,0.7,complete_oracle_diagnostic
774,0.7365576125983168,0.7385144233703613,future,0.7,complete_oracle_diagnostic
775,0.7362032146754612,0.7381545901298523,future,0.7,complete_oracle_diagnostic
776,0.7374557610749396,0.7377937436103821,future,0.7,complete_oracle_diagnostic
777,0.7389382356859896,0.737432062625885,future,0.7,complete_oracle_diagnostic
778,0.739451765585777,0.7370694875717163,future,0.7,complete_oracle_diagnostic
779,0.7373609136293924,0.7367059588432312,future,0.7,complete_oracle_diagnostic
780,0.7360436958453382,0.7363414764404297,future,0.7,complete_oracle_diagnostic
781,0.7353706377123583,0.7359760999679565,future,0.7,complete_oracle_diagnostic
782,0.7345054658758235,0.735609769821167,future,0.7,complete_oracle_diagnostic
783,0.7336355900107541,0.7352426052093506,future,0.7,complete_oracle_diagnostic
784,0.7346536848315198,0.7348744869232178,future,0.7,complete_oracle_diagnostic
785,0.7365856747659647,0.7345053553581238,future,0.7,complete_oracle_diagnostic
786,0.7368169773906355,0.7341352701187134,future,0.7,complete_oracle_diagnostic
787,0.7333603569827677,0.7337642908096313,future,0.7,complete_oracle_diagnostic
788,0.7306860934045445,0.7333924174308777,future,0.7,complete_oracle_diagnostic
789,0.7294190256764628,0.7330195903778076,future,0.7,complete_oracle_diagnostic
790,0.7284106110371708,0.7326457500457764,future,0.7,complete_oracle_diagnostic
791,0.7273821641456755,0.7322709560394287,future,0.7,complete_oracle_diagnostic
792,0.7279665123313632,0.7318952083587646,future,0.7,complete_oracle_diagnostic
793,0.7272661920933026,0.7315186262130737,future,0.7,complete_oracle_diagnostic
794,0.724737623985251,0.7311409711837769,future,0.7,complete_oracle_diagnostic
795,0.7247214398509099,0.7307623624801636,future,0.7,complete_oracle_diagnostic
796,0.724235051609741,0.7303826808929443,future,0.7,complete_oracle_diagnostic
797,0.7234620625333849,0.7300021648406982,future,0.7,complete_oracle_diagnostic
798,0.7228231504414933,0.7296205759048462,future,0.7,complete_oracle_diagnostic
799,0.7232614012744055,0.729237973690033,future,0.7,complete_oracle_diagnostic
800,0.7248506275958331,0.7288544774055481,future,0.7,complete_oracle_diagnostic
801,0.7249208329078698,0.728469967842102,future,0.7,complete_oracle_diagnostic
802,0.7247878417804591,0.7280845046043396,future,0.7,complete_oracle_diagnostic
803,0.7225843125291348,0.7276979684829712,future,0.7,complete_oracle_diagnostic
804,0.7216002253748768,0.7273104786872864,future,0.7,complete_oracle_diagnostic
805,0.7210762765408881,0.7269219756126404,future,0.7,complete_oracle_diagnostic
806,0.7206251536410254,0.7265323996543884,future,0.7,complete_oracle_diagnostic
807,0.7203488537928987,0.7261419296264648,future,0.7,complete_oracle_diagnostic
808,0.7197476332520839,0.7257504463195801,future,0.7,complete_oracle_diagnostic
809,0.7192610187633723,0.7253578901290894,future,0.7,complete_oracle_diagnostic
810,0.7188811706466784,0.7249642610549927,future,0.7,complete_oracle_diagnostic
811,0.7188416046357321,0.7245697379112244,future,0.7,complete_oracle_diagnostic
812,0.7180392653769434,0.7241742610931396,future,0.7,complete_oracle_diagnostic
813,0.7173061241683332,0.723777711391449,future,0.7,complete_oracle_diagnostic
814,0.7168419204702888,0.7233803272247314,future,0.7,complete_oracle_diagnostic
815,0.716203218765835,0.7229819297790527,future,0.7,complete_oracle_diagnostic
816,0.7165814410314593,0.7225823402404785,future,0.7,complete_oracle_diagnostic
817,0.7187536960551172,0.7221816778182983,future,0.7,complete_oracle_diagnostic
818,0.7215020379360031,0.7217799425125122,future,0.7,complete_oracle_diagnostic
819,0.7240987433982993,0.7213771343231201,future,0.7,complete_oracle_diagnostic
820,0.7251867980203686,0.7209733128547668,future,0.7,complete_oracle_diagnostic
821,0.7258855283416425,0.7205682992935181,future,0.7,complete_oracle_diagnostic
822,0.7258146450361019,0.7201623320579529,future,0.7,complete_oracle_diagnostic
823,0.7254369432167487,0.719755232334137,future,0.7,complete_oracle_diagnostic
824,0.725322454530416,0.7193468809127808,future,0.7,complete_oracle_diagnostic
825,0.7262490429023306,0.7189376354217529,future,0.7,complete_oracle_diagnostic
826,0.72688886546752,0.7185271978378296,future,0.7,complete_oracle_diagnostic
827,0.7260331312555276,0.7181159257888794,future,0.7,complete_oracle_diagnostic
828,0.7241866518545386,0.7177035808563232,future,0.7,complete_oracle_diagnostic
829,0.7230479541066872,0.7172900438308716,future,0.7,complete_oracle_diagnostic
830,0.7219363564446741,0.7168753147125244,future,0.7,complete_oracle_diagnostic
831,0.7208478212408147,0.7164595723152161,future,0.7,complete_oracle_diagnostic
832,0.720062241046368,0.7160426378250122,future,0.7,complete_oracle_diagnostic
833,0.7195375643356724,0.7156246304512024,future,0.7,complete_oracle_diagnostic
834,0.7192808855281114,0.7152053713798523,future,0.7,complete_oracle_diagnostic
835,0.7194950766215533,0.714785099029541,future,0.7,complete_oracle_diagnostic
836,0.7179566003814715,0.7143636345863342,future,0.7,complete_oracle_diagnostic
837,0.7169412111521808,0.7139410972595215,future,0.7,complete_oracle_diagnostic
838,0.716442872010641,0.7135173082351685,future,0.7,complete_oracle_diagnostic
839,0.7155712814617379,0.7130924463272095,future,0.7,complete_oracle_diagnostic
840,0.7147895082130966,0.712666392326355,future,0.7,complete_oracle_diagnostic
841,0.71678263208838,0.7122392654418945,future,0.7,complete_oracle_diagnostic
842,0.7177571505231229,0.711810827255249,future,0.7,complete_oracle_diagnostic
843,0.7175696384323839,0.7113813757896423,future,0.7,complete_oracle_diagnostic
844,0.7170041623094254,0.7109506130218506,future,0.7,complete_oracle_diagnostic
845,0.7166592465879263,0.7105187773704529,future,0.7,complete_oracle_diagnostic
846,0.7162778003923279,0.7100857496261597,future,0.7,complete_oracle_diagnostic
847,0.7157832178331363,0.709651529788971,future,0.7,complete_oracle_diagnostic
848,0.7168204769503029,0.7092161774635315,future,0.7,complete_oracle_diagnostic
849,0.71743413814741,0.7087795734405518,future,0.7,complete_oracle_diagnostic
850,0.715847555898268,0.7083418369293213,future,0.7,complete_oracle_diagnostic
851,0.71497708988692,0.7079029083251953,future,0.7,complete_oracle_diagnostic
852,0.7140785163243315,0.7074627876281738,future,0.7,complete_oracle_diagnostic
853,0.7104643671495108,0.7070214748382568,future,0.7,complete_oracle_diagnostic
854,0.7091306841300173,0.7065790295600891,future,0.7,complete_oracle_diagnostic
855,0.7086413945540924,0.7061352729797363,future,0.7,complete_oracle_diagnostic
856,0.7103471926016194,0.7056903839111328,future,0.7,complete_oracle_diagnostic
857,0.71139984688474,0.7052443027496338,future,0.7,complete_oracle_diagnostic
858,0.7110526211734604,0.7047969102859497,future,0.7,complete_oracle_diagnostic
859,0.7082053781196215,0.7043482661247253,future,0.7,complete_oracle_diagnostic
860,0.7069369314060262,0.7038983702659607,future,0.7,complete_oracle_diagnostic
861,0.7056669024755075,0.7034473419189453,future,0.7,complete_oracle_diagnostic
862,0.7064455471108131,0.7029950618743896,future,0.7,complete_oracle_diagnostic
863,0.7087177102145636,0.7025414705276489,future,0.7,complete_oracle_diagnostic
864,0.7089445155777429,0.7020867466926575,future,0.7,complete_oracle_diagnostic
865,0.7168652853664506,0.7016307711601257,future,0.7,complete_oracle_diagnostic
866,0.7169926327995295,0.7011734247207642,future,0.7,complete_oracle_diagnostic
867,0.7171257383857448,0.7007148861885071,future,0.7,complete_oracle_diagnostic
868,0.7168981281244866,0.7002550959587097,future,0.7,complete_oracle_diagnostic
869,0.7163345101869857,0.6997939944267273,future,0.7,complete_oracle_diagnostic
870,0.715589776018127,0.6993316411972046,future,0.7,complete_oracle_diagnostic
871,0.717228755268835,0.6988680958747864,future,0.7,complete_oracle_diagnostic
872,0.716255726488,0.6984032392501831,future,0.7,complete_oracle_diagnostic
873,0.7138309810916947,0.6979371309280396,future,0.7,complete_oracle_diagnostic
874,0.7122571924371301,0.6974697113037109,future,0.7,complete_oracle_diagnostic
875,0.7108933810570282,0.6970009803771973,future,0.7,complete_oracle_diagnostic
876,0.7095899926741773,0.6965310573577881,future,0.7,complete_oracle_diagnostic
877,0.7087868596121587,0.6960597038269043,future,0.7,complete_oracle_diagnostic
878,0.7079570067188153,0.6955870985984802,future,0.7,complete_oracle_diagnostic
879,0.7073751770716415,0.6951131820678711,future,0.7,complete_oracle_diagnostic
880,0.7064319006502879,0.6946378946304321,future,0.7,complete_oracle_diagnostic
881,0.7051814975078544,0.6941612958908081,future,0.7,complete_oracle_diagnostic
882,0.7012421440043222,0.6936834454536438,future,0.7,complete_oracle_diagnostic
883,0.6989484070653108,0.6932041645050049,future,0.7,complete_oracle_diagnostic
884,0.6974607043180573,0.6927236318588257,future,0.7,complete_oracle_diagnostic
885,0.696750808955284,0.6922417283058167,future,0.7,complete_oracle_diagnostic
886,0.6962399005001461,0.6917585134506226,future,0.7,complete_oracle_diagnostic
887,0.698003056479356,0.6912739276885986,future,0.7,complete_oracle_diagnostic
888,0.6978362292374235,0.6907879710197449,future,0.7,complete_oracle_diagnostic
889,0.697750647403338,0.6903008222579956,future,0.7,complete_oracle_diagnostic
890,0.6930577175540452,0.6898123025894165,future,0.7,complete_oracle_diagnostic
891,0.6940231984338437,0.6893223524093628,future,0.7,complete_oracle_diagnostic
892,0.6934351266197314,0.6888310313224792,future,0.7,complete_oracle_diagnostic
893,0.6949158037573971,0.6883383989334106,future,0.7,complete_oracle_diagnostic
894,0.6965335000779755,0.6878443360328674,future,0.7,complete_oracle_diagnostic
895,0.6963292537391285,0.6873489618301392,future,0.7,complete_oracle_diagnostic
896,0.694163685999784,0.6868520975112915,future,0.7,complete_oracle_diagnostic
897,0.6921398906464216,0.6863539218902588,future,0.7,complete_oracle_diagnostic
898,0.6904552418648314,0.6858543753623962,future,0.7,complete_oracle_diagnostic
899,0.688956212188811,0.6853533983230591,future,0.7,complete_oracle_diagnostic
900,0.6873370023747968,0.6848509907722473,future,0.7,complete_oracle_diagnostic
901,0.6872067713652793,0.6843471527099609,future,0.7,complete_oracle_diagnostic
902,0.6885875891360963,0.6838419437408447,future,0.7,complete_oracle_diagnostic
903,0.6877177986235369,0.6833353042602539,future,0.7,complete_oracle_diagnostic
904,0.6869391187697487,0.682827353477478,future,0.7,complete_oracle_diagnostic
905,0.6843023886977881,0.682317852973938,future,0.7,complete_oracle_diagnostic
906,0.6825793521806608,0.6818070411682129,future,0.7,complete_oracle_diagnostic
907,0.6843031806142214,0.6812946796417236,future,0.7,complete_oracle_diagnostic
908,0.6856575560459527,0.6807810664176941,future,0.7,complete_oracle_diagnostic
909,0.6904665253797351,0.6802659034729004,future,0.7,complete_oracle_diagnostic
910,0.6899363190496905,0.6797493696212769,future,0.7,complete_oracle_diagnostic
911,0.6899639554377798,0.6792313456535339,future,0.7,complete_oracle_diagnostic
912,0.6896959897737912,0.6787117719650269,future,0.7,complete_oracle_diagnostic
913,0.6893832450633206,0.6781908869743347,future,0.7,complete_oracle_diagnostic
914,0.6882758886305533,0.677668571472168,future,0.7,complete_oracle_diagnostic
915,0.689811999094377,0.6771447658538818,future,0.7,complete_oracle_diagnostic
916,0.6882047401586866,0.6766194105148315,future,0.7,complete_oracle_diagnostic
917,0.688768727887652,0.6760927438735962,future,0.7,complete_oracle_diagnostic
918,0.6854640526523373,0.6755645275115967,future,0.7,complete_oracle_diagnostic
919,0.6841200089978406,0.675034761428833,future,0.7,complete_oracle_diagnostic
920,0.6829031395612353,0.6745036840438843,future,0.7,complete_oracle_diagnostic
921,0.6815851505289084,0.6739710569381714,future,0.7,complete_oracle_diagnostic
922,0.6823566619262204,0.6734369993209839,future,0.7,complete_oracle_diagnostic
923,0.6832616348481033,0.672901451587677,future,0.7,complete_oracle_diagnostic
924,0.6832849466823419,0.6723644137382507,future,0.7,complete_oracle_diagnostic
925,0.6799350649788387,0.6718258857727051,future,0.7,complete_oracle_diagnostic
926,0.6810399176242989,0.6712858080863953,future,0.7,complete_oracle_diagnostic
927,0.6805051011799571,0.6707443594932556,future,0.7,complete_oracle_diagnostic
928,0.6799989654808883,0.6702014207839966,future,0.7,complete_oracle_diagnostic
929,0.6806335937784592,0.6696568727493286,future,0.7,complete_oracle_diagnostic
930,0.6821739129968328,0.6691108345985413,future,0.7,complete_oracle_diagnostic
931,0.6839014325700361,0.6685633063316345,future,0.7,complete_oracle_diagnostic
932,0.6820939168568207,0.6680142879486084,future,0.7,complete_oracle_diagnostic
933,0.6799865941166396,0.6674637198448181,future,0.7,complete_oracle_diagnostic
934,0.6783726450443127,0.6669116020202637,future,0.7,complete_oracle_diagnostic
935,0.6748738974948372,0.6663581132888794,future,0.7,complete_oracle_diagnostic
936,0.6720687961027435,0.6658029556274414,future,0.7,complete_oracle_diagnostic
937,0.6708370424098599,0.6652462482452393,future,0.7,complete_oracle_diagnostic
938,0.6734609909860491,0.6646881699562073,future,0.7,complete_oracle_diagnostic
939,0.6733700758431322,0.6641284227371216,future,0.7,complete_oracle_diagnostic
940,0.6754252308482692,0.6635671854019165,future,0.7,complete_oracle_diagnostic
941,0.6720880192866548,0.6630043983459473,future,0.7,complete_oracle_diagnostic
942,0.6682154523039548,0.6624400615692139,future,0.7,complete_oracle_diagnostic
943,0.6671609676512928,0.6618742346763611,future,0.7,complete_oracle_diagnostic
944,0.6633483396576735,0.6613068580627441,future,0.7,complete_oracle_diagnostic
945,0.6664143000741843,0.660737931728363,future,0.7,complete_oracle_diagnostic
946,0.6714204261477926,0.6601674556732178,future,0.7,complete_oracle_diagnostic
947,0.6706936186611585,0.6595954895019531,future,0.7,complete_oracle_diagnostic
948,0.6703484397443459,0.6590219140052795,future,0.7,complete_oracle_diagnostic
949,0.6686634866885113,0.6584468483924866,future,0.7,complete_oracle_diagnostic
950,0.665275969501393,0.6578704118728638,future,0.7,complete_oracle_diagnostic
951,0.6630756816609984,0.657292366027832,future,0.7,complete_oracle_diagnostic
952,0.6619638387602343,0.6567127108573914,future,0.7,complete_oracle_diagnostic
953,0.6702675678536875,0.6561316251754761,future,0.7,complete_oracle_diagnostic
954,0.6682880748995313,0.6555489301681519,future,0.7,complete_oracle_diagnostic
955,0.6662522460845133,0.6549645662307739,future,0.7,complete_oracle_diagnostic
956,0.6643320249277501,0.6543786525726318,future,0.7,complete_oracle_diagnostic
957,0.6635160227285992,0.6537911891937256,future,0.7,complete_oracle_diagnostic
958,0.6651164194950682,0.6532021760940552,future,0.7,complete_oracle_diagnostic
959,0.6689441703315503,0.6526116132736206,future,0.7,complete_oracle_diagnostic
960,0.6689666999641695,0.6520195007324219,future,0.7,complete_oracle_diagnostic
961,0.6692383864651319,0.6514257788658142,future,0.7,complete_oracle_diagnostic
962,0.6663232423528651,0.6508304476737976,future,0.7,complete_oracle_diagnostic
963,0.6651202559297149,0.6502336263656616,future,0.7,complete_oracle_diagnostic
964,0.6643745364185636,0.6496351957321167,future,0.7,complete_oracle_diagnostic
965,0.664088259444321,0.6490352153778076,future,0.7,complete_oracle_diagnostic
966,0.6640810536896437,0.6484336853027344,future,0.7,complete_oracle_diagnostic
967,0.6665084886650753,0.647830605506897,future,0.7,complete_oracle_diagnostic
968,0.665531853754363,0.6472259759902954,future,0.7,complete_oracle_diagnostic
969,0.6652858738888094,0.6466197967529297,future,0.7,complete_oracle_diagnostic
970,0.6615442702402499,0.6460120677947998,future,0.7,complete_oracle_diagnostic
971,0.6613081535436994,0.6454027891159058,future,0.7,complete_oracle_diagnostic
972,0.6596217066462307,0.6447919607162476,future,0.7,complete_oracle_diagnostic
973,0.6581449005126053,0.6441797614097595,future,0.7,complete_oracle_diagnostic
974,0.6584932484831537,0.6435660123825073,future,0.7,complete_oracle_diagnostic
975,0.6595145084551431,0.6429506540298462,future,0.7,complete_oracle_diagnostic
976,0.658124387070892,0.6423337459564209,future,0.7,complete_oracle_diagnostic
977,0.6568064820137857,0.6417152285575867,future,0.7,complete_oracle_diagnostic
978,0.6529528985642957,0.6410951614379883,future,0.7,complete_oracle_diagnostic
979,0.6508689132035901,0.6404736042022705,future,0.7,complete_oracle_diagnostic
980,0.6463793760448722,0.6398504376411438,future,0.7,complete_oracle_diagnostic
981,0.644364628087351,0.6392258405685425,future,0.7,complete_oracle_diagnostic
982,0.6426248993065783,0.6385995149612427,future,0.7,complete_oracle_diagnostic
983,0.6458802590025118,0.6379717588424683,future,0.7,complete_oracle_diagnostic
984,0.6460343735433346,0.6373425126075745,future,0.7,complete_oracle_diagnostic
985,0.6464728902907058,0.636711835861206,future,0.7,complete_oracle_diagnostic
986,0.6463744970504506,0.6360795497894287,future,0.7,complete_oracle_diagnostic
987,0.6453534026324738,0.635445773601532,future,0.7,complete_oracle_diagnostic
988,0.6440257109697148,0.6348104476928711,future,0.7,complete_oracle_diagnostic
989,0.6419387399411418,0.6341736316680908,future,0.7,complete_oracle_diagnostic
990,0.6516000730339937,0.6335353851318359,future,0.7,complete_oracle_diagnostic
991,0.6471437394972522,0.6328955888748169,future,0.7,complete_oracle_diagnostic
992,0.6445500284571181,0.6322543621063232,future,0.7,complete_oracle_diagnostic
993,0.6447813394501901,0.631611704826355,future,0.7,complete_oracle_diagnostic
994,0.6495046278620923,0.6309676170349121,future,0.7,complete_oracle_diagnostic
995,0.6508240157076274,0.6303219795227051,future,0.7,complete_oracle_diagnostic
996,0.6497819418057701,0.6296749114990234,future,0.7,complete_oracle_diagnostic
997,0.6475269328497848,0.6290265321731567,future,0.7,complete_oracle_diagnostic
998,0.6457314117880542,0.6283766627311707,future,0.7,complete_oracle_diagnostic
999,0.6439062385522473,0.62772536277771,future,0.7,complete_oracle_diagnostic
1000,0.6430253530935996,0.6270725727081299,future,0.7,complete_oracle_diagnostic
1001,0.6450675408629724,0.6264185309410095,future,0.7,complete_oracle_diagnostic
1002,0.6467936266979261,0.625762939453125,future,0.7,complete_oracle_diagnostic
1003,0.6459046365199529,0.6251059174537659,future,0.7,complete_oracle_diagnostic
1004,0.6462487654753516,0.6244476437568665,future,0.7,complete_oracle_diagnostic
1005,0.6433987021612937,0.6237878203392029,future,0.7,complete_oracle_diagnostic
1006,0.6418636778909195,0.623126745223999,future,0.7,complete_oracle_diagnostic
1007,0.6405990502823877,0.6224642395973206,future,0.7,complete_oracle_diagnostic
1008,0.6393765475702903,0.621800422668457,future,0.7,complete_oracle_diagnostic
1009,0.6373538210585871,0.6211352348327637,future,0.7,complete_oracle_diagnostic
1010,0.6395755888122879,0.6204687356948853,future,0.7,complete_oracle_diagnostic
1011,0.6400165259927842,0.619800865650177,future,0.7,complete_oracle_diagnostic
1012,0.63948374134118,0.6191317439079285,future,0.7,complete_oracle_diagnostic
1013,0.6386177289918716,0.6184612512588501,future,0.7,complete_oracle_diagnostic
1014,0.6361181300314515,0.6177895069122314,future,0.7,complete_oracle_diagnostic
1015,0.6348197328176182,0.6171164512634277,future,0.7,complete_oracle_diagnostic
1016,0.6354157097897836,0.6164422035217285,future,0.7,complete_oracle_diagnostic
1017,0.6363987558230356,0.6157666444778442,future,0.7,complete_oracle_diagnostic
1018,0.655682730852744,0.6150897741317749,future,0.7,complete_oracle_diagnostic
1019,0.6547197391200325,0.6144118309020996,future,0.7,complete_oracle_diagnostic
1020,0.6529142967846943,0.6137326955795288,future,0.7,complete_oracle_diagnostic
1021,0.652337308271153,0.6130523085594177,future,0.7,complete_oracle_diagnostic
1022,0.6511823562783853,0.6123707294464111,future,0.7,complete_oracle_diagnostic
1023,0.6507145088047036,0.6116880178451538,future,0.7,complete_oracle_diagnostic
1024,0.6509121856446701,0.611004114151001,future,0.7,complete_oracle_diagnostic
1025,0.6511069649796442,0.6103191375732422,future,0.7,complete_oracle_diagnostic
1026,0.6503997071552555,0.6096330285072327,future,0.7,complete_oracle_diagnostic
1027,0.6498773079096821,0.6089457273483276,future,0.7,complete_oracle_diagnostic
1028,0.6470487739410724,0.6082574129104614,future,0.7,complete_oracle_diagnostic
1029,0.6554190605222942,0.6075680255889893,future,0.7,complete_oracle_diagnostic
1030,0.6539047441512366,0.6068775653839111,future,0.7,complete_oracle_diagnostic
1031,0.6514641006705415,0.6061860918998718,future,0.7,complete_oracle_diagnostic
1032,0.6487006421858875,0.6054935455322266,future,0.7,complete_oracle_diagnostic
1033,0.6506982165512237,0.6048002243041992,future,0.7,complete_oracle_diagnostic
1034,0.6509049550688447,0.6041057109832764,future,0.7,complete_oracle_diagnostic
1035,0.6511289667866414,0.6034103035926819,future,0.7,complete_oracle_diagnostic
1036,0.647552103822452,0.602713942527771,future,0.7,complete_oracle_diagnostic
1037,0.6448544569139503,0.6020166873931885,future,0.7,complete_oracle_diagnostic
1038,0.6430382659597998,0.6013185381889343,future,0.7,complete_oracle_diagnostic
1039,0.6410635029971241,0.6006195545196533,future,0.7,complete_oracle_diagnostic
1040,0.6375360670343841,0.5999196767807007,future,0.7,complete_oracle_diagnostic
1041,0.6360972373294536,0.5992189645767212,future,0.7,complete_oracle_diagnostic
1042,0.636135253006075,0.5985174775123596,future,0.7,complete_oracle_diagnostic
1043,0.6369265184593248,0.5978151559829712,future,0.7,complete_oracle_diagnostic
1044,0.6362878120873584,0.5971121788024902,future,0.7,complete_oracle_diagnostic
1045,0.6330648472145609,0.5964086055755615,future,0.7,complete_oracle_diagnostic
1046,0.6280156937266375,0.5957041382789612,future,0.7,complete_oracle_diagnostic
1047,0.624088213064076,0.5949990749359131,future,0.7,complete_oracle_diagnostic
1048,0.6215057979224874,0.5942933559417725,future,0.7,complete_oracle_diagnostic
1049,0.6232995995252529,0.5935870409011841,future,0.7,complete_oracle_diagnostic
1050,0.6258942425615712,0.5928800702095032,future,0.7,complete_oracle_diagnostic
1051,0.6229734269728079,0.5921726226806641,future,0.7,complete_oracle_diagnostic
1052,0.6203958789534024,0.5914645791053772,future,0.7,complete_oracle_diagnostic
1053,0.6182036971596703,0.5907560586929321,future,0.7,complete_oracle_diagnostic
1054,0.6168003496443732,0.5900469422340393,future,0.7,complete_oracle_diagnostic
1055,0.6151249209121527,0.5893374681472778,future,0.7,complete_oracle_diagnostic
1056,0.6140316966258124,0.5886274576187134,future,0.7,complete_oracle_diagnostic
1057,0.6148377924341486,0.587917149066925,future,0.7,complete_oracle_diagnostic
1058,0.6147890171868834,0.5872064828872681,future,0.7,complete_oracle_diagnostic
1059,0.6151467217888132,0.5864953994750977,future,0.7,complete_oracle_diagnostic
1060,0.6130857331479727,0.5857840776443481,future,0.7,complete_oracle_diagnostic
1061,0.6095318733238945,0.5850725173950195,future,0.7,complete_oracle_diagnostic
1062,0.6091261791665702,0.584360659122467,future,0.7,complete_oracle_diagnostic
1063,0.607774179863525,0.583648681640625,future,0.7,complete_oracle_diagnostic
1064,0.6070476341828905,0.5829364657402039,future,0.7,complete_oracle_diagnostic
1065,0.607231818888235,0.5822241306304932,future,0.7,complete_oracle_diagnostic
1066,0.6071966994035293,0.5815116167068481,future,0.7,complete_oracle_diagnostic
1067,0.6138355389673074,0.5807991027832031,future,0.7,complete_oracle_diagnostic
1068,0.6127050034020365,0.5800865888595581,future,0.7,complete_oracle_diagnostic
1069,0.6116075246297319,0.5793740749359131,future,0.7,complete_oracle_diagnostic
1070,0.6088560230183551,0.5786616206169128,future,0.7,complete_oracle_diagnostic
1071,0.6091759146498367,0.5779492855072021,future,0.7,complete_oracle_diagnostic
1072,0.6088488299119622,0.5772370100021362,future,0.7,complete_oracle_diagnostic
