fold,seed,model,cell_id,alpha,beta,status,reason,future_rmse,current_soh_abs_error,nll,coverage_95,interval_width_95,inference_latency_ms,inference_latency_median_ms,inference_latency_std_ms,current_cycle,num_context_points,num_target_points,reference_cycles
0,42,soh_only_anp,MATR_SYNTH_02,0.3,0.0,ok,,0.0322789368136631,0.0276884783541243,-1.8975035906685267,0.1904761904761904,0.0248470598630177,6.456299917772412,6.456299917772412,0.0,8,7,21,"5,6,7"
0,42,soh_only_anp,MATR_SYNTH_02,0.3,0.5,ok,,0.0322789368136631,0.0276884783541243,-1.8975035906685267,0.1904761904761904,0.0248470598630177,6.456299917772412,6.456299917772412,0.0,8,7,21,"5,6,7"
0,42,soh_only_anp,MATR_SYNTH_02,0.3,1.0,ok,,0.0322789368136631,0.0276884783541243,-1.8975035906685267,0.1904761904761904,0.0248470598630177,6.456299917772412,6.456299917772412,0.0,8,7,21,"5,6,7"
0,42,soh_only_anp,MATR_SYNTH_02,0.7,0.0,ok,,0.0436391184690635,0.0216463993736373,-1.3960289230568717,0.1,0.0276291221006453,21.836400032043457,21.836400032043457,0.0,19,16,10,"5,6,7,8,9,10"
0,42,soh_only_anp,MATR_SYNTH_02,0.7,0.5,ok,,0.0436391184690635,0.0216463993736373,-1.3960289230568717,0.1,0.0276291221006453,21.836400032043457,21.836400032043457,0.0,19,16,10,"5,6,7,8,9,10"
0,42,soh_only_anp,MATR_SYNTH_02,0.7,1.0,ok,,0.0436391184690635,0.0216463993736373,-1.3960289230568717,0.1,0.0276291221006453,21.836400032043457,21.836400032043457,0.0,19,16,10,"5,6,7,8,9,10"
0,42,soh_only_anp,MATR_SYNTH_03,0.3,0.0,ok,,0.033243056543949,0.0253155336592357,-1.8844209553657032,0.1904761904761904,0.0285056632481551,12.453600065782666,12.453600065782666,0.0,8,7,21,"5,6,7"
0,42,soh_only_anp,MATR_SYNTH_03,0.3,0.5,ok,,0.033243056543949,0.0253155336592357,-1.8844209553657032,0.1904761904761904,0.0285056632481551,12.453600065782666,12.453600065782666,0.0,8,7,21,"5,6,7"
0,42,soh_only_anp,MATR_SYNTH_03,0.3,1.0,ok,,0.033243056543949,0.0253155336592357,-1.8844209553657032,0.1904761904761904,0.0285056632481551,12.453600065782666,12.453600065782666,0.0,8,7,21,"5,6,7"
0,42,soh_only_anp,MATR_SYNTH_03,0.7,0.0,ok,,0.0449986519349373,0.0228980117147662,-1.0757146140671614,0.0,0.0211882359985687,8.862399961799383,8.862399961799383,0.0,19,16,10,"5,6,7,8,9,10"
0,42,soh_only_anp,MATR_SYNTH_03,0.7,0.5,ok,,0.0449986519349373,0.0228980117147662,-1.0757146140671614,0.0,0.0211882359985687,8.862399961799383,8.862399961799383,0.0,19,16,10,"5,6,7,8,9,10"
0,42,soh_only_anp,MATR_SYNTH_03,0.7,1.0,ok,,0.0449986519349373,0.0228980117147662,-1.0757146140671614,0.0,0.0211882359985687,8.862399961799383,8.862399961799383,0.0,19,16,10,"5,6,7,8,9,10"
0,42,partial_iv_anp,MATR_SYNTH_02,0.3,0.0,ok,,0.0274830745910576,0.0387735113060084,-2.1502744011722927,0.2857142857142857,0.0232677115346569,14.024700038135052,14.024700038135052,0.0,8,7,21,"5,6,7"
0,42,partial_iv_anp,MATR_SYNTH_02,0.3,0.5,ok,,0.0273226098976144,0.0395551674660396,-2.1595977725827344,0.238095238095238,0.0234062976516173,13.674000045284629,13.674000045284629,0.0,8,7,21,"5,6,7"
0,42,partial_iv_anp,MATR_SYNTH_02,0.3,1.0,ok,,0.0273219941135978,0.0395580945577395,-2.159634074461804,0.238095238095238,0.0234065868233716,11.364799924194813,11.364799924194813,0.0,8,7,21,"5,6,7"
0,42,partial_iv_anp,MATR_SYNTH_02,0.7,0.0,ok,,0.031359726236766,0.0087176292781263,-1.9602369051020108,0.2,0.023753722767827,10.084599955007434,10.084599955007434,0.0,19,16,10,"5,6,7,8,9,10"
0,42,partial_iv_anp,MATR_SYNTH_02,0.7,0.5,ok,,0.0305168155661837,0.0078001776607591,-2.010596898707574,0.3,0.0239815437196483,14.068299904465675,14.068299904465675,0.0,19,16,10,"5,6,7,8,9,10"
0,42,partial_iv_anp,MATR_SYNTH_02,0.7,1.0,ok,,0.030515590093579,0.0077988698402133,-2.0106679270807044,0.3,0.0239818958791633,8.388000074774027,8.388000074774027,0.0,19,16,10,"5,6,7,8,9,10"
0,42,partial_iv_anp,MATR_SYNTH_03,0.3,0.0,ok,,0.0279623403361535,0.0365018058754357,-2.1243041175745896,0.0476190476190476,0.025796242606552,11.800100095570087,11.800100095570087,0.0,8,7,21,"5,6,7"
0,42,partial_iv_anp,MATR_SYNTH_03,0.3,0.5,ok,,0.0277190878341719,0.0373937299673086,-2.1391686588007865,0.0952380952380952,0.0260215277558869,11.6503001190722,11.6503001190722,0.0,8,7,21,"5,6,7"
0,42,partial_iv_anp,MATR_SYNTH_03,0.3,1.0,ok,,0.0277184434622201,0.0373959775798645,-2.13920337140354,0.0952380952380952,0.0260217671162683,3.9045000448822975,3.9045000448822975,0.0,8,7,21,"5,6,7"
0,42,partial_iv_anp,MATR_SYNTH_03,0.7,0.0,ok,,0.0346894473743074,0.0123071948444017,-1.7820185864267777,0.2,0.0217514398423641,5.340800154954195,5.340800154954195,0.0,19,16,10,"5,6,7,8,9,10"
0,42,partial_iv_anp,MATR_SYNTH_03,0.7,0.5,ok,,0.0338494949686829,0.0114095212926962,-1.8389592625898448,0.2,0.0219080768440652,9.339499985799192,9.339499985799192,0.0,19,16,10,"5,6,7,8,9,10"
0,42,partial_iv_anp,MATR_SYNTH_03,0.7,1.0,ok,,0.0338488041347179,0.0114088010121627,-1.8390089445422169,0.2,0.0219083723345299,14.03949991799891,14.03949991799891,0.0,19,16,10,"5,6,7,8,9,10"
0,42,hs_anp,MATR_SYNTH_02,0.3,0.0,ok,,0.0334198148100655,0.0266460505839378,-1.8840177785875192,0.1904761904761904,0.0259529598540301,37.11070003919304,37.11070003919304,0.0,8,7,21,
0,42,hs_anp,MATR_SYNTH_02,0.3,0.5,ok,,0.0334198148100655,0.0266460505839378,-1.8840177785875192,0.1904761904761904,0.0259529598540301,37.11070003919304,37.11070003919304,0.0,8,7,21,
0,42,hs_anp,MATR_SYNTH_02,0.3,1.0,ok,,0.0334198148100655,0.0266460505839378,-1.8840177785875192,0.1904761904761904,0.0259529598540301,37.11070003919304,37.11070003919304,0.0,8,7,21,
0,42,hs_anp,MATR_SYNTH_02,0.7,0.0,ok,,0.0459068872806614,0.0235534321211789,-1.278824758863909,0.1,0.0280366442800795,29.56200018525124,29.56200018525124,0.0,19,16,10,
0,42,hs_anp,MATR_SYNTH_02,0.7,0.5,ok,,0.0459068872806614,0.0235534321211789,-1.278824758863909,0.1,0.0280366442800795,29.56200018525124,29.56200018525124,0.0,19,16,10,
0,42,hs_anp,MATR_SYNTH_02,0.7,1.0,ok,,0.0459068872806614,0.0235534321211789,-1.278824758863909,0.1,0.0280366442800795,29.56200018525124,29.56200018525124,0.0,19,16,10,
0,42,hs_anp,MATR_SYNTH_03,0.3,0.0,ok,,0.0350813080151703,0.0238502518461957,-1.8074677233360164,0.1428571428571428,0.0288577617662963,40.1482000015676,40.1482000015676,0.0,8,7,21,
0,42,hs_anp,MATR_SYNTH_03,0.3,0.5,ok,,0.0350813080151703,0.0238502518461957,-1.8074677233360164,0.1428571428571428,0.0288577617662963,40.1482000015676,40.1482000015676,0.0,8,7,21,
0,42,hs_anp,MATR_SYNTH_03,0.3,1.0,ok,,0.0350813080151703,0.0238502518461957,-1.8074677233360164,0.1428571428571428,0.0288577617662963,40.1482000015676,40.1482000015676,0.0,8,7,21,
0,42,hs_anp,MATR_SYNTH_03,0.7,0.0,ok,,0.0468816229785283,0.0245405656378808,-0.9032625665676202,0.0,0.0211552905818531,44.14099990390241,44.14099990390241,0.0,19,16,10,
0,42,hs_anp,MATR_SYNTH_03,0.7,0.5,ok,,0.0468816229785283,0.0245405656378808,-0.9032625665676202,0.0,0.0211552905818531,44.14099990390241,44.14099990390241,0.0,19,16,10,
0,42,hs_anp,MATR_SYNTH_03,0.7,1.0,ok,,0.0468816229785283,0.0245405656378808,-0.9032625665676202,0.0,0.0211552905818531,44.14099990390241,44.14099990390241,0.0,19,16,10,
