method,seed,held_out_protocol,support_repeat,adaptation_step,effective_adaptation_step,deployment_step_selection,deployment_selected_step,is_deployment_selection,support_loo_selected_mae_cycles,support_loo_zero_step_mae_cycles,count,mae_cycles,median_absolute_error_cycles,rmse_cycles,mape_percent,mean_bias_cycles,within_10_percent_accuracy,within_15_percent_accuracy,r2,max_absolute_error_cycles,y_general_mae_cycles,y_general_rmse_cycles,mean_absolute_y_general,mean_absolute_specific_residual,residual_to_general_ratio,residual_ratio_warning,general_representation_cosine_distance,general_representation_l2_distance,specific_representation_cosine_distance,specific_representation_l2_distance,source_validation_general_domain_accuracy,source_validation_specific_domain_accuracy,target_support_labels_used_for_adaptation,target_query_labels_used_for_adaptation_or_checkpoint_selection,prediction_mode
hybrid,42,protocol_1,0,0,0,support_loo,5,False,225.22552490234375,281.1025390625,6,417.9416097005208,297.5552978515625,572.9298092339507,26.322098455725868,-66.22774251302083,0.5,0.5,-0.20723757124424957,1015.320068359375,413.19455973307294,568.2623513500995,1783.5997314453125,17.533077239990234,0.009830163646516461,False,3.973643103449831e-08,0.0,-9.934107758624577e-09,0.0,0.25,0.125,False,False,residual
hybrid,42,protocol_1,0,1,1,support_loo,5,False,225.22552490234375,281.1025390625,6,420.0836588541667,300.084228515625,572.4095240485768,26.34703062219706,-72.28763834635417,0.5,0.5,-0.20504594980340585,1006.2275390625,414.9481201171875,567.6250407892162,1778.4722900390625,18.42650604248047,0.010360862041924615,False,3.973643103449831e-08,0.0,0.00012858709669671953,0.08124163001775742,0.25,0.125,True,False,residual
hybrid,42,protocol_1,0,2,2,support_loo,5,False,225.22552490234375,281.1025390625,6,422.09226481119794,302.5107421875,572.0300769062169,26.37071432118966,-77.96999104817708,0.5,0.5,-0.20344884259890428,997.76513671875,416.60398356119794,567.107157445003,1773.6435546875,19.280200958251953,0.010870392141249007,False,3.973643103449831e-08,0.0,0.0004711151123046875,0.15615761280059814,0.25,0.125,True,False,residual
hybrid,42,protocol_1,0,5,5,support_loo,5,True,225.22552490234375,281.1025390625,6,427.453369140625,309.22930908203125,571.5186999870984,26.435522596254696,-93.1304931640625,0.5,0.5,-0.20129811345017345,975.490966796875,421.0752360026042,566.1072731717076,1760.6744384765625,21.47167205810547,0.012195140446682467,False,3.973643103449831e-08,0.0,0.0023269555531442165,0.3507823348045349,0.25,0.125,True,False,residual
hybrid,42,protocol_1,0,10,10,support_loo,5,False,225.22552490234375,281.1025390625,6,434.7345784505208,318.86114501953125,571.9605206518712,26.528376308555895,-113.65840657552083,0.5,0.5,-0.20315619258643847,946.0802001953125,427.2395426432292,565.641903448595,1742.9681396484375,24.293289184570312,0.013937884825290238,False,3.973643103449831e-08,0.0,0.006708006374537945,0.6033376455307007,0.25,0.125,True,False,residual
hybrid,42,protocol_1,1,0,0,support_loo,0,True,518.244873046875,518.244873046875,6,338.89414469401044,294.37518310546875,440.38668236501553,16.69899969387014,-138.2186075846354,0.5,0.5,0.022894101449714932,836.2276611328125,332.2000325520833,429.87441041115545,1751.0340576171875,15.918713569641113,0.009091035951238634,False,0.0,0.0,-1.9868215517249155e-08,0.0,0.25,0.125,False,False,residual
hybrid,42,protocol_1,1,1,1,support_loo,0,False,518.244873046875,518.244873046875,6,341.06162516276044,290.376708984375,450.7287670600416,16.638469940209568,-154.69512939453125,0.5,0.5,-0.023537679729454197,869.897705078125,334.2322184244792,439.0195826778618,1736.5198974609375,17.548412322998047,0.010105506046119345,False,0.0,0.0,0.00044743221951648593,0.16078871488571167,0.25,0.125,True,False,residual
hybrid,42,protocol_1,1,2,2,support_loo,0,False,518.244873046875,518.244873046875,6,343.1835530598958,287.3006591796875,460.5418824568964,16.594322029398644,-169.50826009114584,0.5,0.5,-0.06859107955921351,899.900146484375,336.19854736328125,447.6931180394139,1723.4166259765625,19.25824546813965,0.011174457283204571,False,0.0,0.0,0.001551508903503418,0.30105143785476685,0.25,0.125,True,False,residual
hybrid,42,protocol_1,1,5,5,support_loo,0,False,518.244873046875,518.244873046875,6,353.78228759765625,281.862060546875,487.66899493731603,16.8316770408476,-207.3104044596354,0.5,0.5,-0.19818415068877315,975.7677001953125,341.8455403645833,471.49086729421094,1689.9891357421875,23.6328182220459,0.01398400600467005,False,0.0,0.0,0.007364203687757254,0.6601829528808594,0.25,0.125,True,False,residual
hybrid,42,protocol_1,1,10,10,support_loo,0,False,518.244873046875,518.244873046875,6,379.9319254557292,280.60333251953125,528.2554937304747,17.95291241146291,-257.6929117838542,0.3333333333333333,0.5,-0.40592231912130217,1076.93310546875,356.46921793619794,506.2827656080511,1645.9769287109375,30.003082275390625,0.018228130511457306,False,0.0,0.0,0.02312709018588066,1.1703624725341797,0.25,0.125,True,False,residual
hybrid,42,protocol_1,2,0,0,support_loo,5,False,238.797607421875,297.5552978515625,6,412.4573567708333,281.1025390625,571.2062734830122,27.817689629445404,126.658203125,0.5,0.5,-0.3146765423176143,1015.320068359375,415.7292887369792,570.3877259129403,1864.0445556640625,9.591153144836426,0.00514534543484643,False,0.0,0.0,-2.9802322387695312e-08,0.0,0.25,0.125,False,False,residual
hybrid,42,protocol_1,2,1,1,support_loo,5,False,238.797607421875,297.5552978515625,6,414.9437662760417,284.19879150390625,571.9580677797493,28.071151015201746,133.28788248697916,0.5,0.5,-0.31813944807567474,1023.124755859375,417.93027750651044,571.1708506398296,1869.75390625,9.252827644348145,0.0049486874253445055,False,0.0,0.0,0.00011174877727171406,0.07892580330371857,0.25,0.125,True,False,residual
hybrid,42,protocol_1,2,2,2,support_loo,5,False,238.797607421875,297.5552978515625,6,417.2744547526042,287.177001953125,572.8169894805199,28.309639277552463,139.5343017578125,0.5,0.5,-0.3221013772759074,1030.635009765625,419.9921468098958,572.0316823071598,1875.1297607421875,9.014996528625488,0.004807665430608545,False,0.0,0.0,0.0004192491469439119,0.15292541682720184,0.25,0.125,True,False,residual
hybrid,42,protocol_1,2,5,5,support_loo,5,True,238.797607421875,297.5552978515625,6,423.46331787109375,295.451416015625,575.8393556275395,28.94793369116655,156.2918904622396,0.5,0.5,-0.3360898457631789,1051.620849609375,425.45672607421875,574.9292254794638,1889.517578125,8.401505470275879,0.004446375925548591,False,0.0,0.0,0.0022046267986297607,0.35098060965538025,0.25,0.125,True,False,residual
hybrid,42,protocol_1,2,10,10,support_loo,5,False,238.797607421875,297.5552978515625,6,433.5828857421875,312.87451171875,581.6119018424524,29.906718222908268,178.91536458333334,0.5,0.5,-0.36301158456616145,1082.32275390625,432.6431477864583,580.2218122346233,1908.8018798828125,7.59254789352417,0.003977651098075355,False,0.0,0.0,0.006853739731013775,0.61946702003479,0.25,0.125,True,False,residual
hybrid,42,protocol_1,3,0,0,support_loo,0,True,438.0247802734375,438.0247802734375,6,365.63425699869794,294.37518310546875,499.0162198288324,26.85492325990361,160.20745849609375,0.5,0.5,-0.793854761717586,1015.320068359375,359.17885335286456,498.0023186709563,1862.8402099609375,10.17095947265625,0.005459920511845473,False,1.9868215517249155e-08,0.0,-2.9802322387695312e-08,0.0,0.25,0.125,False,False,residual
hybrid,42,protocol_1,3,1,1,support_loo,0,False,438.0247802734375,438.0247802734375,6,367.52256266276044,284.59991455078125,508.0106948337406,27.168403514139953,174.01214599609375,0.5,0.5,-0.8591039106009135,1043.472412109375,360.95640055338544,506.4583121415263,1874.9969482421875,9.7810697555542,0.005216579026821332,False,1.9868215517249155e-08,0.0,0.0003044605255126953,0.13023746013641357,0.25,0.125,True,False,residual
hybrid,42,protocol_1,3,2,2,support_loo,0,False,438.0247802734375,438.0247802734375,6,369.67413330078125,282.4703369140625,517.2944246408897,27.49424799013529,187.3525594075521,0.5,0.5,-0.9276738194170311,1071.283203125,362.9515787760417,515.0647259407822,1886.6806640625,9.494827270507812,0.005032556622519813,False,1.9868215517249155e-08,0.0,0.0012034376850351691,0.25850486755371094,0.25,0.125,True,False,residual
hybrid,42,protocol_1,3,5,5,support_loo,0,False,438.0247802734375,438.0247802734375,6,386.54345703125,281.39105224609375,546.7577486400554,29.010680961459762,225.30977376302084,0.5,0.5,-1.1535147311706595,1153.884033203125,376.6572672526042,541.6006067471899,1919.3773193359375,9.886187553405762,0.005150726464156701,False,1.9868215517249155e-08,0.0,0.0076878867112100124,0.6487427353858948,0.25,0.125,True,False,residual
hybrid,42,protocol_1,3,10,10,support_loo,0,False,438.0247802734375,438.0247802734375,6,419.5544026692708,283.061279296875,600.6881318607899,31.816479145959427,284.0981038411458,0.3333333333333333,0.5,-1.5992979042728388,1292.905517578125,404.14292399088544,586.9880619045975,1967.40625,15.411482810974121,0.007833401368412915,False,1.9868215517249155e-08,0.0,0.03629156947135925,1.386437177658081,0.25,0.125,True,False,residual
