iteration,weighted_meta_loss,ema_source_meta_loss,weighted_path_mean_query_loss,weighted_path_dispersion,weighted_path_worst_query_loss,alpha_entropy,effective_sources,mmd_objective,rbf_sigma,qp_solver_status,learning_rate,elapsed_seconds,eta_seconds,iteration_seconds,cuda_allocated_bytes,cuda_reserved_bytes
1,0.2415619194507599,0.2415619194507599,0.2415619194507599,0.0,0.2415619194507599,0.5856119990348816,1.465407133102417,7.112182553992152e-05,0.04909270525137259,OSQP:optimal,0.001,7.013388175051659,16123.779414443765,7.0133816821035,69254144,2447376384
2,0.22125054895877838,0.24115569204092027,0.22125054895877838,0.0,0.22125054895877838,0.5856509208679199,1.4654570817947388,7.109596509169425e-05,0.04910343055020468,OSQP:optimal,0.001,14.160746971145272,16270.698269845918,7.134028649190441,69549056,2470445056
3,0.20091186463832855,0.24035081549286844,0.20091186463832855,0.0,0.20091186463832855,0.5857092142105103,1.4655317068099976,7.10231886613677e-05,0.049084595076851874,OSQP:optimal,0.001,21.598043208010495,16536.901749600038,7.391462163068354,69541888,2487222272
4,0.17922808229923248,0.23912836082899572,0.17922808229923248,0.0,0.17922808229923248,0.585780680179596,1.4656234979629517,7.091397666902921e-05,0.04902604007020432,OSQP:optimal,0.001,28.945016387151554,16614.439406224992,7.301556830992922,69548544,2487222272
5,0.15951696038246155,0.23753613282006503,0.15951696038246155,0.0,0.15951696038246155,0.5858898758888245,1.465767741203308,7.069369423451377e-05,0.048935146693164996,OSQP:optimal,0.001,36.31029861001298,16666.427061995957,7.322912628995255,69537280,2487222272
6,0.13864390552043915,0.2355582882740725,0.13864390552043915,0.0,0.13864390552043915,0.5859777927398682,1.4658833742141724,7.050311767520245e-05,0.04879721594333983,OSQP:optimal,0.001,43.8215803289786,16754.450879112817,7.469663047930226,69528064,2493513728
7,0.11852669715881348,0.2332176564517673,0.11852669715881348,0.0,0.11852669715881348,0.586001455783844,1.4659112691879272,7.044847964110534e-05,0.04860374587071966,OSQP:optimal,0.001,51.27534790500067,16796.338963738075,7.4038260981906205,69548544,2493513728
8,0.09872806072235107,0.230527864537179,0.09872806072235107,0.0,0.09872806072235107,0.5860205292701721,1.4659337997436523,7.03790887747191e-05,0.04837821006261915,OSQP:optimal,0.001,58.72834408818744,16825.670581265702,7.409230786142871,69561856,2493513728
9,0.07975351810455322,0.22751237760852647,0.07975351810455322,0.0,0.07975351810455322,0.5860476493835449,1.4659682512283325,7.026511194707652e-05,0.04813009833313786,OSQP:optimal,0.001,66.31697735306807,16881.355012875436,7.545250036986545,69558784,2493513728
10,0.06273186206817627,0.22421676729771944,0.06273186206817627,0.0,0.06273186206817627,0.5861076712608337,1.4660494327545166,7.004784176267709e-05,0.04787191338680469,OSQP:optimal,0.001,73.78187355515547,16896.049044130603,7.420167850097641,69541376,2493513728
11,0.04674278572201729,0.22066728766620541,0.04674278572201729,0.0,0.04674278572201729,0.586097776889801,1.466033697128296,6.99913863971835e-05,0.04757936369435185,OSQP:optimal,0.001,81.3699101191014,16932.338569329375,7.54290955606848,69552128,2503999488
12,0.03332309052348137,0.21692040372335092,0.03332309052348137,0.0,0.03332309052348137,0.5860670208930969,1.4659886360168457,6.997493140048494e-05,0.047271972987773164,OSQP:optimal,0.001,88.83621174306609,16938.1043723446,7.410259082913399,69534720,2503999488
13,0.024047663435339928,0.21306294891759067,0.024047663435339928,0.0,0.024047663435339928,0.5860400199890137,1.4659485816955566,6.994046672159637e-05,0.04696075455504921,OSQP:optimal,0.001,96.31147673004307,16943.411329354498,7.4279431130271405,69543936,2503999488
14,0.01940305531024933,0.20918975104544385,0.01940305531024933,0.0,0.01940305531024933,0.5860267281532288,1.4659271240234375,6.98660553462016e-05,0.04665187701567429,OSQP:optimal,0.001,103.90435992809944,16966.097628259668,7.548109092051163,69538816,2503999488
15,0.019305618479847908,0.20539206839413193,0.019305618479847908,0.0,0.019305618479847908,0.5860380530357361,1.4659385681152344,6.972478110311986e-05,0.046351541128497695,OSQP:optimal,0.001,111.36479733209126,16964.57079358857,7.415045677917078,69543424,2503999488
16,0.024472936987876892,0.20177368576600682,0.024472936987876892,0.0,0.024472936987876892,0.5860448479652405,1.4659430980682373,6.959272269757566e-05,0.04605368674533071,OSQP:optimal,0.001,118.9533369441051,16980.588848771004,7.543410753831267,69543424,2503999488
17,0.02959941327571869,0.19833020031620105,0.02959941327571869,0.0,0.02959941327571869,0.5860033631324768,1.4658793210983276,6.958384671940099e-05,0.04574834390982547,OSQP:optimal,0.001,126.41398172616027,16976.65413416611,7.416125027928501,69546496,2503999488
18,0.03312923386693001,0.1950261809872156,0.03312923386693001,0.0,0.03312923386693001,0.5859825611114502,1.4658430814743042,6.952394039372312e-05,0.045457309740799326,OSQP:optimal,0.001,133.87135502812453,16971.912898565563,7.412922519957647,69556736,2503999488
19,0.033312879502773285,0.19179191495752673,0.033312879502773285,0.0,0.033312879502773285,0.5859817266464233,1.465833067893982,6.941524961867618e-05,0.045180067482111744,OSQP:optimal,0.001,141.42728341300972,16978.71755079343,7.511004888219759,69538304,2503999488
20,0.03419630229473114,0.1886400027042708,0.03419630229473114,0.0,0.03419630229473114,0.5860292315483093,1.465888500213623,6.9184652829124e-05,0.0449253616670224,OSQP:optimal,0.001,148.8957692279946,16974.117691991385,7.422766785835847,69531136,2503999488
21,0.03330698236823082,0.18553334229755,0.03330698236823082,0.0,0.03330698236823082,0.5860315561294556,1.4658796787261963,6.907191791294398e-05,0.04466789319665749,OSQP:optimal,0.001,156.5141504839994,16985.511854906414,7.5737994441296905,69552128,2514485248
22,0.029071122407913208,0.18240409789975726,0.029071122407913208,0.0,0.029071122407913208,0.586087703704834,1.4659440517425537,6.882581592082548e-05,0.044436961804313474,OSQP:optimal,0.001,163.9950532161165,16980.94232846879,7.435697803040966,69560832,2518679552
23,0.026201924309134483,0.17928005442794478,0.026201924309134483,0.0,0.026201924309134483,0.5861838459968567,1.4660626649856567,6.848251201752031e-05,0.04423159692413506,OSQP:optimal,0.001,171.48890043818392,16977.401143380208,7.435429242206737,69543936,2518679552
24,0.023259472101926804,0.17615964278142443,0.023259472101926804,0.0,0.023259472101926804,0.5862617492675781,1.4661544561386108,6.819606930130728e-05,0.04403857571161094,OSQP:optimal,0.001,179.1509085020516,16989.47782294456,7.61844188394025,69541888,2518679552
25,0.02145751565694809,0.17306560023893489,0.02145751565694809,0.0,0.02145751565694809,0.5864030122756958,1.4663337469100952,6.775968492234163e-05,0.043885896080873954,OSQP:optimal,0.001,186.58795646205544,16979.504038047045,7.3933797609061,69530112,2518679552
26,0.019135167822241783,0.16998699159060102,0.019135167822241783,0.0,0.019135167822241783,0.5865344405174255,1.4664978981018066,6.737757930463939e-05,0.04375630421119446,OSQP:optimal,0.001,194.07735089911148,16974.303690176137,7.444396653911099,69553152,2518679552
27,0.018087537959218025,0.16694900251797334,0.018087537959218025,0.0,0.018087537959218025,0.5866905450820923,1.4666974544525146,6.696986739684885e-05,0.043664614639324646,OSQP:optimal,0.001,201.6573796540033,16976.563850131464,7.534752260893583,69541888,2518679552
28,0.01791887916624546,0.1639684000509388,0.01791887916624546,0.0,0.01791887916624546,0.586772084236145,1.4667996168136597,6.678998242692913e-05,0.0435924649311525,OSQP:optimal,0.001,209.1472345481161,16970.80417476142,7.445337538141757,69548544,2518679552
29,0.018271787092089653,0.1610544677917618,0.018271787092089653,0.0,0.018271787092089653,0.5867856740951538,1.4668179750442505,6.677552763312278e-05,0.043546648845400965,OSQP:optimal,0.001,216.7877797409892,16976.725785923674,7.595678380923346,69548032,2518679552
30,0.019042599946260452,0.15821423043485178,0.019042599946260452,0.0,0.019042599946260452,0.5867424607276917,1.466764211654663,6.687822228113038e-05,0.04351924705563494,OSQP:optimal,0.001,224.27519409405068,16970.1563531165,7.4434066149406135,69543424,2518679552
31,0.019040826708078384,0.1554307623603163,0.019040826708078384,0.0,0.019040826708078384,0.5866736173629761,1.4666775465011597,6.702680613512868e-05,0.0435076533241444,OSQP:optimal,0.001,231.7354690011125,16961.54126333949,7.415298203006387,69540352,2518679552
32,0.01963469199836254,0.15271484095307725,0.01963469199836254,0.0,0.01963469199836254,0.5865908861160278,1.4665722846984863,6.72060595983126e-05,0.043508375824908456,OSQP:optimal,0.001,239.3191405001562,16961.74408294857,7.538331113988534,69550592,2518679552
33,0.020050499588251114,0.1500615541257807,0.020050499588251114,0.0,0.020050499588251114,0.5864654779434204,1.466408133506775,6.75027400444117e-05,0.043509320143484936,OSQP:optimal,0.001,246.81374294217676,16955.356219694386,7.449919973034412,69556736,2518679552
34,0.020098906010389328,0.14746230116347286,0.020098906010389328,0.0,0.020098906010389328,0.586368203163147,1.466282844543457,6.773415307703701e-05,0.04352935501913287,OSQP:optimal,0.001,254.43069839314558,16957.05772231964,7.5725174830295146,69549056,2518679552
35,0.020032651722431183,0.14491370817465202,0.020032651722431183,0.0,0.020032651722431183,0.5867590308189392,1.4662668704986572,6.794473955540337e-05,0.04356199167933293,OSQP:optimal,0.001,261.9258214640431,16950.342446173076,7.450017170980573,69549056,2518679552
36,0.019984999671578407,0.14241513400459055,0.019984999671578407,0.0,0.019984999671578407,0.5890434384346008,1.4667267799377441,6.824931464144424e-05,0.04359081494898759,OSQP:optimal,0.001,269.4235869520344,16943.750023872384,7.452853613067418,69556736,2518679552
37,0.020044030621647835,0.1399677119369317,0.020044030621647835,0.0,0.020044030621647835,0.5903104543685913,1.4670087099075317,6.849002355124867e-05,0.043629802616808364,OSQP:optimal,0.001,277.03364524105564,16943.976734608346,7.565549503080547,69540864,2518679552
38,0.0196361243724823,0.1375610801856427,0.0196361243724823,0.0,0.0196361243724823,0.5909947156906128,1.467153549194336,6.867894146755926e-05,0.043675169493344664,OSQP:optimal,0.001,284.56465517007746,16939.085526176717,7.4847093829885125,69550080,2518679552
39,0.019349461421370506,0.13519684781035726,0.019349461421370506,0.0,0.019349461421370506,0.5911494493484497,1.4671605825424194,6.880966718170178e-05,0.043724328492673714,OSQP:optimal,0.001,292.0113089941442,16929.168452198977,7.401215847115964,69535232,2518679552
40,0.018716419115662575,0.13286723923646335,0.018716419115662575,0.0,0.018716419115662575,0.5920227766036987,1.46736741065979,6.901622423705067e-05,0.04376056285316314,OSQP:optimal,0.001,299.62531661009416,16928.83038847032,7.56812757300213,69534720,2518679552
41,0.018327202647924423,0.13057643850469258,0.018327202647924423,0.0,0.018327202647924423,0.5925531387329102,1.46748685836792,6.917726588906437e-05,0.04379478783214904,OSQP:optimal,0.001,307.1280586551875,16922.006939074843,7.456470757024363,69547008,2518679552
42,0.01803988590836525,0.12832570745276603,0.01803988590836525,0.0,0.01803988590836525,0.5927225351333618,1.4675089120864868,6.928460333377462e-05,0.04382597006874857,OSQP:optimal,0.001,314.75823029107414,16922.001999934415,7.58376897405833,69557760,2518679552
43,0.017872735857963562,0.12611664802087,0.017872735857963562,0.0,0.017872735857963562,0.592715859413147,1.4674845933914185,6.935844979449879e-05,0.0438522003450003,OSQP:optimal,0.001,322.21714559197426,16912.653432583393,7.414387087104842,69536768,2518679552
44,0.017650438472628593,0.12394732382990517,0.017650438472628593,0.0,0.017650438472628593,0.5926253199577332,1.467440128326416,6.941024793594153e-05,0.04387293189911305,OSQP:optimal,0.001,329.6441069680732,16901.752393635754,7.381780530093238,69520896,2518679552
45,0.017731139436364174,0.12182300014203434,0.017731139436364174,0.0,0.017731139436364174,0.5924665927886963,1.4673810005187988,6.943958923388838e-05,0.04388641411671043,OSQP:optimal,0.001,337.24683821201324,16899.81378151311,7.5568340548779815,69534720,2518679552
46,0.017841622233390808,0.11974337258386147,0.017841622233390808,0.0,0.017841622233390808,0.5923845767974854,1.4673482179641724,6.94644082562812e-05,0.043891652624543594,OSQP:optimal,0.001,344.7100975760259,16890.794781225268,7.4112373339012265,69541888,2518679552
47,0.017772207036614418,0.11770394927291652,0.017772207036614418,0.0,0.017772207036614418,0.5923453569412231,1.4673315286636353,6.948063646128322e-05,0.04388927947467692,OSQP:optimal,0.001,352.21305949403904,16883.74517106532,7.4579517159145325,69540864,2518679552
48,0.017989348620176315,0.11570965725986171,0.017989348620176315,0.0,0.017989348620176315,0.592312753200531,1.4673209190368652,6.948476431833939e-05,0.043880125810594556,OSQP:optimal,0.001,359.79192326404154,16880.237733137947,7.533754463074729,69541888,2518679552
49,0.017610974609851837,0.11374768360686151,0.017610974609851837,0.0,0.017610974609851837,0.5923202037811279,1.4673255681991577,6.948177999765992e-05,0.04386466743101837,OSQP:optimal,0.001,367.2542021891568,16871.208349546774,7.406904330011457,69551104,2518679552
50,0.018161308020353317,0.11183595609513135,0.018161308020353317,0.0,0.018161308020353317,0.5923667550086975,1.467344045639038,6.947350336306002e-05,0.04384415938189995,OSQP:optimal,0.001,374.89906561607495,16870.457952723373,7.588121477048844,69546496,2518679552
51,0.017707636579871178,0.10995338970482614,0.017707636579871178,0.0,0.017707636579871178,0.5924699902534485,1.4673821926116943,6.946153948228506e-05,0.043818563230686836,OSQP:optimal,0.001,382.35603960906155,16861.15162903489,7.412084904033691,69540864,2518679552
52,0.01773500256240368,0.10810902196197769,0.01773500256240368,0.0,0.01773500256240368,0.5925481915473938,1.467415690422058,6.943832044026266e-05,0.04378990973881977,OSQP:optimal,0.001,389.81537339813076,16852.01844998073,7.404771544039249,69531648,2518679552
53,0.01777552254498005,0.10630235197363773,0.01777552254498005,0.0,0.01777552254498005,0.5926152467727661,1.4674487113952637,6.940666908006321e-05,0.043758928387134854,OSQP:optimal,0.001,397.4048745140899,16848.46703836151,7.535908570047468,69543936,2518679552
54,0.017382532358169556,0.10452395558132838,0.017382532358169556,0.0,0.017382532358169556,0.5926223993301392,1.4674654006958008,6.936391042655643e-05,0.04372768353197139,OSQP:optimal,0.001,404.8882750160992,16840.3530682622,7.426522604888305,69536768,2518679552
55,0.017272409051656723,0.10277892465073493,0.017272409051656723,0.0,0.017272409051656723,0.5926559567451477,1.4674912691116333,6.931978105939596e-05,0.04369556379776543,OSQP:optimal,0.001,412.3453990481794,16831.189470239322,7.401028783991933,69508096,2518679552
56,0.01701449230313301,0.10106363600378289,0.01701449230313301,0.0,0.01701449230313301,0.5925822257995605,1.4674879312515259,6.925925468781458e-05,0.043664749048270904,OSQP:optimal,0.001,419.9288995831739,16827.150904725757,7.53904948499985,69521408,2518679552
57,0.016870319843292236,0.09937976968057308,0.016870319843292236,0.0,0.016870319843292236,0.5924334526062012,1.467463731765747,6.918941907185783e-05,0.043635994209854395,OSQP:optimal,0.001,427.34775633807294,16816.5090783561,7.365218478953466,69505024,2518679552
58,0.01738332211971283,0.09773984072935588,0.01738332211971283,0.0,0.01738332211971283,0.592151939868927,1.4674028158187866,6.910393553360983e-05,0.0436105249964832,OSQP:optimal,0.001,434.9296349310316,16812.28002612712,7.5272611731197685,69499904,2518679552
59,0.017205536365509033,0.09612915464207894,0.017205536365509033,0.0,0.017205536365509033,0.5914409160614014,1.46722412109375,6.897181415055353e-05,0.0435926829800629,OSQP:optimal,0.001,442.40198403713293,16803.777054698556,7.4203491469379514,69540864,2518679552
60,0.01665736921131611,0.09453971893346368,0.01665736921131611,0.0,0.01665736921131611,0.5912798047065735,1.467197060585022,6.890689242966541e-05,0.043571588778234194,OSQP:optimal,0.001,449.91986187314615,16797.008176597457,7.465197590878233,69564928,2522873856
61,0.01694335974752903,0.09298779174974497,0.01694335974752903,0.0,0.01694335974752903,0.5913185477256775,1.4672229290008545,6.886784533155499e-05,0.043551358241803825,OSQP:optimal,0.001,457.510833122069,16792.897628857583,7.542285359930247,69550080,2522873856
62,0.0166749507188797,0.09146153492912767,0.0166749507188797,0.0,0.0166749507188797,0.5914008617401123,1.4672588109970093,6.883981686611751e-05,0.04353477104913568,OSQP:optimal,0.001,465.00011695409194,16785.004221665447,7.444029380101711,69552128,2522873856
63,0.016571925953030586,0.08996374274960574,0.016571925953030586,0.0,0.016571925953030586,0.5914750099182129,1.4672904014587402,6.881648832401943e-05,0.04352216722374533,OSQP:optimal,0.001,472.52860758802854,16778.51579641936,7.479276825906709,69511168,2522873856
64,0.01699451170861721,0.08850435812878596,0.01699451170861721,0.0,0.01699451170861721,0.59149569272995,1.4673054218292236,6.879292368844325e-05,0.0435139697628831,OSQP:optimal,0.001,480.04624355002306,16771.61563402893,7.468961347127333,69543424,2522873856
65,0.016546187922358513,0.08706519472465742,0.016546187922358513,0.0,0.016546187922358513,0.5915415287017822,1.467325210571289,6.877787039383243e-05,0.04350915842929896,OSQP:optimal,0.001,487.5403836311307,16763.888575624263,7.4497953788377345,69549056,2522873856
66,0.0166067685931921,0.08565602620202811,0.0166067685931921,0.0,0.0166067685931921,0.5916060209274292,1.4673479795455933,6.877077709499524e-05,0.04350781082030147,OSQP:optimal,0.001,495.1216350980103,16759.117163772047,7.532069582957774,69539328,2522873856
67,0.016296474263072014,0.084268835163249,0.016296474263072014,0.0,0.016296474263072014,0.5916730165481567,1.4673700332641602,6.876791884768974e-05,0.04350919848979324,OSQP:optimal,0.001,502.60384418303147,16750.96095612999,7.438363600987941,69559296,2522873856
68,0.016313103958964348,0.0829097205391633,0.016313103958964348,0.0,0.016313103958964348,0.591759204864502,1.4673956632614136,6.877187396459039e-05,0.04351315532542217,OSQP:optimal,0.001,510.0230292750057,16740.75590208548,7.370689667062834,69526016,2522873856
69,0.016207989305257797,0.08157568591448519,0.016207989305257797,0.0,0.016207989305257797,0.591826856136322,1.4674146175384521,6.877796946946901e-05,0.04351975489676066,OSQP:optimal,0.001,517.6376489161048,16736.950648287388,7.570687367813662,69551616,2522873856
70,0.016156993806362152,0.08026731207232272,0.016156993806362152,0.0,0.016156993806362152,0.5919095277786255,1.4674369096755981,6.878859436232343e-05,0.04352811321475268,OSQP:optimal,0.001,525.0883322600275,16727.814013426592,7.402992429910228,69537280,2522873856
71,0.016039149835705757,0.07898274882759039,0.016039149835705757,0.0,0.016039149835705757,0.5920320749282837,1.467469573020935,6.880585840296494e-05,0.043537372321878626,OSQP:optimal,0.001,532.6845736179966,16723.294571753726,7.550871710060164,69537280,2522873856
72,0.015960970893502235,0.07772231326890862,0.015960970893502235,0.0,0.015960970893502235,0.5920822024345398,1.4674824476242065,6.881524183810495e-05,0.043548241784376135,OSQP:optimal,0.001,540.1159155841451,16713.586943353825,7.386834054952487,69529600,2522873856
73,0.01596340350806713,0.07648713507369179,0.01596340350806713,0.0,0.01596340350806713,0.5921573638916016,1.467502236366272,6.882679973196915e-05,0.04355901030102145,OSQP:optimal,0.001,547.5875277360901,16705.17019545579,7.423593448009342,69535232,2522873856
74,0.016440577805042267,0.07528620392831879,0.016440577805042267,0.0,0.016440577805042267,0.592199444770813,1.4675140380859375,6.883183728212394e-05,0.04356949142189154,OSQP:optimal,0.001,555.1911049350165,16700.748643045226,7.558272965950891,69540352,2522873856
75,0.01611410826444626,0.07410276201504135,0.01611410826444626,0.0,0.01611410826444626,0.5923035740852356,1.4675441980361938,6.884116709104937e-05,0.04357837403226243,OSQP:optimal,0.001,562.6562296610791,16692.13481327868,7.417896115919575,69536256,2522873856
76,0.0157393217086792,0.0729354932089141,0.0157393217086792,0.0,0.0157393217086792,0.5923957228660583,1.4675724506378174,6.884499511394804e-05,0.04358587037892741,OSQP:optimal,0.001,570.0925743409898,16682.709017557387,7.389737846096978,69533696,2522873856
77,0.015502773225307465,0.07178683880924196,0.015502773225307465,0.0,0.015502773225307465,0.5925076603889465,1.4676076173782349,6.884723338751453e-05,0.043591621576672,OSQP:optimal,0.001,577.6760924709961,16677.583812506808,7.539220888866112,69549056,2522873856
78,0.015685850754380226,0.07066481904814471,0.015685850754380226,0.0,0.015685850754380226,0.5926222205162048,1.4676457643508911,6.884460993272778e-05,0.04359540290665878,OSQP:optimal,0.001,585.164704638999,16669.691970613534,7.43889668607153,69551104,2522873856
79,0.015215502120554447,0.06955583270959291,0.015215502120554447,0.0,0.015215502120554447,0.5927577018737793,1.4676916599273682,6.883854310923976e-05,0.04359638257321129,OSQP:optimal,0.001,592.8026891851332,16666.009780761782,7.593952503986657,69553152,2522873856
80,0.01603580266237259,0.06848543210864849,0.01603580266237259,0.0,0.01603580266237259,0.5929014682769775,1.467741847038269,6.882830852195099e-05,0.0435952200855723,OSQP:optimal,0.001,600.2998718961608,16658.32144511846,7.452253516064957,69554688,2522873856
81,0.01605408452451229,0.06743680515696578,0.01605408452451229,0.0,0.01605408452451229,0.5930504202842712,1.4677965641021729,6.881169090855455e-05,0.043591217194379486,OSQP:optimal,0.001,607.8015718581155,16650.76157966862,7.45597181096673,69544960,2522873856
82,0.015366620384156704,0.06639540146150959,0.015366620384156704,0.0,0.015366620384156704,0.5931714773178101,1.4678443670272827,6.878812483657182e-05,0.04358577420114843,OSQP:optimal,0.001,615.4078320071567,16646.03135843748,7.5620275537949055,69550080,2522873856
83,0.01499711163341999,0.06536743566494779,0.01499711163341999,0.0,0.01499711163341999,0.5933287143707275,1.4679040908813477,6.876589735826943e-05,0.04357845690066038,OSQP:optimal,0.001,622.8921026070602,16637.973391323525,7.438648578943685,69541376,2522873856
84,0.015453549101948738,0.0643691579336878,0.015453549101948738,0.0,0.015453549101948738,0.5935033559799194,1.467970848083496,6.874217023977724e-05,0.04356954264633622,OSQP:optimal,0.001,630.5617009750567,16634.818206675307,7.61666078818962,69554176,2522873856
85,0.015142376534640789,0.06338462230570686,0.015142376534640789,0.0,0.015142376534640789,0.5936666131019592,1.468035101890564,6.871500863336877e-05,0.04356013673798073,OSQP:optimal,0.001,638.0240169740282,16626.155265852616,7.417177447117865,69544448,2522873856
86,0.015151756815612316,0.06241996499590497,0.015151756815612316,0.0,0.015151756815612316,0.5937668681144714,1.4680819511413574,6.867966487977828e-05,0.04355148892438324,OSQP:optimal,0.001,645.5347687890753,16618.767187197824,7.4659693809226155,69534720,2522873856
87,0.015706967562437057,0.06148570504723561,0.015706967562437057,0.0,0.015706967562437057,0.5938935279846191,1.4681363105773926,6.864874682077637e-05,0.043542763526702624,OSQP:optimal,0.001,653.126454424113,16613.43498437428,7.5481430168729275,69531136,2522873856
88,0.015185612253844738,0.060559703191367796,0.015185612253844738,0.0,0.015185612253844738,0.5940616130828857,1.4682037830352783,6.862373477023453e-05,0.04353389632187101,OSQP:optimal,0.001,660.6138419560157,16605.429754621666,7.443264889065176,69557248,2524971008
89,0.015190456993877888,0.05965231826741799,0.015190456993877888,0.0,0.015190456993877888,0.5942548513412476,1.4682786464691162,6.860373498485117e-05,0.043524961668443586,OSQP:optimal,0.001,668.0575691601261,16596.35152149482,7.399582096841186,69533184,2524971008
90,0.01484508067369461,0.058756173515543526,0.01484508067369461,0.0,0.01484508067369461,0.5944727659225464,1.468360424041748,6.859084094867907e-05,0.04351696624925762,OSQP:optimal,0.001,675.6129133449867,16590.050427693564,7.507848927052692,69532160,2524971008
91,0.015038790181279182,0.05788182584885824,0.015038790181279182,0.0,0.015038790181279182,0.5947072505950928,1.4684475660324097,6.858275799315194e-05,0.043509842369910776,OSQP:optimal,0.001,683.1036076231394,16582.15240922544,7.445440423907712,69552640,2524971008
92,0.014965752139687538,0.05702350437467482,0.014965752139687538,0.0,0.014965752139687538,0.5949403047561646,1.4685337543487549,6.857825617356816e-05,0.0435038715335586,OSQP:optimal,0.001,690.7408738520462,16577.78097244911,7.584843271179125,69538304,2524971008
93,0.014749078080058098,0.05617801584878249,0.014749078080058098,0.0,0.014749078080058098,0.5951982736587524,1.4686267375946045,6.858266249065714e-05,0.0434993685534569,OSQP:optimal,0.001,698.2228136041667,16569.653221767698,7.437224459834397,69535744,2524971008
94,0.014574781991541386,0.05534595117163767,0.014574781991541386,0.0,0.014574781991541386,0.5954389572143555,1.4687135219573975,6.858912545171236e-05,0.04349691953182165,OSQP:optimal,0.001,705.7030699951574,16561.4997064821,7.435443616937846,69541888,2524971008
95,0.014703079126775265,0.05453309373074042,0.014703079126775265,0.0,0.014703079126775265,0.5956789255142212,1.4687988758087158,6.859995910635242e-05,0.04349661346361218,OSQP:optimal,0.001,713.3207155570854,16556.549240035507,7.565840034047142,69546496,2524971008
96,0.014739197678864002,0.053737215809702886,0.014739197678864002,0.0,0.014739197678864002,0.5958765149116516,1.468870759010315,6.860786021845033e-05,0.04349804127996278,OSQP:optimal,0.001,720.734869135078,16546.8713705595,7.369362686062232,69508096,2524971008
97,0.014912594109773636,0.0529607233757043,0.014912594109773636,0.0,0.014912594109773636,0.5961045622825623,1.4689515829086304,6.862218592762481e-05,0.04350042815924021,OSQP:optimal,0.001,728.2398313190788,16539.30256078279,7.460797655861825,69551104,2524971008
98,0.014723491854965687,0.05219597874528953,0.014723491854965687,0.0,0.014723491854965687,0.5963354706764221,1.469033122062683,6.863901030729203e-05,0.04350351303852506,OSQP:optimal,0.001,735.857084127143,16534.25815559152,7.569179973099381,69555200,2524971008
99,0.01396259292960167,0.05143131102897577,0.01396259292960167,0.0,0.01396259292960167,0.5965667963027954,1.4691152572631836,6.865589816784645e-05,0.04350755337910746,OSQP:optimal,0.001,743.3270844130311,16525.888008010923,7.425474753137678,69531648,2524971008
100,0.014230318367481232,0.05068729117574587,0.014230318367481232,0.0,0.014230318367481232,0.5967193841934204,1.4691731929779053,6.866296312335596e-05,0.043512614529538994,OSQP:optimal,0.001,750.8236782010645,16518.12092042342,7.44965741597116,69537792,2524971008
