cell_id,batch,cycle,normalized_life,soh
MATR_b4c24,b4,1,0.0,0.9506609999999999
MATR_b4c24,b4,2,0.0008976660682226212,0.9511342727272726
MATR_b4c24,b4,3,0.0017953321364452424,0.9515129090909089
MATR_b4c24,b4,4,0.0026929982046678637,0.9518500909090908
MATR_b4c24,b4,5,0.003590664272890485,0.9519500909090909
MATR_b4c24,b4,6,0.004488330341113106,0.952076909090909
MATR_b4c24,b4,7,0.005385996409335727,0.9522070909090907
MATR_b4c24,b4,8,0.0062836624775583485,0.9523227272727272
MATR_b4c24,b4,9,0.00718132854578097,0.9523798181818182
MATR_b4c24,b4,10,0.00807899461400359,0.9524452727272725
MATR_b4c24,b4,11,0.008976660682226212,0.9525021818181818
MATR_b4c24,b4,12,0.009874326750448833,0.9525808181818181
MATR_b4c24,b4,13,0.010771992818671455,0.9526201818181819
MATR_b4c24,b4,14,0.011669658886894075,0.9527162727272728
MATR_b4c24,b4,15,0.012567324955116697,0.9526111818181818
MATR_b4c24,b4,16,0.013464991023339317,0.9527349090909091
MATR_b4c24,b4,17,0.01436265709156194,0.9527957272727272
MATR_b4c24,b4,18,0.01526032315978456,0.9528705454545453
MATR_b4c24,b4,19,0.01615798922800718,0.9528449090909091
MATR_b4c24,b4,20,0.017055655296229804,0.9528900909090908
MATR_b4c24,b4,21,0.017953321364452424,0.9529678181818181
MATR_b4c24,b4,22,0.018850987432675045,0.9531223636363636
MATR_b4c24,b4,23,0.019748653500897665,0.9531711818181817
MATR_b4c24,b4,24,0.02064631956912029,0.9531950909090909
MATR_b4c24,b4,25,0.02154398563734291,0.9532753636363634
MATR_b4c24,b4,26,0.02244165170556553,0.9532913636363635
MATR_b4c24,b4,27,0.02333931777378815,0.9532402727272726
MATR_b4c24,b4,28,0.02423698384201077,0.9532881818181816
MATR_b4c24,b4,29,0.025134649910233394,0.9532578181818181
MATR_b4c24,b4,30,0.026032315978456014,0.9532893636363635
MATR_b4c24,b4,31,0.026929982046678635,0.953361
MATR_b4c24,b4,32,0.027827648114901255,0.953313
MATR_b4c24,b4,33,0.02872531418312388,0.9533500909090907
MATR_b4c24,b4,34,0.0296229802513465,0.953303727272727
MATR_b4c24,b4,35,0.03052064631956912,0.9532470000000001
MATR_b4c24,b4,36,0.03141831238779174,0.9532320909090909
MATR_b4c24,b4,37,0.03231597845601436,0.9531339999999998
MATR_b4c24,b4,38,0.03321364452423698,0.9531809999999998
MATR_b4c24,b4,39,0.03411131059245961,0.9531396363636363
MATR_b4c24,b4,40,0.03500897666068223,0.9531364545454544
MATR_b4c24,b4,41,0.03590664272890485,0.9530673636363636
MATR_b4c24,b4,42,0.03680430879712747,0.953033
MATR_b4c24,b4,43,0.03770197486535009,0.9530689090909091
MATR_b4c24,b4,44,0.03859964093357271,0.953026818181818
MATR_b4c24,b4,45,0.03949730700179533,0.9530259999999999
MATR_b4c24,b4,46,0.04039497307001795,0.9529740909090908
MATR_b4c24,b4,47,0.04129263913824058,0.952891909090909
MATR_b4c24,b4,48,0.0421903052064632,0.9518645454545454
MATR_b4c24,b4,49,0.04308797127468582,0.9529955454545455
MATR_b4c24,b4,50,0.04398563734290844,0.9530013636363636
MATR_b4c24,b4,51,0.04488330341113106,0.9529289999999998
MATR_b4c24,b4,52,0.04578096947935368,0.9529395454545454
MATR_b4c24,b4,53,0.0466786355475763,0.9529546363636362
MATR_b4c24,b4,54,0.04757630161579892,0.9529538181818182
MATR_b4c24,b4,55,0.04847396768402154,0.9530188181818182
MATR_b4c24,b4,56,0.04937163375224417,0.9531192727272727
MATR_b4c24,b4,57,0.05026929982046679,0.9531692727272726
MATR_b4c24,b4,58,0.05116696588868941,0.9531359090909091
MATR_b4c24,b4,59,0.05206463195691203,0.9531817272727271
MATR_b4c24,b4,60,0.05296229802513465,0.9533145454545453
MATR_b4c24,b4,61,0.05385996409335727,0.953240909090909
MATR_b4c24,b4,62,0.05475763016157989,0.953285818181818
MATR_b4c24,b4,63,0.05565529622980251,0.9532600909090909
MATR_b4c24,b4,64,0.05655296229802514,0.9532369090909091
MATR_b4c24,b4,65,0.05745062836624776,0.9532271818181818
MATR_b4c24,b4,66,0.05834829443447038,0.9532099090909091
MATR_b4c24,b4,67,0.059245960502693,0.9532345454545454
MATR_b4c24,b4,68,0.06014362657091562,0.9532233636363636
MATR_b4c24,b4,69,0.06104129263913824,0.9531926363636364
MATR_b4c24,b4,70,0.06193895870736086,0.9530466363636363
MATR_b4c24,b4,71,0.06283662477558348,0.9529790909090907
MATR_b4c24,b4,72,0.06373429084380611,0.952979909090909
MATR_b4c24,b4,73,0.06463195691202872,0.9529737272727272
MATR_b4c24,b4,74,0.06552962298025135,0.9529174545454545
MATR_b4c24,b4,75,0.06642728904847396,0.9528693636363635
MATR_b4c24,b4,76,0.06732495511669659,0.9528074545454545
MATR_b4c24,b4,77,0.06822262118491922,0.9528446363636363
MATR_b4c24,b4,78,0.06912028725314183,0.9527170909090907
MATR_b4c24,b4,79,0.07001795332136446,0.9526161818181818
MATR_b4c24,b4,80,0.07091561938958707,0.9525565454545455
MATR_b4c24,b4,81,0.0718132854578097,0.952589909090909
MATR_b4c24,b4,82,0.07271095152603231,0.9524735454545454
MATR_b4c24,b4,83,0.07360861759425494,0.9523775454545453
MATR_b4c24,b4,84,0.07450628366247755,0.9523229999999999
MATR_b4c24,b4,85,0.07540394973070018,0.9522507272727272
MATR_b4c24,b4,86,0.0763016157989228,0.952179
MATR_b4c24,b4,87,0.07719928186714542,0.9522113636363635
MATR_b4c24,b4,88,0.07809694793536805,0.9521806363636363
MATR_b4c24,b4,89,0.07899461400359066,0.9522671818181818
MATR_b4c24,b4,90,0.07989228007181329,0.9522472727272726
MATR_b4c24,b4,91,0.0807899461400359,0.9523663636363636
MATR_b4c24,b4,92,0.08168761220825853,0.9523582727272726
MATR_b4c24,b4,93,0.08258527827648116,0.9523528181818182
MATR_b4c24,b4,94,0.08348294434470377,0.9523841818181817
MATR_b4c24,b4,95,0.0843806104129264,0.9524537272727271
MATR_b4c24,b4,96,0.08527827648114901,0.9523622727272727
MATR_b4c24,b4,97,0.08617594254937164,0.952275909090909
MATR_b4c24,b4,98,0.08707360861759425,0.952326909090909
MATR_b4c24,b4,99,0.08797127468581688,0.9522210909090908
MATR_b4c24,b4,100,0.08886894075403949,0.9521464545454545
MATR_b4c24,b4,101,0.08976660682226212,0.9521423636363636
MATR_b4c24,b4,102,0.09066427289048475,0.9521571818181818
MATR_b4c24,b4,103,0.09156193895870736,0.9521671818181817
MATR_b4c24,b4,104,0.09245960502692999,0.9522090909090909
MATR_b4c24,b4,105,0.0933572710951526,0.9521810909090909
MATR_b4c24,b4,106,0.09425493716337523,0.9522134545454545
MATR_b4c24,b4,107,0.09515260323159784,0.9520756363636363
MATR_b4c24,b4,108,0.09605026929982047,0.9520203636363637
MATR_b4c24,b4,109,0.09694793536804308,0.9519797272727272
MATR_b4c24,b4,110,0.09784560143626571,0.9518878181818181
MATR_b4c24,b4,111,0.09874326750448834,0.9518444545454544
MATR_b4c24,b4,112,0.09964093357271095,0.9518438181818181
MATR_b4c24,b4,113,0.10053859964093358,0.951808909090909
MATR_b4c24,b4,114,0.10143626570915619,0.9517241818181817
MATR_b4c24,b4,115,0.10233393177737882,0.9516675454545453
MATR_b4c24,b4,116,0.10323159784560143,0.9516139090909089
MATR_b4c24,b4,117,0.10412926391382406,0.9514991818181817
MATR_b4c24,b4,118,0.10502692998204669,0.951472
MATR_b4c24,b4,119,0.1059245960502693,0.9514755454545453
MATR_b4c24,b4,120,0.10682226211849193,0.9514224545454545
MATR_b4c24,b4,121,0.10771992818671454,0.9514084545454544
MATR_b4c24,b4,122,0.10861759425493717,0.9513606363636363
MATR_b4c24,b4,123,0.10951526032315978,0.9502304545454545
MATR_b4c24,b4,124,0.11041292639138241,0.9514867272727272
MATR_b4c24,b4,125,0.11131059245960502,0.9514414545454545
MATR_b4c24,b4,126,0.11220825852782765,0.951407909090909
MATR_b4c24,b4,127,0.11310592459605028,0.9513929090909089
MATR_b4c24,b4,128,0.11400359066427289,0.9513379999999999
MATR_b4c24,b4,129,0.11490125673249552,0.9513586363636364
MATR_b4c24,b4,130,0.11579892280071813,0.9512886363636363
MATR_b4c24,b4,131,0.11669658886894076,0.9513390909090909
MATR_b4c24,b4,132,0.11759425493716337,0.9512435454545453
MATR_b4c24,b4,133,0.118491921005386,0.9511450909090908
MATR_b4c24,b4,134,0.11938958707360861,0.9511176363636363
MATR_b4c24,b4,135,0.12028725314183124,0.9510140909090908
MATR_b4c24,b4,136,0.12118491921005387,0.951016909090909
MATR_b4c24,b4,137,0.12208258527827648,0.9510054545454545
MATR_b4c24,b4,138,0.1229802513464991,0.9509959999999998
MATR_b4c24,b4,139,0.12387791741472172,0.950923818181818
MATR_b4c24,b4,140,0.12477558348294435,0.9508409999999999
MATR_b4c24,b4,141,0.12567324955116696,0.9508650909090908
MATR_b4c24,b4,142,0.12657091561938957,0.9508419090909089
MATR_b4c24,b4,143,0.12746858168761221,0.9507782727272726
MATR_b4c24,b4,144,0.12836624775583483,0.9507619090909091
MATR_b4c24,b4,145,0.12926391382405744,0.9506933636363636
MATR_b4c24,b4,146,0.13016157989228008,0.950664818181818
MATR_b4c24,b4,147,0.1310592459605027,0.9506314545454545
MATR_b4c24,b4,148,0.1319569120287253,0.9505746363636363
MATR_b4c24,b4,149,0.13285457809694792,0.9505125454545454
MATR_b4c24,b4,150,0.13375224416517056,0.9504858181818181
MATR_b4c24,b4,151,0.13464991023339318,0.9504169090909089
MATR_b4c24,b4,152,0.1355475763016158,0.9503623636363635
MATR_b4c24,b4,153,0.13644524236983843,0.9503958181818181
MATR_b4c24,b4,154,0.13734290843806105,0.9503414545454545
MATR_b4c24,b4,155,0.13824057450628366,0.9503612727272726
MATR_b4c24,b4,156,0.13913824057450627,0.9502940909090909
MATR_b4c24,b4,157,0.1400359066427289,0.9503194545454544
MATR_b4c24,b4,158,0.14093357271095153,0.9502745454545454
MATR_b4c24,b4,159,0.14183123877917414,0.9502643636363636
MATR_b4c24,b4,160,0.14272890484739678,0.9502510909090908
MATR_b4c24,b4,161,0.1436265709156194,0.9490884545454544
MATR_b4c24,b4,162,0.144524236983842,0.9502044545454544
MATR_b4c24,b4,163,0.14542190305206462,0.9501885454545453
MATR_b4c24,b4,164,0.14631956912028726,0.9501142727272727
MATR_b4c24,b4,165,0.14721723518850988,0.9500983636363636
MATR_b4c24,b4,166,0.1481149012567325,0.9500651818181818
MATR_b4c24,b4,167,0.1490125673249551,0.9500596363636363
MATR_b4c24,b4,168,0.14991023339317774,0.9500675454545454
MATR_b4c24,b4,169,0.15080789946140036,0.9500047272727272
MATR_b4c24,b4,170,0.15170556552962297,0.9499511818181818
MATR_b4c24,b4,171,0.1526032315978456,0.9499753636363636
MATR_b4c24,b4,172,0.15350089766606823,0.9499138181818182
MATR_b4c24,b4,173,0.15439856373429084,0.949837818181818
MATR_b4c24,b4,174,0.15529622980251345,0.9498528181818181
MATR_b4c24,b4,175,0.1561938958707361,0.9497960909090908
MATR_b4c24,b4,176,0.1570915619389587,0.949753
MATR_b4c24,b4,177,0.15798922800718132,0.9497335454545454
MATR_b4c24,b4,178,0.15888689407540396,0.9496724545454546
MATR_b4c24,b4,179,0.15978456014362658,0.9496085454545454
MATR_b4c24,b4,180,0.1606822262118492,0.9496084545454545
MATR_b4c24,b4,181,0.1615798922800718,0.9495402727272726
MATR_b4c24,b4,182,0.16247755834829444,0.9495805454545455
MATR_b4c24,b4,183,0.16337522441651706,0.9495095454545454
MATR_b4c24,b4,184,0.16427289048473967,0.9494723636363634
MATR_b4c24,b4,185,0.1651705565529623,0.949472
MATR_b4c24,b4,186,0.16606822262118492,0.9494122727272726
MATR_b4c24,b4,187,0.16696588868940754,0.949358909090909
MATR_b4c24,b4,188,0.16786355475763015,0.9492688181818181
MATR_b4c24,b4,189,0.1687612208258528,0.9492573636363635
MATR_b4c24,b4,190,0.1696588868940754,0.9492256363636362
MATR_b4c24,b4,191,0.17055655296229802,0.9492142727272727
MATR_b4c24,b4,192,0.17145421903052063,0.9491323636363636
MATR_b4c24,b4,193,0.17235188509874327,0.9491782727272726
MATR_b4c24,b4,194,0.1732495511669659,0.9490940909090909
MATR_b4c24,b4,195,0.1741472172351885,0.9491186363636364
MATR_b4c24,b4,196,0.17504488330341114,0.9491120909090909
MATR_b4c24,b4,197,0.17594254937163376,0.9489988181818181
MATR_b4c24,b4,198,0.17684021543985637,0.9489675454545454
MATR_b4c24,b4,199,0.17773788150807898,0.949055
MATR_b4c24,b4,200,0.17863554757630162,0.948979
MATR_b4c24,b4,201,0.17953321364452424,0.9489830909090909
MATR_b4c24,b4,202,0.18043087971274685,0.9489066363636364
MATR_b4c24,b4,203,0.1813285457809695,0.9488114545454545
MATR_b4c24,b4,204,0.1822262118491921,0.9487887272727272
MATR_b4c24,b4,205,0.18312387791741472,0.9487721818181818
MATR_b4c24,b4,206,0.18402154398563733,0.9487551818181817
MATR_b4c24,b4,207,0.18491921005385997,0.9486794545454544
MATR_b4c24,b4,208,0.18581687612208259,0.9486795454545455
MATR_b4c24,b4,209,0.1867145421903052,0.9486292727272726
MATR_b4c24,b4,210,0.18761220825852784,0.9485671818181818
MATR_b4c24,b4,211,0.18850987432675045,0.9485323636363635
MATR_b4c24,b4,212,0.18940754039497307,0.9485625454545453
MATR_b4c24,b4,213,0.19030520646319568,0.9485327272727271
MATR_b4c24,b4,214,0.19120287253141832,0.9485585454545454
MATR_b4c24,b4,215,0.19210053859964094,0.9485386363636362
MATR_b4c24,b4,216,0.19299820466786355,0.9485964545454545
MATR_b4c24,b4,217,0.19389587073608616,0.9485609090909091
MATR_b4c24,b4,218,0.1947935368043088,0.9485711818181817
MATR_b4c24,b4,219,0.19569120287253142,0.9485567272727272
MATR_b4c24,b4,220,0.19658886894075403,0.9485256363636363
MATR_b4c24,b4,221,0.19748653500897667,0.9485157272727273
MATR_b4c24,b4,222,0.19838420107719928,0.9483842727272727
MATR_b4c24,b4,223,0.1992818671454219,0.9483742727272727
MATR_b4c24,b4,224,0.2001795332136445,0.9483184545454545
MATR_b4c24,b4,225,0.20107719928186715,0.9482475454545454
MATR_b4c24,b4,226,0.20197486535008977,0.9482153636363635
MATR_b4c24,b4,227,0.20287253141831238,0.9481160909090908
MATR_b4c24,b4,228,0.20377019748653502,0.948116
MATR_b4c24,b4,229,0.20466786355475763,0.948068909090909
MATR_b4c24,b4,230,0.20556552962298025,0.9480766363636364
MATR_b4c24,b4,231,0.20646319569120286,0.9479370909090908
MATR_b4c24,b4,232,0.2073608617594255,0.9479124545454544
MATR_b4c24,b4,233,0.20825852782764812,0.9478783636363636
MATR_b4c24,b4,234,0.20915619389587073,0.9478317272727272
MATR_b4c24,b4,235,0.21005385996409337,0.9478211818181816
MATR_b4c24,b4,236,0.21095152603231598,0.9477623636363637
MATR_b4c24,b4,237,0.2118491921005386,0.947725818181818
MATR_b4c24,b4,238,0.2127468581687612,0.9465978181818181
MATR_b4c24,b4,239,0.21364452423698385,0.9476691818181817
MATR_b4c24,b4,240,0.21454219030520646,0.9476176363636363
MATR_b4c24,b4,241,0.21543985637342908,0.947605818181818
MATR_b4c24,b4,242,0.2163375224416517,0.947487909090909
MATR_b4c24,b4,243,0.21723518850987433,0.9474850909090909
MATR_b4c24,b4,244,0.21813285457809695,0.9474604545454545
MATR_b4c24,b4,245,0.21903052064631956,0.9473676363636362
MATR_b4c24,b4,246,0.2199281867145422,0.9473719090909091
MATR_b4c24,b4,247,0.22082585278276481,0.9472921818181819
MATR_b4c24,b4,248,0.22172351885098743,0.9473484545454545
MATR_b4c24,b4,249,0.22262118491921004,0.9473138181818181
MATR_b4c24,b4,250,0.22351885098743268,0.9473403636363635
MATR_b4c24,b4,251,0.2244165170556553,0.9473594545454544
MATR_b4c24,b4,252,0.2253141831238779,0.9473216363636362
MATR_b4c24,b4,253,0.22621184919210055,0.9473459999999999
MATR_b4c24,b4,254,0.22710951526032316,0.9473067272727271
MATR_b4c24,b4,255,0.22800718132854578,0.9472750909090908
MATR_b4c24,b4,256,0.2289048473967684,0.9472827272727272
MATR_b4c24,b4,257,0.22980251346499103,0.947279909090909
MATR_b4c24,b4,258,0.23070017953321365,0.947178909090909
MATR_b4c24,b4,259,0.23159784560143626,0.9471517272727272
MATR_b4c24,b4,260,0.2324955116696589,0.9470163636363634
MATR_b4c24,b4,261,0.2333931777378815,0.9470090909090908
MATR_b4c24,b4,262,0.23429084380610413,0.9469191818181817
MATR_b4c24,b4,263,0.23518850987432674,0.946936
MATR_b4c24,b4,264,0.23608617594254938,0.9468357272727272
MATR_b4c24,b4,265,0.236983842010772,0.9468368181818182
MATR_b4c24,b4,266,0.2378815080789946,0.9468241818181817
MATR_b4c24,b4,267,0.23877917414721722,0.9468280909090908
MATR_b4c24,b4,268,0.23967684021543986,0.9467337272727272
MATR_b4c24,b4,269,0.24057450628366248,0.9466062727272727
MATR_b4c24,b4,270,0.2414721723518851,0.9465125454545454
MATR_b4c24,b4,271,0.24236983842010773,0.9464842727272725
MATR_b4c24,b4,272,0.24326750448833034,0.9465332727272727
MATR_b4c24,b4,273,0.24416517055655296,0.9464899999999999
MATR_b4c24,b4,274,0.24506283662477557,0.9465300909090909
MATR_b4c24,b4,275,0.2459605026929982,0.9464743636363635
MATR_b4c24,b4,276,0.24685816876122083,0.9464104545454545
MATR_b4c24,b4,277,0.24775583482944344,0.9463843636363635
MATR_b4c24,b4,278,0.24865350089766608,0.946377818181818
MATR_b4c24,b4,279,0.2495511669658887,0.9463439999999999
MATR_b4c24,b4,280,0.2504488330341113,0.9462756363636363
MATR_b4c24,b4,281,0.2513464991023339,0.946239818181818
MATR_b4c24,b4,282,0.25224416517055653,0.946162818181818
MATR_b4c24,b4,283,0.25314183123877915,0.9461377272727273
MATR_b4c24,b4,284,0.2540394973070018,0.946135909090909
MATR_b4c24,b4,285,0.25493716337522443,0.9461378181818182
MATR_b4c24,b4,286,0.25583482944344704,0.9461035454545454
MATR_b4c24,b4,287,0.25673249551166966,0.9460918181818182
MATR_b4c24,b4,288,0.25763016157989227,0.9461100909090909
MATR_b4c24,b4,289,0.2585278276481149,0.9460520909090907
MATR_b4c24,b4,290,0.2594254937163375,0.946023818181818
MATR_b4c24,b4,291,0.26032315978456017,0.9460481818181817
MATR_b4c24,b4,292,0.2612208258527828,0.945960818181818
MATR_b4c24,b4,293,0.2621184919210054,0.9460037272727271
MATR_b4c24,b4,294,0.263016157989228,0.945929
MATR_b4c24,b4,295,0.2639138240574506,0.945827
MATR_b4c24,b4,296,0.26481149012567323,0.9457823636363636
MATR_b4c24,b4,297,0.26570915619389585,0.9457108181818182
MATR_b4c24,b4,298,0.2666068222621185,0.9456247272727273
MATR_b4c24,b4,299,0.26750448833034113,0.9455691818181817
MATR_b4c24,b4,300,0.26840215439856374,0.945553909090909
MATR_b4c24,b4,301,0.26929982046678635,0.9454760909090909
MATR_b4c24,b4,302,0.27019748653500897,0.9454631818181818
MATR_b4c24,b4,303,0.2710951526032316,0.9454235454545454
MATR_b4c24,b4,304,0.2719928186714542,0.9454314545454545
MATR_b4c24,b4,305,0.27289048473967686,0.9453913636363637
MATR_b4c24,b4,306,0.2737881508078995,0.9453611818181817
MATR_b4c24,b4,307,0.2746858168761221,0.9453261818181817
MATR_b4c24,b4,308,0.2755834829443447,0.9452933636363635
MATR_b4c24,b4,309,0.2764811490125673,0.9452182727272725
MATR_b4c24,b4,310,0.27737881508078993,0.9452526363636363
MATR_b4c24,b4,311,0.27827648114901254,0.9451935454545454
MATR_b4c24,b4,312,0.2791741472172352,0.9451210909090908
MATR_b4c24,b4,313,0.2800718132854578,0.9450985454545454
MATR_b4c24,b4,314,0.28096947935368044,0.9450654545454544
MATR_b4c24,b4,315,0.28186714542190305,0.9450462727272727
MATR_b4c24,b4,316,0.28276481149012567,0.9450316363636363
MATR_b4c24,b4,317,0.2836624775583483,0.9449901818181817
MATR_b4c24,b4,318,0.2845601436265709,0.9448877272727271
MATR_b4c24,b4,319,0.28545780969479356,0.9448773636363635
MATR_b4c24,b4,320,0.2863554757630162,0.9448363636363636
MATR_b4c24,b4,321,0.2872531418312388,0.9448002727272726
MATR_b4c24,b4,322,0.2881508078994614,0.9447659090909091
MATR_b4c24,b4,323,0.289048473967684,0.944797
MATR_b4c24,b4,324,0.28994614003590663,0.9447289999999998
MATR_b4c24,b4,325,0.29084380610412924,0.9446381818181817
MATR_b4c24,b4,326,0.2917414721723519,0.9446259999999999
MATR_b4c24,b4,327,0.2926391382405745,0.9446224545454546
MATR_b4c24,b4,328,0.29353680430879714,0.9445617272727271
MATR_b4c24,b4,329,0.29443447037701975,0.9445540909090907
MATR_b4c24,b4,330,0.29533213644524237,0.944491818181818
MATR_b4c24,b4,331,0.296229802513465,0.9444596363636364
MATR_b4c24,b4,332,0.2971274685816876,0.9444318181818181
MATR_b4c24,b4,333,0.2980251346499102,0.944361909090909
MATR_b4c24,b4,334,0.2989228007181329,0.9443219090909091
MATR_b4c24,b4,335,0.2998204667863555,0.9442619090909089
MATR_b4c24,b4,336,0.3007181328545781,0.9441905454545454
MATR_b4c24,b4,337,0.3016157989228007,0.9441665454545453
MATR_b4c24,b4,338,0.30251346499102333,0.9441135454545454
MATR_b4c24,b4,339,0.30341113105924594,0.944112909090909
MATR_b4c24,b4,340,0.30430879712746856,0.9440495454545454
MATR_b4c24,b4,341,0.3052064631956912,0.9440535454545453
MATR_b4c24,b4,342,0.30610412926391384,0.9440002727272726
MATR_b4c24,b4,343,0.30700179533213645,0.9439461818181818
MATR_b4c24,b4,344,0.30789946140035906,0.9439479090909091
MATR_b4c24,b4,345,0.3087971274685817,0.9438710909090908
MATR_b4c24,b4,346,0.3096947935368043,0.9438507272727272
MATR_b4c24,b4,347,0.3105924596050269,0.9438153636363635
MATR_b4c24,b4,348,0.3114901256732496,0.9437906363636364
MATR_b4c24,b4,349,0.3123877917414722,0.9437615454545454
MATR_b4c24,b4,350,0.3132854578096948,0.9437029090909089
MATR_b4c24,b4,351,0.3141831238779174,0.9436798181818181
MATR_b4c24,b4,352,0.31508078994614,0.9436454545454546
MATR_b4c24,b4,353,0.31597845601436264,0.9436033636363635
MATR_b4c24,b4,354,0.31687612208258525,0.943568
MATR_b4c24,b4,355,0.3177737881508079,0.9424274545454545
MATR_b4c24,b4,356,0.31867145421903054,0.9434665454545453
MATR_b4c24,b4,357,0.31956912028725315,0.9434101818181817
MATR_b4c24,b4,358,0.32046678635547576,0.9433696363636362
MATR_b4c24,b4,359,0.3213644524236984,0.9433397272727272
MATR_b4c24,b4,360,0.322262118491921,0.943327818181818
MATR_b4c24,b4,361,0.3231597845601436,0.9432774545454544
MATR_b4c24,b4,362,0.3240574506283663,0.9432301818181817
MATR_b4c24,b4,363,0.3249551166965889,0.9431885454545453
MATR_b4c24,b4,364,0.3258527827648115,0.9431100909090908
MATR_b4c24,b4,365,0.3267504488330341,0.9430754545454544
MATR_b4c24,b4,366,0.3276481149012567,0.9429576363636363
MATR_b4c24,b4,367,0.32854578096947934,0.9429647272727273
MATR_b4c24,b4,368,0.32944344703770195,0.9428963636363635
MATR_b4c24,b4,369,0.3303411131059246,0.9428148181818181
MATR_b4c24,b4,370,0.33123877917414724,0.942808818181818
MATR_b4c24,b4,371,0.33213644524236985,0.9427164545454545
MATR_b4c24,b4,372,0.33303411131059246,0.942686
MATR_b4c24,b4,373,0.3339317773788151,0.9425933636363636
MATR_b4c24,b4,374,0.3348294434470377,0.9426002727272728
MATR_b4c24,b4,375,0.3357271095152603,0.9425635454545453
MATR_b4c24,b4,376,0.33662477558348297,0.9424939999999999
MATR_b4c24,b4,377,0.3375224416517056,0.9424250909090908
MATR_b4c24,b4,378,0.3384201077199282,0.9424342727272726
MATR_b4c24,b4,379,0.3393177737881508,0.942359818181818
MATR_b4c24,b4,380,0.3402154398563734,0.9423355454545453
MATR_b4c24,b4,381,0.34111310592459604,0.9423439090909089
MATR_b4c24,b4,382,0.34201077199281865,0.9421964545454545
MATR_b4c24,b4,383,0.34290843806104127,0.9421307272727272
MATR_b4c24,b4,384,0.34380610412926393,0.9420184545454545
MATR_b4c24,b4,385,0.34470377019748655,0.9419896363636363
MATR_b4c24,b4,386,0.34560143626570916,0.9419199999999999
MATR_b4c24,b4,387,0.3464991023339318,0.9418735454545454
MATR_b4c24,b4,388,0.3473967684021544,0.9418445454545454
MATR_b4c24,b4,389,0.348294434470377,0.9418012727272727
MATR_b4c24,b4,390,0.3491921005385996,0.9417613636363635
MATR_b4c24,b4,391,0.3500897666068223,0.9417178181818181
MATR_b4c24,b4,392,0.3509874326750449,0.9415852727272728
MATR_b4c24,b4,393,0.3518850987432675,0.9415341818181817
MATR_b4c24,b4,394,0.3527827648114901,0.9414359999999998
MATR_b4c24,b4,395,0.35368043087971274,0.9414073636363636
MATR_b4c24,b4,396,0.35457809694793535,0.9413325454545455
MATR_b4c24,b4,397,0.35547576301615796,0.9412125454545455
MATR_b4c24,b4,398,0.35637342908438063,0.9412331818181817
MATR_b4c24,b4,399,0.35727109515260325,0.9411161818181817
MATR_b4c24,b4,400,0.35816876122082586,0.9410859090909091
MATR_b4c24,b4,401,0.3590664272890485,0.9410899999999999
MATR_b4c24,b4,402,0.3599640933572711,0.9410649090909091
MATR_b4c24,b4,403,0.3608617594254937,0.9410100909090908
MATR_b4c24,b4,404,0.3617594254937163,0.9410547272727272
MATR_b4c24,b4,405,0.362657091561939,0.9410174545454545
MATR_b4c24,b4,406,0.3635547576301616,0.9410496363636364
MATR_b4c24,b4,407,0.3644524236983842,0.941050090909091
MATR_b4c24,b4,408,0.3653500897666068,0.9409682727272726
MATR_b4c24,b4,409,0.36624775583482944,0.9409438181818182
MATR_b4c24,b4,410,0.36714542190305205,0.940853909090909
MATR_b4c24,b4,411,0.36804308797127466,0.9408953636363635
MATR_b4c24,b4,412,0.36894075403949733,0.9408473636363636
MATR_b4c24,b4,413,0.36983842010771995,0.9408714545454544
MATR_b4c24,b4,414,0.37073608617594256,0.9408131818181817
MATR_b4c24,b4,415,0.37163375224416517,0.9408191818181817
MATR_b4c24,b4,416,0.3725314183123878,0.9408327272727272
MATR_b4c24,b4,417,0.3734290843806104,0.9408433636363635
MATR_b4c24,b4,418,0.374326750448833,0.9407704545454544
MATR_b4c24,b4,419,0.3752244165170557,0.9406421818181817
MATR_b4c24,b4,420,0.3761220825852783,0.9405539090909091
MATR_b4c24,b4,421,0.3770197486535009,0.9405726363636364
MATR_b4c24,b4,422,0.3779174147217235,0.9405275454545454
MATR_b4c24,b4,423,0.37881508078994613,0.940443909090909
MATR_b4c24,b4,424,0.37971274685816875,0.940383909090909
MATR_b4c24,b4,425,0.38061041292639136,0.9403595454545454
MATR_b4c24,b4,426,0.38150807899461403,0.9402802727272727
MATR_b4c24,b4,427,0.38240574506283664,0.9402447272727272
MATR_b4c24,b4,428,0.38330341113105926,0.940183
MATR_b4c24,b4,429,0.38420107719928187,0.9400891818181818
MATR_b4c24,b4,430,0.3850987432675045,0.939970818181818
MATR_b4c24,b4,431,0.3859964093357271,0.9399117272727272
MATR_b4c24,b4,432,0.3868940754039497,0.9397875454545453
MATR_b4c24,b4,433,0.3877917414721723,0.9396772727272725
MATR_b4c24,b4,434,0.388689407540395,0.9395867272727272
MATR_b4c24,b4,435,0.3895870736086176,0.9395342727272726
MATR_b4c24,b4,436,0.3904847396768402,0.9394619999999999
MATR_b4c24,b4,437,0.39138240574506283,0.9394614545454546
MATR_b4c24,b4,438,0.39228007181328545,0.9394610909090909
MATR_b4c24,b4,439,0.39317773788150806,0.9395436363636364
MATR_b4c24,b4,440,0.3940754039497307,0.9394961818181817
MATR_b4c24,b4,441,0.39497307001795334,0.9394692727272727
MATR_b4c24,b4,442,0.39587073608617596,0.9394382727272728
MATR_b4c24,b4,443,0.39676840215439857,0.9394277272727272
MATR_b4c24,b4,444,0.3976660682226212,0.9395021818181818
MATR_b4c24,b4,445,0.3985637342908438,0.9394132727272727
MATR_b4c24,b4,446,0.3994614003590664,0.9393880909090909
MATR_b4c24,b4,447,0.400359066427289,0.9393836363636363
MATR_b4c24,b4,448,0.4012567324955117,0.9393621818181818
MATR_b4c24,b4,449,0.4021543985637343,0.9393695454545453
MATR_b4c24,b4,450,0.4030520646319569,0.9394051818181817
MATR_b4c24,b4,451,0.40394973070017953,0.9393356363636364
MATR_b4c24,b4,452,0.40484739676840215,0.939264
MATR_b4c24,b4,453,0.40574506283662476,0.9392400909090909
MATR_b4c24,b4,454,0.4066427289048474,0.9392199090909089
MATR_b4c24,b4,455,0.40754039497307004,0.9391554545454546
MATR_b4c24,b4,456,0.40843806104129265,0.9390069999999999
MATR_b4c24,b4,457,0.40933572710951527,0.9390836363636362
MATR_b4c24,b4,458,0.4102333931777379,0.9389962727272726
MATR_b4c24,b4,459,0.4111310592459605,0.9389321818181816
MATR_b4c24,b4,460,0.4120287253141831,0.9387949090909091
MATR_b4c24,b4,461,0.4129263913824057,0.9387253636363636
MATR_b4c24,b4,462,0.4138240574506284,0.938614
MATR_b4c24,b4,463,0.414721723518851,0.9385702727272726
MATR_b4c24,b4,464,0.4156193895870736,0.938438909090909
MATR_b4c24,b4,465,0.41651705565529623,0.9382908181818181
MATR_b4c24,b4,466,0.41741472172351884,0.9382559090909091
MATR_b4c24,b4,467,0.41831238779174146,0.9381701818181818
MATR_b4c24,b4,468,0.41921005385996407,0.9380474545454546
MATR_b4c24,b4,469,0.42010771992818674,0.9379953636363635
MATR_b4c24,b4,470,0.42100538599640935,0.9377995454545455
MATR_b4c24,b4,471,0.42190305206463197,0.9377429999999999
MATR_b4c24,b4,472,0.4228007181328546,0.937728909090909
MATR_b4c24,b4,473,0.4236983842010772,0.9376105454545454
MATR_b4c24,b4,474,0.4245960502692998,0.9376979999999998
MATR_b4c24,b4,475,0.4254937163375224,0.937742
MATR_b4c24,b4,476,0.4263913824057451,0.9377780909090909
MATR_b4c24,b4,477,0.4272890484739677,0.9377074545454545
MATR_b4c24,b4,478,0.4281867145421903,0.9376233636363636
MATR_b4c24,b4,479,0.42908438061041293,0.9376660909090909
MATR_b4c24,b4,480,0.42998204667863554,0.9376523636363635
MATR_b4c24,b4,481,0.43087971274685816,0.9376682727272726
MATR_b4c24,b4,482,0.43177737881508077,0.9376595454545454
MATR_b4c24,b4,483,0.4326750448833034,0.9376781818181819
MATR_b4c24,b4,484,0.43357271095152605,0.9377415454545454
MATR_b4c24,b4,485,0.43447037701974867,0.9377985454545453
MATR_b4c24,b4,486,0.4353680430879713,0.9377813636363636
MATR_b4c24,b4,487,0.4362657091561939,0.9378023636363635
MATR_b4c24,b4,488,0.4371633752244165,0.9377296363636364
MATR_b4c24,b4,489,0.4380610412926391,0.9375945454545455
MATR_b4c24,b4,490,0.43895870736086173,0.937573909090909
MATR_b4c24,b4,491,0.4398563734290844,0.9375004545454545
MATR_b4c24,b4,492,0.440754039497307,0.9374638181818182
MATR_b4c24,b4,493,0.44165170556552963,0.9373774545454544
MATR_b4c24,b4,494,0.44254937163375224,0.937292
MATR_b4c24,b4,495,0.44344703770197486,0.9372025454545453
MATR_b4c24,b4,496,0.44434470377019747,0.9371644545454546
MATR_b4c24,b4,497,0.4452423698384201,0.9370539090909089
MATR_b4c24,b4,498,0.44614003590664275,0.936994909090909
MATR_b4c24,b4,499,0.44703770197486536,0.9369749090909091
MATR_b4c24,b4,500,0.447935368043088,0.9368470909090909
MATR_b4c24,b4,501,0.4488330341113106,0.9368178181818181
MATR_b4c24,b4,502,0.4497307001795332,0.9367540909090909
MATR_b4c24,b4,503,0.4506283662477558,0.9366072727272726
MATR_b4c24,b4,504,0.45152603231597843,0.9365646363636362
MATR_b4c24,b4,505,0.4524236983842011,0.9364088181818181
MATR_b4c24,b4,506,0.4533213644524237,0.9363883636363635
MATR_b4c24,b4,507,0.4542190305206463,0.936297
MATR_b4c24,b4,508,0.45511669658886894,0.9361990909090909
MATR_b4c24,b4,509,0.45601436265709155,0.9361640909090908
MATR_b4c24,b4,510,0.45691202872531417,0.9361137272727272
MATR_b4c24,b4,511,0.4578096947935368,0.9360709999999999
MATR_b4c24,b4,512,0.45870736086175945,0.9349713636363636
MATR_b4c24,b4,513,0.45960502692998206,0.9359157272727271
MATR_b4c24,b4,514,0.4605026929982047,0.9359197272727272
MATR_b4c24,b4,515,0.4614003590664273,0.9358905454545453
MATR_b4c24,b4,516,0.4622980251346499,0.9359483636363636
MATR_b4c24,b4,517,0.4631956912028725,0.9359406363636362
MATR_b4c24,b4,518,0.46409335727109513,0.9359027272727272
MATR_b4c24,b4,519,0.4649910233393178,0.9359230909090908
MATR_b4c24,b4,520,0.4658886894075404,0.9358878181818181
MATR_b4c24,b4,521,0.466786355475763,0.9358437272727272
MATR_b4c24,b4,522,0.46768402154398564,0.935745909090909
MATR_b4c24,b4,523,0.46858168761220825,0.9357014545454544
MATR_b4c24,b4,524,0.46947935368043087,0.9356286363636364
MATR_b4c24,b4,525,0.4703770197486535,0.9355818181818181
MATR_b4c24,b4,526,0.47127468581687615,0.9354883636363637
MATR_b4c24,b4,527,0.47217235188509876,0.9353629090909089
MATR_b4c24,b4,528,0.4730700179533214,0.9352327272727272
MATR_b4c24,b4,529,0.473967684021544,0.9352053636363635
MATR_b4c24,b4,530,0.4748653500897666,0.9349906363636362
MATR_b4c24,b4,531,0.4757630161579892,0.9349407272727273
MATR_b4c24,b4,532,0.47666068222621183,0.9348384545454544
MATR_b4c24,b4,533,0.47755834829443444,0.9347726363636364
MATR_b4c24,b4,534,0.4784560143626571,0.9346726363636363
MATR_b4c24,b4,535,0.4793536804308797,0.9346067272727273
MATR_b4c24,b4,536,0.48025134649910234,0.9345131818181817
MATR_b4c24,b4,537,0.48114901256732495,0.9344317272727273
MATR_b4c24,b4,538,0.48204667863554757,0.9343954545454545
MATR_b4c24,b4,539,0.4829443447037702,0.9342671818181818
MATR_b4c24,b4,540,0.4838420107719928,0.9342000909090908
MATR_b4c24,b4,541,0.48473967684021546,0.9341515454545454
MATR_b4c24,b4,542,0.4856373429084381,0.9340293636363637
MATR_b4c24,b4,543,0.4865350089766607,0.9339346363636364
MATR_b4c24,b4,544,0.4874326750448833,0.9338509090909091
MATR_b4c24,b4,545,0.4883303411131059,0.9337401818181817
MATR_b4c24,b4,546,0.48922800718132853,0.9337537272727272
MATR_b4c24,b4,547,0.49012567324955114,0.9336757272727273
MATR_b4c24,b4,548,0.4910233393177738,0.9336387272727273
MATR_b4c24,b4,549,0.4919210053859964,0.9335953636363635
MATR_b4c24,b4,550,0.49281867145421904,0.933543909090909
MATR_b4c24,b4,551,0.49371633752244165,0.9334629999999999
MATR_b4c24,b4,552,0.49461400359066426,0.9334250909090908
MATR_b4c24,b4,553,0.4955116696588869,0.9334330909090908
MATR_b4c24,b4,554,0.4964093357271095,0.9334091818181819
MATR_b4c24,b4,555,0.49730700179533216,0.933340818181818
MATR_b4c24,b4,556,0.4982046678635548,0.9333315454545453
MATR_b4c24,b4,557,0.4991023339317774,0.9333202727272727
MATR_b4c24,b4,558,0.5,0.9333087272727272
MATR_b4c24,b4,559,0.5008976660682226,0.933277909090909
MATR_b4c24,b4,560,0.5017953321364452,0.933241909090909
MATR_b4c24,b4,561,0.5026929982046678,0.9332246363636363
MATR_b4c24,b4,562,0.5035906642728905,0.9331377272727273
MATR_b4c24,b4,563,0.5044883303411131,0.9330395454545455
MATR_b4c24,b4,564,0.5053859964093357,0.9330599999999998
MATR_b4c24,b4,565,0.5062836624775583,0.9329419999999999
MATR_b4c24,b4,566,0.507181328545781,0.9328984545454545
MATR_b4c24,b4,567,0.5080789946140036,0.932818909090909
MATR_b4c24,b4,568,0.5089766606822262,0.9327660909090909
MATR_b4c24,b4,569,0.5098743267504489,0.9326600909090907
MATR_b4c24,b4,570,0.5107719928186715,0.9326662727272725
MATR_b4c24,b4,571,0.5116696588868941,0.9325887272727272
MATR_b4c24,b4,572,0.5125673249551167,0.9325114545454545
MATR_b4c24,b4,573,0.5134649910233393,0.9324067272727272
MATR_b4c24,b4,574,0.5143626570915619,0.9323708181818181
MATR_b4c24,b4,575,0.5152603231597845,0.9322844545454545
MATR_b4c24,b4,576,0.5161579892280072,0.9321230909090907
MATR_b4c24,b4,577,0.5170556552962298,0.9320140909090909
MATR_b4c24,b4,578,0.5179533213644524,0.9318951818181818
MATR_b4c24,b4,579,0.518850987432675,0.9317978181818181
MATR_b4c24,b4,580,0.5197486535008977,0.9316843636363634
MATR_b4c24,b4,581,0.5206463195691203,0.9316382727272727
MATR_b4c24,b4,582,0.5215439856373429,0.931509909090909
MATR_b4c24,b4,583,0.5224416517055656,0.9314683636363635
MATR_b4c24,b4,584,0.5233393177737882,0.9313694545454544
MATR_b4c24,b4,585,0.5242369838420108,0.9313456363636362
MATR_b4c24,b4,586,0.5251346499102334,0.9312565454545454
MATR_b4c24,b4,587,0.526032315978456,0.9311998181818181
MATR_b4c24,b4,588,0.5269299820466786,0.9311903636363635
MATR_b4c24,b4,589,0.5278276481149012,0.9311492727272727
MATR_b4c24,b4,590,0.5287253141831239,0.9310794545454545
MATR_b4c24,b4,591,0.5296229802513465,0.9309957272727272
MATR_b4c24,b4,592,0.5305206463195691,0.931033909090909
MATR_b4c24,b4,593,0.5314183123877917,0.930936909090909
MATR_b4c24,b4,594,0.5323159784560144,0.9309184545454545
MATR_b4c24,b4,595,0.533213644524237,0.9308325454545453
MATR_b4c24,b4,596,0.5341113105924596,0.9307336363636363
MATR_b4c24,b4,597,0.5350089766606823,0.930757090909091
MATR_b4c24,b4,598,0.5359066427289049,0.9306505454545454
MATR_b4c24,b4,599,0.5368043087971275,0.9306216363636363
MATR_b4c24,b4,600,0.5377019748653501,0.9305517272727273
MATR_b4c24,b4,601,0.5385996409335727,0.9304110909090908
MATR_b4c24,b4,602,0.5394973070017953,0.9303552727272727
MATR_b4c24,b4,603,0.5403949730700179,0.9302813636363636
MATR_b4c24,b4,604,0.5412926391382405,0.9301756363636362
MATR_b4c24,b4,605,0.5421903052064632,0.9300918181818182
MATR_b4c24,b4,606,0.5430879712746858,0.9299708181818181
MATR_b4c24,b4,607,0.5439856373429084,0.929834
MATR_b4c24,b4,608,0.5448833034111311,0.9297466363636362
MATR_b4c24,b4,609,0.5457809694793537,0.9295812727272728
MATR_b4c24,b4,610,0.5466786355475763,0.9295172727272727
MATR_b4c24,b4,611,0.547576301615799,0.9293607272727271
MATR_b4c24,b4,612,0.5484739676840216,0.929238909090909
MATR_b4c24,b4,613,0.5493716337522442,0.9291518181818181
MATR_b4c24,b4,614,0.5502692998204668,0.9290424545454544
MATR_b4c24,b4,615,0.5511669658886894,0.928991909090909
MATR_b4c24,b4,616,0.552064631956912,0.928814909090909
MATR_b4c24,b4,617,0.5529622980251346,0.9286939999999999
MATR_b4c24,b4,618,0.5538599640933572,0.9286282727272727
MATR_b4c24,b4,619,0.5547576301615799,0.9285355454545453
MATR_b4c24,b4,620,0.5556552962298025,0.928472
MATR_b4c24,b4,621,0.5565529622980251,0.92848
MATR_b4c24,b4,622,0.5574506283662477,0.9284150909090909
MATR_b4c24,b4,623,0.5583482944344704,0.928369909090909
MATR_b4c24,b4,624,0.559245960502693,0.9283428181818182
MATR_b4c24,b4,625,0.5601436265709157,0.9282766363636362
MATR_b4c24,b4,626,0.5610412926391383,0.9281706363636364
MATR_b4c24,b4,627,0.5619389587073609,0.9280870909090908
MATR_b4c24,b4,628,0.5628366247755835,0.9280168181818181
MATR_b4c24,b4,629,0.5637342908438061,0.9279163636363635
MATR_b4c24,b4,630,0.5646319569120287,0.9279341818181818
MATR_b4c24,b4,631,0.5655296229802513,0.9278471818181817
MATR_b4c24,b4,632,0.566427289048474,0.9278624545454545
MATR_b4c24,b4,633,0.5673249551166966,0.9277541818181817
MATR_b4c24,b4,634,0.5682226211849192,0.9277127272727271
MATR_b4c24,b4,635,0.5691202872531418,0.9276682727272727
MATR_b4c24,b4,636,0.5700179533213644,0.9275133636363636
MATR_b4c24,b4,637,0.5709156193895871,0.9273584545454545
MATR_b4c24,b4,638,0.5718132854578097,0.9271981818181818
MATR_b4c24,b4,639,0.5727109515260324,0.9270724545454544
MATR_b4c24,b4,640,0.573608617594255,0.9270001818181817
MATR_b4c24,b4,641,0.5745062836624776,0.9268446363636362
MATR_b4c24,b4,642,0.5754039497307002,0.9268175454545455
MATR_b4c24,b4,643,0.5763016157989228,0.9267795454545453
MATR_b4c24,b4,644,0.5771992818671454,0.9265716363636364
MATR_b4c24,b4,645,0.578096947935368,0.926500909090909
MATR_b4c24,b4,646,0.5789946140035906,0.9263580909090907
MATR_b4c24,b4,647,0.5798922800718133,0.9262160909090909
MATR_b4c24,b4,648,0.5807899461400359,0.9260304545454544
MATR_b4c24,b4,649,0.5816876122082585,0.9259801818181819
MATR_b4c24,b4,650,0.5825852782764811,0.9257959999999998
MATR_b4c24,b4,651,0.5834829443447038,0.9256394545454545
MATR_b4c24,b4,652,0.5843806104129264,0.9254873636363635
MATR_b4c24,b4,653,0.585278276481149,0.9254103636363636
MATR_b4c24,b4,654,0.5861759425493717,0.9253135454545455
MATR_b4c24,b4,655,0.5870736086175943,0.9252772727272727
MATR_b4c24,b4,656,0.5879712746858169,0.9251882727272727
MATR_b4c24,b4,657,0.5888689407540395,0.925127909090909
MATR_b4c24,b4,658,0.5897666068222621,0.9250821818181818
MATR_b4c24,b4,659,0.5906642728904847,0.9249971818181818
MATR_b4c24,b4,660,0.5915619389587073,0.9249285454545453
MATR_b4c24,b4,661,0.59245960502693,0.9248507272727271
MATR_b4c24,b4,662,0.5933572710951526,0.924724909090909
MATR_b4c24,b4,663,0.5942549371633752,0.9246434545454545
MATR_b4c24,b4,664,0.5951526032315978,0.9245107272727272
MATR_b4c24,b4,665,0.5960502692998204,0.9244639090909089
MATR_b4c24,b4,666,0.5969479353680431,0.9243462727272728
MATR_b4c24,b4,667,0.5978456014362658,0.9242871818181817
MATR_b4c24,b4,668,0.5987432675044884,0.924265909090909
MATR_b4c24,b4,669,0.599640933572711,0.924172
MATR_b4c24,b4,670,0.6005385996409336,0.9240913636363636
MATR_b4c24,b4,671,0.6014362657091562,0.9239853636363635
MATR_b4c24,b4,672,0.6023339317773788,0.9239635454545455
MATR_b4c24,b4,673,0.6032315978456014,0.9239178181818182
MATR_b4c24,b4,674,0.604129263913824,0.9237879999999998
MATR_b4c24,b4,675,0.6050269299820467,0.923745818181818
MATR_b4c24,b4,676,0.6059245960502693,0.9236411818181818
MATR_b4c24,b4,677,0.6068222621184919,0.9235251818181819
MATR_b4c24,b4,678,0.6077199281867145,0.9234233636363636
MATR_b4c24,b4,679,0.6086175942549371,0.9233246363636364
MATR_b4c24,b4,680,0.6095152603231598,0.9232717272727273
MATR_b4c24,b4,681,0.6104129263913824,0.9232268181818182
MATR_b4c24,b4,682,0.6113105924596051,0.9231650909090908
MATR_b4c24,b4,683,0.6122082585278277,0.9230175454545454
MATR_b4c24,b4,684,0.6131059245960503,0.9229140909090908
MATR_b4c24,b4,685,0.6140035906642729,0.9227784545454544
MATR_b4c24,b4,686,0.6149012567324955,0.9226343636363635
MATR_b4c24,b4,687,0.6157989228007181,0.9226160909090908
MATR_b4c24,b4,688,0.6166965888689407,0.922535
MATR_b4c24,b4,689,0.6175942549371634,0.922488818181818
MATR_b4c24,b4,690,0.618491921005386,0.9223723636363635
MATR_b4c24,b4,691,0.6193895870736086,0.9222184545454545
MATR_b4c24,b4,692,0.6202872531418312,0.9221070909090908
MATR_b4c24,b4,693,0.6211849192100538,0.9219785454545454
MATR_b4c24,b4,694,0.6220825852782765,0.9218374545454544
MATR_b4c24,b4,695,0.6229802513464991,0.9216894545454544
MATR_b4c24,b4,696,0.6238779174147218,0.9215752727272728
MATR_b4c24,b4,697,0.6247755834829444,0.921411909090909
MATR_b4c24,b4,698,0.625673249551167,0.9213198181818181
MATR_b4c24,b4,699,0.6265709156193896,0.9212583636363635
MATR_b4c24,b4,700,0.6274685816876122,0.9211836363636362
MATR_b4c24,b4,701,0.6283662477558348,0.9210730909090908
MATR_b4c24,b4,702,0.6292639138240574,0.9210159999999998
MATR_b4c24,b4,703,0.63016157989228,0.9208403636363636
MATR_b4c24,b4,704,0.6310592459605027,0.9207504545454545
MATR_b4c24,b4,705,0.6319569120287253,0.9206481818181818
MATR_b4c24,b4,706,0.6328545780969479,0.9205097272727273
MATR_b4c24,b4,707,0.6337522441651705,0.9204138181818181
MATR_b4c24,b4,708,0.6346499102333932,0.9202775454545453
MATR_b4c24,b4,709,0.6355475763016158,0.9201348181818181
MATR_b4c24,b4,710,0.6364452423698385,0.9200581818181818
MATR_b4c24,b4,711,0.6373429084380611,0.919936909090909
MATR_b4c24,b4,712,0.6382405745062837,0.9186777272727273
MATR_b4c24,b4,713,0.6391382405745063,0.9196975454545454
MATR_b4c24,b4,714,0.6400359066427289,0.9196008181818182
MATR_b4c24,b4,715,0.6409335727109515,0.9194977272727273
MATR_b4c24,b4,716,0.6418312387791741,0.9194269090909091
MATR_b4c24,b4,717,0.6427289048473968,0.9193205454545453
MATR_b4c24,b4,718,0.6436265709156194,0.9191949090909091
MATR_b4c24,b4,719,0.644524236983842,0.919077818181818
MATR_b4c24,b4,720,0.6454219030520646,0.9190548181818181
MATR_b4c24,b4,721,0.6463195691202872,0.9189769999999999
MATR_b4c24,b4,722,0.6472172351885098,0.9189071818181818
MATR_b4c24,b4,723,0.6481149012567325,0.9189013636363637
MATR_b4c24,b4,724,0.6490125673249552,0.9188651818181817
MATR_b4c24,b4,725,0.6499102333931778,0.9188219999999999
MATR_b4c24,b4,726,0.6508078994614004,0.9187764545454544
MATR_b4c24,b4,727,0.651705565529623,0.9187456363636363
MATR_b4c24,b4,728,0.6526032315978456,0.9186548181818182
MATR_b4c24,b4,729,0.6535008976660682,0.9185965454545453
MATR_b4c24,b4,730,0.6543985637342908,0.9184969999999999
MATR_b4c24,b4,731,0.6552962298025135,0.9182821818181818
MATR_b4c24,b4,732,0.6561938958707361,0.9181049090909089
MATR_b4c24,b4,733,0.6570915619389587,0.9179698181818181
MATR_b4c24,b4,734,0.6579892280071813,0.9177295454545453
MATR_b4c24,b4,735,0.6588868940754039,0.917645
MATR_b4c24,b4,736,0.6597845601436265,0.9175167272727273
MATR_b4c24,b4,737,0.6606822262118492,0.9173529090909092
MATR_b4c24,b4,738,0.6615798922800719,0.9172216363636363
MATR_b4c24,b4,739,0.6624775583482945,0.9171219999999999
MATR_b4c24,b4,740,0.6633752244165171,0.9169736363636364
MATR_b4c24,b4,741,0.6642728904847397,0.9168621818181818
MATR_b4c24,b4,742,0.6651705565529623,0.9167677272727272
MATR_b4c24,b4,743,0.6660682226211849,0.9166578181818181
MATR_b4c24,b4,744,0.6669658886894075,0.9165523636363635
MATR_b4c24,b4,745,0.6678635547576302,0.9164902727272727
MATR_b4c24,b4,746,0.6687612208258528,0.9163217272727272
MATR_b4c24,b4,747,0.6696588868940754,0.916224818181818
MATR_b4c24,b4,748,0.670556552962298,0.9161561818181817
MATR_b4c24,b4,749,0.6714542190305206,0.9159812727272727
MATR_b4c24,b4,750,0.6723518850987432,0.915824909090909
MATR_b4c24,b4,751,0.6732495511669659,0.9156660909090909
MATR_b4c24,b4,752,0.6741472172351886,0.9155969090909091
MATR_b4c24,b4,753,0.6750448833034112,0.9154563636363635
MATR_b4c24,b4,754,0.6759425493716338,0.9153390909090907
MATR_b4c24,b4,755,0.6768402154398564,0.9152615454545454
MATR_b4c24,b4,756,0.677737881508079,0.915052
MATR_b4c24,b4,757,0.6786355475763016,0.914929909090909
MATR_b4c24,b4,758,0.6795332136445242,0.9148006363636363
MATR_b4c24,b4,759,0.6804308797127468,0.9147094545454546
MATR_b4c24,b4,760,0.6813285457809695,0.9145402727272727
MATR_b4c24,b4,761,0.6822262118491921,0.9144401818181817
MATR_b4c24,b4,762,0.6831238779174147,0.9143165454545453
MATR_b4c24,b4,763,0.6840215439856373,0.9142007272727272
MATR_b4c24,b4,764,0.6849192100538599,0.9140171818181817
MATR_b4c24,b4,765,0.6858168761220825,0.9138632727272726
MATR_b4c24,b4,766,0.6867145421903053,0.9136797272727272
MATR_b4c24,b4,767,0.6876122082585279,0.913573909090909
MATR_b4c24,b4,768,0.6885098743267505,0.9133835454545455
MATR_b4c24,b4,769,0.6894075403949731,0.913236909090909
MATR_b4c24,b4,770,0.6903052064631957,0.9130449999999999
MATR_b4c24,b4,771,0.6912028725314183,0.9129407272727272
MATR_b4c24,b4,772,0.6921005385996409,0.9128207272727272
MATR_b4c24,b4,773,0.6929982046678635,0.9126639999999999
MATR_b4c24,b4,774,0.6938958707360862,0.9125371818181818
MATR_b4c24,b4,775,0.6947935368043088,0.9124314545454546
MATR_b4c24,b4,776,0.6956912028725314,0.9123101818181817
MATR_b4c24,b4,777,0.696588868940754,0.9121501818181817
MATR_b4c24,b4,778,0.6974865350089766,0.9119979999999999
MATR_b4c24,b4,779,0.6983842010771992,0.9118083636363636
MATR_b4c24,b4,780,0.699281867145422,0.9116488181818181
MATR_b4c24,b4,781,0.7001795332136446,0.9114208181818182
MATR_b4c24,b4,782,0.7010771992818672,0.9112675454545454
MATR_b4c24,b4,783,0.7019748653500898,0.9110096363636363
MATR_b4c24,b4,784,0.7028725314183124,0.9107897272727271
MATR_b4c24,b4,785,0.703770197486535,0.9106368181818182
MATR_b4c24,b4,786,0.7046678635547576,0.9104165454545454
MATR_b4c24,b4,787,0.7055655296229802,0.9101849090909091
MATR_b4c24,b4,788,0.7064631956912029,0.9099648181818181
MATR_b4c24,b4,789,0.7073608617594255,0.9097590909090908
MATR_b4c24,b4,790,0.7082585278276481,0.9095552727272727
MATR_b4c24,b4,791,0.7091561938958707,0.9093419090909091
MATR_b4c24,b4,792,0.7100538599640933,0.9090391636363635
MATR_b4c24,b4,793,0.7109515260323159,0.9088200363636363
MATR_b4c24,b4,794,0.7118491921005387,0.9086264818181817
MATR_b4c24,b4,795,0.7127468581687613,0.907317509090909
MATR_b4c24,b4,796,0.7136445242369839,0.9082745454545454
MATR_b4c24,b4,797,0.7145421903052065,0.9080553636363636
MATR_b4c24,b4,798,0.7154398563734291,0.9078631090909091
MATR_b4c24,b4,799,0.7163375224416517,0.907670209090909
MATR_b4c24,b4,800,0.7172351885098743,0.9074977818181817
MATR_b4c24,b4,801,0.718132854578097,0.9072497181818182
MATR_b4c24,b4,802,0.7190305206463196,0.9070388272727272
MATR_b4c24,b4,803,0.7199281867145422,0.9068148272727272
MATR_b4c24,b4,804,0.7208258527827648,0.9066128727272726
MATR_b4c24,b4,805,0.7217235188509874,0.9064009
MATR_b4c24,b4,806,0.72262118491921,0.9062156363636362
MATR_b4c24,b4,807,0.7235188509874326,0.9059845818181818
MATR_b4c24,b4,808,0.7244165170556554,0.9057496363636363
MATR_b4c24,b4,809,0.725314183123878,0.9055191818181817
MATR_b4c24,b4,810,0.7262118491921006,0.9053109454545454
MATR_b4c24,b4,811,0.7271095152603232,0.9051260636363635
MATR_b4c24,b4,812,0.7280071813285458,0.9048808181818181
MATR_b4c24,b4,813,0.7289048473967684,0.9046732818181817
MATR_b4c24,b4,814,0.729802513464991,0.9044859090909091
MATR_b4c24,b4,815,0.7307001795332136,0.9042812454545455
MATR_b4c24,b4,816,0.7315978456014363,0.9040590272727272
MATR_b4c24,b4,817,0.7324955116696589,0.9038746363636363
MATR_b4c24,b4,818,0.7333931777378815,0.9036018636363636
MATR_b4c24,b4,819,0.7342908438061041,0.9034018636363637
MATR_b4c24,b4,820,0.7351885098743267,0.9032011545454545
MATR_b4c24,b4,821,0.7360861759425493,0.9029851727272727
MATR_b4c24,b4,822,0.7369838420107719,0.9027673454545454
MATR_b4c24,b4,823,0.7378815080789947,0.9025422
MATR_b4c24,b4,824,0.7387791741472173,0.9022868727272726
MATR_b4c24,b4,825,0.7396768402154399,0.9020360999999999
MATR_b4c24,b4,826,0.7405745062836625,0.9017591545454545
MATR_b4c24,b4,827,0.7414721723518851,0.9015154272727273
MATR_b4c24,b4,828,0.7423698384201077,0.9012547363636363
MATR_b4c24,b4,829,0.7432675044883303,0.9009940545454544
MATR_b4c24,b4,830,0.744165170556553,0.9007371
MATR_b4c24,b4,831,0.7450628366247756,0.900484109090909
MATR_b4c24,b4,832,0.7459605026929982,0.9001827818181817
MATR_b4c24,b4,833,0.7468581687612208,0.8999453363636364
MATR_b4c24,b4,834,0.7477558348294434,0.8996699636363635
MATR_b4c24,b4,835,0.748653500897666,0.8994091636363636
MATR_b4c24,b4,836,0.7495511669658886,0.8990678454545453
MATR_b4c24,b4,837,0.7504488330341114,0.8988654090909091
MATR_b4c24,b4,838,0.751346499102334,0.8985414818181817
MATR_b4c24,b4,839,0.7522441651705566,0.8983176363636363
MATR_b4c24,b4,840,0.7531418312387792,0.8979885727272727
MATR_b4c24,b4,841,0.7540394973070018,0.8976932545454545
MATR_b4c24,b4,842,0.7549371633752244,0.8974314818181818
MATR_b4c24,b4,843,0.755834829443447,0.8971615272727271
MATR_b4c24,b4,844,0.7567324955116697,0.8969088545454544
MATR_b4c24,b4,845,0.7576301615798923,0.8965655909090908
MATR_b4c24,b4,846,0.7585278276481149,0.896329609090909
MATR_b4c24,b4,847,0.7594254937163375,0.8960925454545453
MATR_b4c24,b4,848,0.7603231597845601,0.8957702999999999
MATR_b4c24,b4,849,0.7612208258527827,0.8955053272727272
MATR_b4c24,b4,850,0.7621184919210053,0.8951587
MATR_b4c24,b4,851,0.7630161579892281,0.8949044636363636
MATR_b4c24,b4,852,0.7639138240574507,0.8946039999999998
MATR_b4c24,b4,853,0.7648114901256733,0.8943393
MATR_b4c24,b4,854,0.7657091561938959,0.8939982
MATR_b4c24,b4,855,0.7666068222621185,0.8937088454545454
MATR_b4c24,b4,856,0.7675044883303411,0.8934422545454545
MATR_b4c24,b4,857,0.7684021543985637,0.8932256727272726
MATR_b4c24,b4,858,0.7692998204667864,0.8929187090909091
MATR_b4c24,b4,859,0.770197486535009,0.8925911545454545
MATR_b4c24,b4,860,0.7710951526032316,0.8923351727272727
MATR_b4c24,b4,861,0.7719928186714542,0.8919852454545454
MATR_b4c24,b4,862,0.7728904847396768,0.8916243090909091
MATR_b4c24,b4,863,0.7737881508078994,0.8913395090909091
MATR_b4c24,b4,864,0.774685816876122,0.890998409090909
MATR_b4c24,b4,865,0.7755834829443446,0.8906525909090909
MATR_b4c24,b4,866,0.7764811490125674,0.8903583090909091
MATR_b4c24,b4,867,0.77737881508079,0.8899804636363636
MATR_b4c24,b4,868,0.7782764811490126,0.8895999727272726
MATR_b4c24,b4,869,0.7791741472172352,0.8892493909090908
MATR_b4c24,b4,870,0.7800718132854578,0.888861909090909
MATR_b4c24,b4,871,0.7809694793536804,0.8885024909090908
MATR_b4c24,b4,872,0.781867145421903,0.8881537454545454
MATR_b4c24,b4,873,0.7827648114901257,0.8877784545454546
MATR_b4c24,b4,874,0.7836624775583483,0.8874046272727273
MATR_b4c24,b4,875,0.7845601436265709,0.8870165999999999
MATR_b4c24,b4,876,0.7854578096947935,0.8866716545454545
MATR_b4c24,b4,877,0.7863554757630161,0.8863147272727272
MATR_b4c24,b4,878,0.7872531418312387,0.8858800454545455
MATR_b4c24,b4,879,0.7881508078994613,0.8855460454545454
MATR_b4c24,b4,880,0.7890484739676841,0.8851044818181817
MATR_b4c24,b4,881,0.7899461400359067,0.884697109090909
MATR_b4c24,b4,882,0.7908438061041293,0.8843421909090908
MATR_b4c24,b4,883,0.7917414721723519,0.883923009090909
MATR_b4c24,b4,884,0.7926391382405745,0.8834759181818181
MATR_b4c24,b4,885,0.7935368043087971,0.8831746454545454
MATR_b4c24,b4,886,0.7944344703770198,0.8827602363636363
MATR_b4c24,b4,887,0.7953321364452424,0.8823257727272726
MATR_b4c24,b4,888,0.796229802513465,0.8818880545454545
MATR_b4c24,b4,889,0.7971274685816876,0.8815071272727272
MATR_b4c24,b4,890,0.7980251346499102,0.8810650727272726
MATR_b4c24,b4,891,0.7989228007181328,0.8806306636363636
MATR_b4c24,b4,892,0.7998204667863554,0.8801948999999999
MATR_b4c24,b4,893,0.800718132854578,0.8797916999999998
MATR_b4c24,b4,894,0.8016157989228008,0.8794285454545454
MATR_b4c24,b4,895,0.8025134649910234,0.8789581636363636
MATR_b4c24,b4,896,0.803411131059246,0.8785969545454545
MATR_b4c24,b4,897,0.8043087971274686,0.8780930818181818
MATR_b4c24,b4,898,0.8052064631956912,0.8776156999999999
MATR_b4c24,b4,899,0.8061041292639138,0.8772246363636362
MATR_b4c24,b4,900,0.8070017953321365,0.8768292454545454
MATR_b4c24,b4,901,0.8078994614003591,0.8763210909090908
MATR_b4c24,b4,902,0.8087971274685817,0.8758059999999999
MATR_b4c24,b4,903,0.8096947935368043,0.8753320818181818
MATR_b4c24,b4,904,0.8105924596050269,0.874900009090909
MATR_b4c24,b4,905,0.8114901256732495,0.8743438909090908
MATR_b4c24,b4,906,0.8123877917414721,0.873691009090909
MATR_b4c24,b4,907,0.8132854578096947,0.873158409090909
MATR_b4c24,b4,908,0.8141831238779175,0.872593309090909
MATR_b4c24,b4,909,0.8150807899461401,0.8719816545454545
MATR_b4c24,b4,910,0.8159784560143627,0.8714130818181818
MATR_b4c24,b4,911,0.8168761220825853,0.8709103454545454
MATR_b4c24,b4,912,0.8177737881508079,0.8703722727272727
MATR_b4c24,b4,913,0.8186714542190305,0.8697717272727272
MATR_b4c24,b4,914,0.8195691202872532,0.8691092545454545
MATR_b4c24,b4,915,0.8204667863554758,0.8684800999999999
MATR_b4c24,b4,916,0.8213644524236984,0.8678569545454545
MATR_b4c24,b4,917,0.822262118491921,0.8671998454545454
MATR_b4c24,b4,918,0.8231597845601436,0.8665261454545454
MATR_b4c24,b4,919,0.8240574506283662,0.865919209090909
MATR_b4c24,b4,920,0.8249551166965888,0.8652913545454545
MATR_b4c24,b4,921,0.8258527827648114,0.8646186909090908
MATR_b4c24,b4,922,0.8267504488330341,0.8639693272727272
MATR_b4c24,b4,923,0.8276481149012568,0.8633601090909091
MATR_b4c24,b4,924,0.8285457809694794,0.862658509090909
MATR_b4c24,b4,925,0.829443447037702,0.8620056818181818
MATR_b4c24,b4,926,0.8303411131059246,0.8613318181818181
MATR_b4c24,b4,927,0.8312387791741472,0.8606062727272726
MATR_b4c24,b4,928,0.8321364452423698,0.8599825363636363
MATR_b4c24,b4,929,0.8330341113105925,0.8591736454545453
MATR_b4c24,b4,930,0.8339317773788151,0.858452809090909
MATR_b4c24,b4,931,0.8348294434470377,0.8577420454545454
MATR_b4c24,b4,932,0.8357271095152603,0.8569973181818181
MATR_b4c24,b4,933,0.8366247755834829,0.8562694909090908
MATR_b4c24,b4,934,0.8375224416517055,0.855542909090909
MATR_b4c24,b4,935,0.8384201077199281,0.8548158363636363
MATR_b4c24,b4,936,0.8393177737881508,0.8540846545454545
MATR_b4c24,b4,937,0.8402154398563735,0.8533606727272727
MATR_b4c24,b4,938,0.8411131059245961,0.8526386454545454
MATR_b4c24,b4,939,0.8420107719928187,0.8518383181818181
MATR_b4c24,b4,940,0.8429084380610413,0.8509836454545454
MATR_b4c24,b4,941,0.8438061041292639,0.8501774636363636
MATR_b4c24,b4,942,0.8447037701974865,0.8493705272727272
MATR_b4c24,b4,943,0.8456014362657092,0.8484823636363635
MATR_b4c24,b4,944,0.8464991023339318,0.8475296636363636
MATR_b4c24,b4,945,0.8473967684021544,0.846672709090909
MATR_b4c24,b4,946,0.848294434470377,0.8456907454545454
MATR_b4c24,b4,947,0.8491921005385996,0.8447321454545453
MATR_b4c24,b4,948,0.8500897666068222,0.8438739454545454
MATR_b4c24,b4,949,0.8509874326750448,0.8429538636363636
MATR_b4c24,b4,950,0.8518850987432675,0.8419965636363635
MATR_b4c24,b4,951,0.8527827648114902,0.8410173636363636
MATR_b4c24,b4,952,0.8536804308797128,0.8401020545454545
MATR_b4c24,b4,953,0.8545780969479354,0.8391095272727273
MATR_b4c24,b4,954,0.855475763016158,0.8381137545454544
MATR_b4c24,b4,955,0.8563734290843806,0.8372476454545453
MATR_b4c24,b4,956,0.8572710951526032,0.836216209090909
MATR_b4c24,b4,957,0.8581687612208259,0.8351349272727272
MATR_b4c24,b4,958,0.8590664272890485,0.834113309090909
MATR_b4c24,b4,959,0.8599640933572711,0.8331005181818182
MATR_b4c24,b4,960,0.8608617594254937,0.8320458363636363
MATR_b4c24,b4,961,0.8617594254937163,0.831018309090909
MATR_b4c24,b4,962,0.8626570915619389,0.8299111818181818
MATR_b4c24,b4,963,0.8635547576301615,0.828798309090909
MATR_b4c24,b4,964,0.8644524236983842,0.8277022272727272
MATR_b4c24,b4,965,0.8653500897666068,0.8265946090909091
MATR_b4c24,b4,966,0.8662477558348295,0.8255212999999999
MATR_b4c24,b4,967,0.8671454219030521,0.8244393636363635
MATR_b4c24,b4,968,0.8680430879712747,0.8232359454545455
MATR_b4c24,b4,969,0.8689407540394973,0.8221232363636364
MATR_b4c24,b4,970,0.86983842010772,0.8210094363636363
MATR_b4c24,b4,971,0.8707360861759426,0.819869309090909
MATR_b4c24,b4,972,0.8716337522441652,0.8186962363636363
MATR_b4c24,b4,973,0.8725314183123878,0.8175000818181818
MATR_b4c24,b4,974,0.8734290843806104,0.8162929818181817
MATR_b4c24,b4,975,0.874326750448833,0.8151338818181817
MATR_b4c24,b4,976,0.8752244165170556,0.8139464
MATR_b4c24,b4,977,0.8761220825852782,0.8128009090909091
MATR_b4c24,b4,978,0.8770197486535009,0.8114812545454545
MATR_b4c24,b4,979,0.8779174147217235,0.8103237363636363
MATR_b4c24,b4,980,0.8788150807899462,0.809092309090909
MATR_b4c24,b4,981,0.8797127468581688,0.8078100454545455
MATR_b4c24,b4,982,0.8806104129263914,0.8065530363636363
MATR_b4c24,b4,983,0.881508078994614,0.8053062727272727
MATR_b4c24,b4,984,0.8824057450628366,0.8039383454545455
MATR_b4c24,b4,985,0.8833034111310593,0.8026457363636362
MATR_b4c24,b4,986,0.8842010771992819,0.8012742363636363
MATR_b4c24,b4,987,0.8850987432675045,0.8000451909090909
MATR_b4c24,b4,988,0.8859964093357271,0.799090209090909
MATR_b4c24,b4,989,0.8868940754039497,0.7978193363636363
MATR_b4c24,b4,990,0.8877917414721723,0.7964006909090908
MATR_b4c24,b4,991,0.8886894075403949,0.7950877090909091
MATR_b4c24,b4,992,0.8895870736086176,0.7937381454545455
MATR_b4c24,b4,993,0.8904847396768402,0.7923714636363636
MATR_b4c24,b4,994,0.8913824057450629,0.7909347818181818
MATR_b4c24,b4,995,0.8922800718132855,0.7895478363636363
MATR_b4c24,b4,996,0.8931777378815081,0.7881518363636363
MATR_b4c24,b4,997,0.8940754039497307,0.7866963454545454
MATR_b4c24,b4,998,0.8949730700179533,0.7852026545454545
MATR_b4c24,b4,999,0.895870736086176,0.7836861545454544
MATR_b4c24,b4,1000,0.8967684021543986,0.7823182272727272
MATR_b4c24,b4,1001,0.8976660682226212,0.7807573363636363
MATR_b4c24,b4,1002,0.8985637342908438,0.779381609090909
MATR_b4c24,b4,1003,0.8994614003590664,0.7778751818181817
MATR_b4c24,b4,1004,0.900359066427289,0.7763992636363636
MATR_b4c24,b4,1005,0.9012567324955116,0.7749456181818181
MATR_b4c24,b4,1006,0.9021543985637342,0.7733957909090908
MATR_b4c24,b4,1007,0.9030520646319569,0.7718786909090909
MATR_b4c24,b4,1008,0.9039497307001796,0.7703534545454546
MATR_b4c24,b4,1009,0.9048473967684022,0.7688601999999999
MATR_b4c24,b4,1010,0.9057450628366248,0.7673432636363636
MATR_b4c24,b4,1011,0.9066427289048474,0.7657756545454545
MATR_b4c24,b4,1012,0.90754039497307,0.7642737818181817
MATR_b4c24,b4,1013,0.9084380610412927,0.7627357636363636
MATR_b4c24,b4,1014,0.9093357271095153,0.7612206727272727
MATR_b4c24,b4,1015,0.9102333931777379,0.7596323181818181
MATR_b4c24,b4,1016,0.9111310592459605,0.758216109090909
MATR_b4c24,b4,1017,0.9120287253141831,0.7566959727272726
MATR_b4c24,b4,1018,0.9129263913824057,0.7551015
MATR_b4c24,b4,1019,0.9138240574506283,0.7535885636363636
MATR_b4c24,b4,1020,0.914721723518851,0.752066209090909
MATR_b4c24,b4,1021,0.9156193895870736,0.7504158636363636
MATR_b4c24,b4,1022,0.9165170556552962,0.7488939454545454
MATR_b4c24,b4,1023,0.9174147217235189,0.7472237090909091
MATR_b4c24,b4,1024,0.9183123877917415,0.7455855636363636
MATR_b4c24,b4,1025,0.9192100538599641,0.7441020545454545
MATR_b4c24,b4,1026,0.9201077199281867,0.7424586999999999
MATR_b4c24,b4,1027,0.9210053859964094,0.7408660636363636
MATR_b4c24,b4,1028,0.921903052064632,0.7391706363636362
MATR_b4c24,b4,1029,0.9228007181328546,0.7375955545454546
MATR_b4c24,b4,1030,0.9236983842010772,0.735989109090909
MATR_b4c24,b4,1031,0.9245960502692998,0.7344504909090909
MATR_b4c24,b4,1032,0.9254937163375224,0.7328278363636364
MATR_b4c24,b4,1033,0.926391382405745,0.7312118454545454
MATR_b4c24,b4,1034,0.9272890484739676,0.7296446272727273
MATR_b4c24,b4,1035,0.9281867145421903,0.7279892363636363
MATR_b4c24,b4,1036,0.9290843806104129,0.7263792636363636
MATR_b4c24,b4,1037,0.9299820466786356,0.7246737545454545
MATR_b4c24,b4,1038,0.9308797127468582,0.7230726727272727
MATR_b4c24,b4,1039,0.9317773788150808,0.7213457636363636
MATR_b4c24,b4,1040,0.9326750448833034,0.7197841727272727
MATR_b4c24,b4,1041,0.933572710951526,0.7180652272727271
MATR_b4c24,b4,1042,0.9344703770197487,0.7164922636363635
MATR_b4c24,b4,1043,0.9353680430879713,0.7147811181818181
MATR_b4c24,b4,1044,0.9362657091561939,0.7132526999999999
MATR_b4c24,b4,1045,0.9371633752244165,0.7115329909090908
MATR_b4c24,b4,1046,0.9380610412926391,0.7098731636363635
MATR_b4c24,b4,1047,0.9389587073608617,0.7082463909090908
MATR_b4c24,b4,1048,0.9398563734290843,0.7065951272727272
MATR_b4c24,b4,1049,0.940754039497307,0.7049725818181817
MATR_b4c24,b4,1050,0.9416517055655296,0.7033080363636364
MATR_b4c24,b4,1051,0.9425493716337523,0.7018280545454545
MATR_b4c24,b4,1052,0.9434470377019749,0.7003098181818181
MATR_b4c24,b4,1053,0.9443447037701975,0.6987154454545453
MATR_b4c24,b4,1054,0.9452423698384201,0.6971744545454545
MATR_b4c24,b4,1055,0.9461400359066428,0.6955821909090908
MATR_b4c24,b4,1056,0.9470377019748654,0.6938967909090908
MATR_b4c24,b4,1057,0.947935368043088,0.6924034272727273
MATR_b4c24,b4,1058,0.9488330341113106,0.6908196727272727
MATR_b4c24,b4,1059,0.9497307001795332,0.6890943909090909
MATR_b4c24,b4,1060,0.9506283662477558,0.6875700272727272
MATR_b4c24,b4,1061,0.9515260323159784,0.685868909090909
MATR_b4c24,b4,1062,0.952423698384201,0.6841994454545454
MATR_b4c24,b4,1063,0.9533213644524237,0.6826718818181818
MATR_b4c24,b4,1064,0.9542190305206463,0.6809685454545454
MATR_b4c24,b4,1065,0.9551166965888689,0.6792877454545454
MATR_b4c24,b4,1066,0.9560143626570916,0.6777094181818181
MATR_b4c24,b4,1067,0.9569120287253142,0.6759823454545455
MATR_b4c24,b4,1068,0.9578096947935368,0.6743833181818182
MATR_b4c24,b4,1069,0.9587073608617595,0.672763909090909
MATR_b4c24,b4,1070,0.9596050269299821,0.671059109090909
MATR_b4c24,b4,1071,0.9605026929982047,0.6693476454545455
MATR_b4c24,b4,1072,0.9614003590664273,0.6677855727272727
MATR_b4c24,b4,1073,0.9622980251346499,0.6661853454545453
MATR_b4c24,b4,1074,0.9631956912028725,0.6644696545454545
MATR_b4c24,b4,1075,0.9640933572710951,0.6627154909090909
MATR_b4c24,b4,1076,0.9649910233393177,0.6610081454545454
MATR_b4c24,b4,1077,0.9658886894075404,0.6593632181818181
MATR_b4c24,b4,1078,0.966786355475763,0.6575421818181817
MATR_b4c24,b4,1079,0.9676840215439856,0.6558229727272726
MATR_b4c24,b4,1080,0.9685816876122083,0.6542893999999999
MATR_b4c24,b4,1081,0.9694793536804309,0.6525044
MATR_b4c24,b4,1082,0.9703770197486535,0.6508018181818181
MATR_b4c24,b4,1083,0.9712746858168761,0.6492361727272726
MATR_b4c24,b4,1084,0.9721723518850988,0.6473990454545454
MATR_b4c24,b4,1085,0.9730700179533214,0.6456248363636363
MATR_b4c24,b4,1086,0.973967684021544,0.6439661454545453
MATR_b4c24,b4,1087,0.9748653500897666,0.6421840727272727
MATR_b4c24,b4,1088,0.9757630161579892,0.6403666727272728
MATR_b4c24,b4,1089,0.9766606822262118,0.6385759363636363
MATR_b4c24,b4,1090,0.9775583482944344,0.6368409545454545
MATR_b4c24,b4,1091,0.9784560143626571,0.6351693636363636
MATR_b4c24,b4,1092,0.9793536804308797,0.6333654
MATR_b4c24,b4,1093,0.9802513464991023,0.6316452636363635
MATR_b4c24,b4,1094,0.981149012567325,0.6297795909090909
MATR_b4c24,b4,1095,0.9820466786355476,0.6279834272727272
MATR_b4c24,b4,1096,0.9829443447037702,0.6251409363636362
MATR_b4c24,b4,1097,0.9838420107719928,0.6243258181818181
MATR_b4c24,b4,1098,0.9847396768402155,0.6226195
MATR_b4c24,b4,1099,0.9856373429084381,0.6208601363636364
MATR_b4c24,b4,1100,0.9865350089766607,0.6190966454545455
MATR_b4c24,b4,1101,0.9874326750448833,0.6172883545454545
MATR_b4c24,b4,1102,0.9883303411131059,0.6154641818181817
MATR_b4c24,b4,1103,0.9892280071813285,0.613649809090909
MATR_b4c24,b4,1104,0.9901256732495511,0.6118745181818181
MATR_b4c24,b4,1105,0.9910233393177738,0.6100196181818182
MATR_b4c24,b4,1106,0.9919210053859964,0.6081322636363636
MATR_b4c24,b4,1107,0.992818671454219,0.6061969545454545
MATR_b4c24,b4,1108,0.9937163375224417,0.6044198181818181
MATR_b4c24,b4,1109,0.9946140035906643,0.6025562
MATR_b4c24,b4,1110,0.9955116696588869,0.6006564909090908
MATR_b4c24,b4,1111,0.9964093357271095,0.5987958999999999
MATR_b4c24,b4,1112,0.9973070017953322,0.5969699363636363
MATR_b4c24,b4,1113,0.9982046678635548,0.5950073181818182
MATR_b4c24,b4,1114,0.9991023339317774,0.5931441363636363
MATR_b4c24,b4,1115,1.0,0.5911384363636363
