elapsed_time_s,elapsed_time_min,voltage_in_V,current_in_A,discharge_capacity_in_Ah,q_normalized
0.0,0.0,3.5896268,-0.43988140909090906,5.9094841e-06,5.372258272727272e-06
0.07589999999618158,0.0012649999999363596,3.5780749,-0.9199272727272726,5.9094841e-06,5.372258272727272e-06
0.14350000000558794,0.002391666666759799,3.5678973,-1.3199156363636362,5.9094841e-06,5.372258272727272e-06
0.21020000003045425,0.003503333333840904,3.5560489,-1.7597935454545452,5.9094841e-06,5.372258272727272e-06
0.2765000000363216,0.004608333333938693,3.5448222,-2.159727727272727,0.00012549537,0.0001140867
0.3309000000008382,0.00551500000001397,3.5345159,-2.519608818181818,0.00012549537,0.0001140867
0.39690000005066395,0.006615000000844399,3.5223737,-2.9194346363636363,0.00012549537,0.0001140867
0.45130000001518056,0.007521666666919676,3.5114503,-3.279438,0.00012549537,0.0001140867
0.5057000000379048,0.008428333333965081,3.501204,-3.5995743636363633,0.00012549537,0.0001140867
0.5513000000501052,0.009188333334168419,3.4909024,-3.9194930909090906,0.00012549537,0.0001140867
0.6951000000117347,0.011585000000195578,3.4805694,-3.959556909090909,0.00012549537,0.0001140867
0.6952000000164844,0.011586666666941407,3.4805694,-3.959556909090909,0.00012549537,0.0001140867
0.8631000000168569,0.014385000000280949,3.4704022,-3.999463454545454,0.00012549537,0.0001140867
1.075200000021141,0.017920000000352352,3.4600091,-3.999585636363636,0.00012549537,0.0001140867
1.3057000000262633,0.021761666667104388,3.4498115,-3.9996620000000003,0.001302683,0.0011842572727272726
1.5696999999927357,0.026161666666545593,3.4395566,-3.9996069090909088,0.001302683,0.0011842572727272726
1.8800000000046566,0.03133333333341094,3.4291425,-3.9995340909090906,0.001302683,0.0011842572727272726
2.2102000000304542,0.03683666666717424,3.4191346,-3.999598636363636,0.001302683,0.0011842572727272726
2.5847000000067055,0.043078333333445094,3.4090152,-3.999708363636363,0.0028827328,0.002620666181818182
3.0041000000201166,0.050068333333668606,3.3988423,-3.9995275454545447,0.0028827328,0.002620666181818182
3.4778999999980442,0.057964999999967404,3.3886266,-3.999888636363636,0.0039540343,0.003594576636363636
3.9992000000202097,0.06665333333367016,3.3786054,-3.9997052727272724,0.0039540343,0.003594576636363636
4.577000000048429,0.07628333333414047,3.3685622,-3.999739090909091,0.005307199,0.004824726363636364
5.2180999999982305,0.08696833333330384,3.3584104,-3.9998995454545447,0.005307199,0.004824726363636364
5.92180000001099,0.09869666666684983,3.3482108,-3.999437,0.0069549377,0.006322670636363636
6.701100000005681,0.11168500000009468,3.3380589,-3.999662818181818,0.0079026287,0.007184207909090909
6.701200000010431,0.11168666666684052,3.3380589,-3.999662818181818,0.0079026287,0.007184207909090909
7.537899999995716,0.12563166666659525,3.3279834,-4.000051636363636,0.0088880807,0.008080073363636362
8.496099999989383,0.1416016666664897,3.3179717,-3.9997729090909084,0.010075229,0.00915929909090909
9.510000000009313,0.1585000000001552,3.3079152,-3.999884818181818,0.011264185,0.010240168181818181
9.510100000014063,0.15850166666690105,3.3079152,-3.999884818181818,0.011264185,0.010240168181818181
10.646400000026915,0.1774400000004486,3.2977757,-4.000047363636363,0.012696883,0.011542620909090908
11.889399999985471,0.19815666666642454,3.2877526,-3.999976636363636,0.0141918,0.012901636363636362
13.26420000003418,0.22107000000056967,3.2777066,-4.000129727272727,0.015919928,0.014472661818181817
14.854600000020582,0.2475766666670097,3.2675099,-3.999982727272727,0.017862726,0.016238841818181814
16.632100000046194,0.27720166666743656,3.2572808,-3.999937272727272,0.019995153,0.01817741181818182
18.71689999999944,0.311948333333324,3.2472281,-3.999980545454545,0.022537807,0.020488915454545453
18.71700000000419,0.31195000000006984,3.2472281,-3.999980545454545,0.022537807,0.020488915454545453
21.09380000003148,0.351563333333858,3.2371755,-4.000427545454546,0.025488771,0.02317161
24.01469999999972,0.40024499999999535,3.2269864,-3.999751727272727,0.02905078,0.026409799999999997
24.01480000000447,0.4002466666667412,3.2269864,-3.999751727272727,0.02905078,0.026409799999999997
27.664500000013504,0.46107500000022505,3.2169204,-3.999979727272727,0.033508625,0.03046238636363636
27.664600000018254,0.4610766666669709,3.2169204,-3.999979727272727,0.033508625,0.03046238636363636
32.48110000003362,0.541351666667227,3.2068553,-3.999926818181818,0.039345477,0.03576861545454545
37.489700000034645,0.6248283333339107,3.1991401,-3.9997009999999995,0.0453903,0.04126390909090909
37.489800000039395,0.6248300000006566,3.1991401,-3.9997009999999995,0.0453903,0.04126390909090909
42.49730000004638,0.7082883333341063,3.1934762,-4.000348999999999,0.051605791,0.04691435545454545
42.49739999999292,0.7082899999998821,3.1934762,-4.000348999999999,0.051605791,0.04691435545454545
47.49830000003567,0.7916383333339279,3.1888146,-4.0001370909090905,0.057773482,0.05252134727272727
47.49840000004042,0.7916400000006737,3.1888146,-4.0001370909090905,0.057773482,0.05252134727272727
52.50339999998687,0.8750566666664478,3.1853995,-3.999807636363636,0.063888997,0.05808090636363636
52.50349999999162,0.8750583333331936,3.1853995,-3.999807636363636,0.063888997,0.05808090636363636
57.51010000001406,0.9585016666669011,3.1823487,-4.000206818181818,0.0698869,0.06353354545454545
62.51589999999851,1.0419316666666418,3.1799607,-4.000014363636364,0.076128177,0.06920743363636364
62.51600000000326,1.0419333333333876,3.1799607,-4.000014363636364,0.076128177,0.06920743363636364
67.5226000000257,1.125376666667095,3.1777377,-3.999714818181818,0.082198896,0.07472626909090908
67.52270000003045,1.125378333333841,3.1777377,-3.999714818181818,0.082198896,0.07472626909090908
72.53000000002794,1.208833333333799,3.1758695,-3.9997664545454543,0.088358901,0.08032627363636363
77.53020000003744,1.292170000000624,3.1741252,-3.9998730909090905,0.094324633,0.08574966636363636
77.53029999998398,1.2921716666663996,3.1741252,-3.9998730909090905,0.094324633,0.08574966636363636
82.53850000002421,1.3756416666670703,3.1725001,-4.000246727272727,0.10057113,0.09142829999999999
87.54749999998603,1.459124999999767,3.1709971,-4.000295272727272,0.10666689,0.0969699
87.54760000004899,1.4591266666674831,3.1709971,-4.000295272727272,0.10666689,0.0969699
92.55370000004768,1.5425616666674613,3.1695476,-3.999982727272727,0.11280266,0.10254787272727271
97.55530000000726,1.6259216666667877,3.1683984,-3.9998921818181814,0.11895632,0.10814210909090909
97.55540000001201,1.6259233333335337,3.1683984,-3.9998921818181814,0.11895632,0.10814210909090909
102.56220000004396,1.7093700000007326,3.1671948,-4.0000113636363634,0.12507375,0.11370340909090909
107.57170000002952,1.7928616666671586,3.1661124,-4.00021809090909,0.13114855,0.11922595454545454
112.57839999999851,1.876306666666642,3.1648583,-4.000120999999999,0.13730222,0.12482019999999999
117.57860000000801,1.9596433333334669,3.1637006,-4.0002142727272725,0.14340073,0.1303643
122.5863000000245,2.0431050000004083,3.1625686,-4.000124454545454,0.14947799,0.13588908181818182
122.58640000002924,2.0431066666671542,3.1625686,-4.000124454545454,0.14947799,0.13588908181818182
127.5966999999946,2.1266116666665766,3.1615138,-3.999807636363636,0.15567143,0.1415194818181818
132.60420000000158,2.210070000000026,3.1606107,-3.9998149999999995,0.16172966,0.1470269636363636
132.60430000000633,2.210071666666772,3.1606107,-3.9998149999999995,0.16172966,0.1470269636363636
137.6081000000122,2.2934683333335366,3.1595387,-4.000000909090908,0.16783324,0.1525756727272727
137.60820000001695,2.2934700000002826,3.1595387,-4.000000909090908,0.16783324,0.1525756727272727
142.6095000000205,2.3768250000003417,3.158587,-4.000122363636364,0.17401876,0.1581988727272727
147.6184999999823,2.4603083333330384,3.1575398,-4.000032636363636,0.1800632,0.16369381818181816
152.62430000002496,2.5437383333337493,3.1566739,-4.000240272727273,0.18622968,0.16929970909090908
152.6244000000297,2.5437400000004953,3.1566739,-4.000240272727273,0.18622968,0.16929970909090908
157.63340000004973,2.6272233333341624,3.1556296,-4.0000967272727275,0.19237991,0.17489082727272726
157.63349999999627,2.627224999999938,3.1556296,-4.0000967272727275,0.19237991,0.17489082727272726
162.63880000001518,2.7106466666669196,3.1544938,-3.999903818181818,0.19838183,0.18034711818181817
167.641900000046,2.7940316666674336,3.1537108,-4.000244545454545,0.20457619,0.18597835454545453
167.64199999999255,2.7940333333332092,3.1537108,-4.000244545454545,0.20457619,0.18597835454545453
172.65419999998994,2.8775699999998325,3.1528449,-3.999993545454545,0.2107133,0.19155754545454542
177.66320000000997,2.9610533333334996,3.1517892,-3.999825363636363,0.21682756,0.19711596363636363
177.66330000001471,2.961055000000245,3.1517892,-3.999825363636363,0.21682756,0.19711596363636363
182.6773000000394,3.0446216666673234,3.1508374,-4.000004818181818,0.22297415,0.20270377272727272
187.6885000000475,3.1281416666674584,3.1497502,-4.0001466363636355,0.22910561,0.20827782727272726
192.69209999998566,3.211534999999761,3.1488986,-4.000202545454545,0.23516916,0.21379014545454542
192.69220000004862,3.211536666667477,3.1488986,-4.000202545454545,0.23516916,0.21379014545454542
197.69880000001285,3.2949800000002143,3.1479115,-4.0000967272727275,0.24122272,0.2192933818181818
202.70760000002338,3.3784600000003895,3.1470466,-3.9999111818181814,0.24743964,0.22494512727272725
202.70770000002813,3.3784616666671354,3.1470466,-3.9999111818181814,0.24743964,0.22494512727272725
207.71350000001257,3.4618916666668764,3.1460395,-3.999996636363636,0.25357449,0.2305222636363636
212.71870000002673,3.545311666667112,3.14502,-4.0000196363636356,0.25966844,0.23606221818181816
217.72120000002906,3.628686666667151,3.1440377,-4.000339545454545,0.26575911,0.2415991909090909
217.7213000000338,3.628688333333897,3.1440377,-4.000339545454545,0.26575911,0.2415991909090909
222.72960000002058,3.712160000000343,3.143002,-3.9998349090909087,0.27191469,0.24719517272727273
227.73380000004545,3.795563333334091,3.1421742,-3.9999298181818177,0.27799582,0.2527234727272727
232.74050000001444,3.879008333333574,3.1410708,-3.999720090909091,0.28412569,0.2582960818181818
237.74230000004172,3.962371666667362,3.1400695,-4.000225545454545,0.29027629,0.2638875363636363
242.74730000004638,4.045788333334106,3.1392026,-3.9998383636363632,0.29640633,0.2694603
242.74739999999292,4.045789999999882,3.1392026,-3.9998383636363632,0.29640633,0.2694603
247.74990000005346,4.129165000000891,3.1380906,-4.000123181818181,0.30246964,0.27497239999999995
252.75580000004265,4.212596666667378,3.1369653,-4.000120181818182,0.30863521,0.2805774636363636
257.7592000000295,4.295986666667159,3.1360183,-3.999871818181818,0.31475511,0.28614100909090906
257.7593000000343,4.295988333333905,3.1360183,-3.999871818181818,0.31475511,0.28614100909090906
262.7604000000283,4.379340000000472,3.135076,-4.000215090909091,0.32083529,0.2916684454545454
262.76050000003306,4.379341666667218,3.135076,-4.000215090909091,0.32083529,0.2916684454545454
267.77049999998417,4.462841666666403,3.1338344,-3.999994454545454,0.32697618,0.2972510727272727
267.7706000000471,4.462843333334119,3.1338344,-3.999994454545454,0.32697618,0.2972510727272727
272.77700000000186,4.546283333333364,3.1329942,-4.000180454545454,0.33304965,0.302772409090909
277.780299999984,4.6296716666663995,3.1317811,-4.000291,0.3391276,0.3082978181818181
282.78630000003614,4.713105000000602,3.1307425,-3.999901727272727,0.34529907,0.31390824545454543
287.7932000000146,4.796553333333577,3.1298203,-3.9998856363636364,0.35141259,0.3194659909090909
292.7937999999849,4.879896666666415,3.1283917,-4.000090727272727,0.35743189,0.3249380818181818
297.8013000000501,4.963355000000835,3.127398,-4.0000967272727275,0.36368188,0.3306198909090909
302.8090000000084,5.046816666666806,3.1264596,-4.000008363636364,0.36980724,0.33618839999999994
307.820000000007,5.13033333333345,3.1253352,-4.000312181818181,0.37590966,0.3417360545454545
307.82010000001173,5.130335000000196,3.1253352,-4.000312181818181,0.37590966,0.3417360545454545
312.82680000003893,5.213780000000649,3.1241508,-4.000203363636363,0.38197127,0.34724660909090904
312.82689999998547,5.213781666666424,3.1241508,-4.000203363636363,0.38197127,0.34724660909090904
317.8318999999901,5.297198333333169,3.122828,-4.000032636363636,0.38818008,0.3528909818181818
322.83950000000186,5.380658333333364,3.1217818,-3.999804545454545,0.39429179,0.35844708181818175
327.8493000000017,5.464155000000028,3.1206708,-3.9998231818181815,0.40039036,0.36399123636363634
332.8534000000218,5.54755666666703,3.1194224,-3.9999753636363633,0.40651873,0.3695624818181818
337.85600000002887,5.6309333333338145,3.1182466,-4.000109363636364,0.41256461,0.37505873636363635
337.8561000000336,5.6309350000005605,3.1182466,-4.000109363636364,0.41256461,0.37505873636363635
342.8644000000204,5.714406666667006,3.1171298,-3.999806272727272,0.41875774,0.3806888545454545
347.8646000000299,5.797743333333831,3.11585,-4.000079818181818,0.42483547,0.3862140636363636
347.86470000003465,5.797745000000577,3.11585,-4.000079818181818,0.42483547,0.3862140636363636
352.867200000037,5.8811200000006165,3.1146216,-4.000103272727272,0.43100515,0.3918228636363636
357.87510000000475,5.9645850000000795,3.1133075,-4.000084181818181,0.43710977,0.3973725181818182
357.8752000000095,5.964586666666825,3.1133075,-4.000084181818181,0.43710977,0.3973725181818182
362.8779000000213,6.047965000000356,3.1120925,-4.000087181818182,0.44305396,0.4027763272727273
367.88650000002235,6.1314416666670395,3.110785,-3.9999658181818174,0.44928026,0.4084365999999999
372.89140000002226,6.214856666667037,3.1096358,-4.000072454545454,0.45544741,0.41404309999999994
377.8932999999961,6.298221666666602,3.1082988,-3.9999142727272723,0.46152565,0.4195687727272727
377.89340000000084,6.298223333333348,3.1082988,-3.9999142727272723,0.46152565,0.4195687727272727
382.89990000001853,6.381665000000309,3.1070857,-4.000113636363636,0.46764976,0.4251361454545454
387.90010000002803,6.465001666667134,3.1058469,-4.000124454545454,0.47374359,0.43067599090909087
387.9002000000328,6.46500333333388,3.1058469,-4.000124454545454,0.47374359,0.43067599090909087
392.9065999999875,6.548443333333125,3.104404,-4.000081181818182,0.47992325,0.43629386363636363
392.9067000000505,6.548445000000841,3.104404,-4.000081181818182,0.47992325,0.43629386363636363
397.907600000035,6.631793333333917,3.1031222,-3.999945,0.48604086,0.44185532727272725
402.9126000000397,6.715210000000662,3.101789,-3.999829727272727,0.49215704,0.4474154909090909
407.92440000001807,6.7987400000003015,3.1006141,-3.999963636363636,0.49823508,0.45294098181818176
407.9245000000228,6.798741666667047,3.1006141,-3.999963636363636,0.49823508,0.45294098181818176
412.92619999998715,6.882103333333119,3.0992942,-3.99990909090909,0.50432909,0.4584809909090909
417.93210000003455,6.965535000000576,3.0980783,-3.9999111818181814,0.51038855,0.4639895909090909
417.9322000000393,6.9655366666673215,3.0980783,-3.9999111818181814,0.51038855,0.4639895909090909
422.93310000002384,7.048885000000397,3.0965457,-4.000110636363636,0.5165869,0.4696244545454545
427.93820000003325,7.132303333333888,3.0952554,-4.0001370909090905,0.52261746,0.4751067818181818
432.94250000000466,7.215708333333411,3.0939069,-4.000625636363636,0.52878916,0.4807174181818181
432.9426000000094,7.215710000000157,3.0939069,-4.000625636363636,0.52878916,0.4807174181818181
437.95470000000205,7.299245000000034,3.0925899,-4.000090727272727,0.53496146,0.48632859999999994
437.9548000000068,7.29924666666678,3.0925899,-4.000090727272727,0.53496146,0.48632859999999994
442.96220000000903,7.382703333333484,3.091229,-4.000068181818182,0.54101706,0.4918336909090909
447.97039999999106,7.466173333333185,3.0899062,-4.000043,0.54708564,0.4973505818181818
452.97220000001835,7.549536666666972,3.0884376,-3.9999246363636356,0.55322611,0.5029328272727273
452.9723000000231,7.549538333333718,3.0884376,-3.9999246363636356,0.55322611,0.5029328272727273
457.9805000000051,7.633008333333419,3.0870538,-4.000232,0.55947661,0.5086151
462.98869999998715,7.716478333333119,3.0856118,-4.000042090909091,0.56557006,0.5141545999999999
467.99640000000363,7.799940000000061,3.0841117,-4.000109363636364,0.57171094,0.5197372181818182
473.0072999999975,7.883454999999958,3.082746,-4.0001466363636355,0.5778048,0.5252770909090909
478.0191000000341,7.966985000000568,3.0812812,-3.9999974545454537,0.58392882,0.5308443818181818
483.02090000000317,8.050348333333385,3.0799642,-4.0001370909090905,0.59005386,0.5364126
483.0210000000079,8.050350000000131,3.0799642,-4.0001370909090905,0.59005386,0.5364126
488.0285000000149,8.133808333333581,3.0783963,-3.999673636363636,0.59610868,0.5419169818181817
493.0334000000148,8.21722333333358,3.0768924,-3.9999003636363635,0.60231972,0.5475633818181818
498.0415000000503,8.300691666667506,3.0753522,-3.999811909090909,0.60838228,0.5530748
503.0523000000394,8.384205000000657,3.0738854,-3.9999246363636356,0.61456096,0.5586917818181818
503.05240000004414,8.384206666667403,3.0738854,-3.9999246363636356,0.61456096,0.5586917818181818
508.06020000000717,8.467670000000119,3.0722957,-4.000066454545454,0.62067139,0.5642467181818182
508.0603000000119,8.467671666666865,3.0722957,-4.000066454545454,0.62067139,0.5642467181818182
513.0709000000497,8.551181666667496,3.0706716,-3.9998158181818178,0.6268099,0.5698271818181818
518.0741000000271,8.634568333333785,3.0689502,-3.9998760909090905,0.6329037,0.575367
523.0829000000376,8.718048333333961,3.0672994,-4.000093727272727,0.63901985,0.5809271363636362
523.0829999999842,8.718049999999737,3.0672994,-4.000093727272727,0.63901985,0.5809271363636362
528.0885000000126,8.80147500000021,3.0655942,-3.999979727272727,0.64513737,0.5864885181818181
533.0922000000137,8.884870000000229,3.0638995,-4.00021809090909,0.65124756,0.5920432363636363
533.0923000000184,8.884871666666974,3.0638995,-4.00021809090909,0.65124756,0.5920432363636363
538.0997000000207,8.968328333333679,3.0621638,-4.000101999999999,0.65738064,0.5976187636363636
538.0998000000254,8.968330000000424,3.0621638,-4.000101999999999,0.65738064,0.5976187636363636
543.1047000000253,9.051745000000421,3.0604577,-3.9997252727272725,0.6634894,0.6031721818181818
548.1141000000061,9.135235000000103,3.058538,-4.000032636363636,0.66962916,0.6087537818181817
553.1166000000085,9.218610000000142,3.0566888,-3.999906909090909,0.6757471,0.6143155454545455
553.1167000000132,9.218611666666886,3.0566888,-3.999906909090909,0.6757471,0.6143155454545455
558.1223999999929,9.302039999999883,3.0547252,-3.999919454545454,0.68184882,0.6198625636363636
558.1224999999977,9.302041666666629,3.0547252,-3.999919454545454,0.68184882,0.6198625636363636
563.1249000000535,9.385415000000892,3.0529342,-4.000079818181818,0.68797386,0.6254307818181818
568.1284000000451,9.468806666667417,3.0510077,-4.000069454545454,0.69406784,0.6309707636363636
568.1284999999916,9.468808333333193,3.0510077,-4.000069454545454,0.69406784,0.6309707636363636
573.1343000000343,9.552238333333905,3.0490441,-3.999855272727272,0.70015293,0.6365026636363635
578.1401000000187,9.635668333333646,3.0469317,-4.000109363636364,0.70630276,0.6420934181818182
578.1402000000235,9.635670000000392,3.0469317,-4.000109363636364,0.70630276,0.6420934181818182
583.1451000000234,9.719085000000389,3.0449777,-3.9999510909090903,0.71231055,0.6475550454545453
583.1452000000281,9.719086666667135,3.0449777,-3.9999510909090903,0.71231055,0.6475550454545453
588.1493999999948,9.802489999999914,3.0428853,-4.0001370909090905,0.71856344,0.653239490909091
588.1494999999995,9.80249166666666,3.0428853,-4.0001370909090905,0.71856344,0.653239490909091
593.1543999999994,9.885906666666658,3.0407815,-4.000073818181818,0.72464699,0.6587699909090908
598.1621000000159,9.969368333333598,3.0384955,-3.999896454545454,0.73081028,0.6643729818181818
603.1637000000337,10.052728333333896,3.0362439,-4.0001561818181814,0.73691958,0.6699268909090909
603.1638000000385,10.052730000000642,3.0362439,-4.0001561818181814,0.73691958,0.6699268909090909
608.1705000000075,10.136175000000124,3.0341401,-4.000139272727273,0.74300253,0.6754568454545454
613.1805000000168,10.21967500000028,3.0316091,-3.999992272727272,0.74912763,0.6810251181818182
618.1806000000215,10.30301000000036,3.0290399,-4.000112818181818,0.75526059,0.6866005363636363
623.1824000000488,10.386373333334147,3.0266814,-3.9997738181818177,0.761325,0.6921136363636363
628.1835000000428,10.469725000000714,3.0241389,-4.000195181818182,0.76747072,0.6977006545454545
633.1916000000201,10.553193333333668,3.0213552,-3.9998613636363634,0.77356464,0.7032405818181818
638.2002000000211,10.636670000000352,3.0189052,-4.000122363636364,0.779706,0.7088236363636363
638.2003000000259,10.636671666667098,3.0189052,-4.000122363636364,0.779706,0.7088236363636363
643.2092999999877,10.720154999999796,3.0158534,-3.9999385454545453,0.78581387,0.7143762454545454
648.2166999999899,10.8036116666665,3.013144,-3.999931181818182,0.79197329,0.7199757181818182
653.2249000000302,10.88708166666717,3.0102029,-4.000023909090909,0.79809821,0.7255438272727273
653.2250000000349,10.887083333333916,3.0102029,-4.000023909090909,0.79809821,0.7255438272727273
658.2322000000277,10.970536666667128,3.0071425,-4.000075909090909,0.80422056,0.7311095999999999
663.235800000024,11.0539300000004,3.0040164,-3.9997243636363633,0.81031418,0.7366492545454545
663.2359000000288,11.053931666667147,3.0040164,-3.9997243636363633,0.81031418,0.7366492545454545
668.2380000000121,11.137300000000202,3.0008302,-3.999865727272727,0.81645483,0.7422316636363635
673.2428000000073,11.220713333333455,2.9974418,-4.0001370909090905,0.82254857,0.7477714272727273
678.2480000000214,11.30413333333369,2.9937673,-4.000004,0.82868934,0.7533539454545455
678.2481000000262,11.304135000000436,2.9937673,-4.000004,0.82868934,0.7533539454545455
683.249700000044,11.387495000000733,2.9901786,-3.9997959090909085,0.83475953,0.7588722999999999
688.2501000000047,11.47083500000008,2.9862437,-3.9998106363636357,0.84087145,0.7644285909090908
693.259400000039,11.554323333333985,2.9822526,-4.000074636363636,0.84703529,0.7700320818181817
698.2693999999901,11.637823333333168,2.9781127,-4.000135727272727,0.85315925,0.7755993181818182
698.2695000000531,11.637825000000884,2.9781127,-4.000135727272727,0.85315925,0.7755993181818182
703.2776000000304,11.72129333333384,2.9736047,-3.999970181818181,0.85921854,0.7811077636363636
708.2802000000374,11.804670000000623,2.9690022,-3.9997429999999996,0.86534452,0.7866768363636363
713.2874000000302,11.888123333333835,2.96421,-3.9996589090909085,0.87144494,0.7922226727272726
718.2946000000229,11.97157666666705,2.959044,-3.9999407272727265,0.87762785,0.7978434999999999
718.2947000000277,11.971578333333794,2.959044,-3.9999407272727265,0.87762785,0.7978434999999999
723.3022000000346,12.055036666667243,2.9535241,-3.999996636363636,0.88370579,0.8033688999999999
728.3048999999883,12.138414999999805,2.9478717,-4.000120181818182,0.88987005,0.8089727727272726
733.3162000000011,12.221936666666686,2.9416356,-4.000262818181818,0.89592367,0.8144760636363635
733.3163000000059,12.221938333333432,2.9416356,-4.000262818181818,0.89592367,0.8144760636363635
738.3209000000497,12.305348333334162,2.9352965,-3.9999354545454544,0.90207887,0.8200717
743.329700000002,12.388828333333368,2.928472,-3.9999584545454545,0.90819842,0.8256349272727271
748.3310000000056,12.472183333333426,2.9210353,-4.000109363636364,0.9143371,0.8312155454545453
748.3311000000103,12.472185000000172,2.9210353,-4.000109363636364,0.9143371,0.8312155454545453
753.3385000000126,12.555641666666876,2.9131427,-3.9999415454545453,0.92043883,0.8367625727272727
758.3388000000268,12.638980000000448,2.904634,-3.9999480909090908,0.9265573,0.8423248181818181
763.3466999999946,12.72244499999991,2.8954196,-3.999770727272727,0.93264431,0.8478584636363636
763.3467999999993,12.722446666666656,2.8954196,-3.999770727272727,0.93264431,0.8478584636363636
768.3544000000111,12.805906666666852,2.8857713,-3.999834090909091,0.93875939,0.8534176272727272
768.3545000000158,12.805908333333598,2.8857713,-3.999834090909091,0.93875939,0.8534176272727272
773.0370000000112,12.883950000000187,2.8757405,-4.000043909090909,0.94443178,0.8585743454545455
777.4253000000026,12.957088333333378,2.8657289,-4.000171727272726,0.94979531,0.8634502818181817
781.5424000000348,13.025706666667247,2.8556867,-3.999931181818182,0.95491427,0.8681038818181817
785.3625999999931,13.089376666666551,2.8456492,-4.000251909090909,0.95952082,0.8722916545454545
789.0047000000486,13.150078333334143,2.8355718,-4.000087181818182,0.9640395,0.8763995454545455
789.0047999999952,13.15007999999992,2.8355718,-4.000087181818182,0.9640395,0.8763995454545455
792.3837000000058,13.206395000000096,2.8255544,-3.999649363636363,0.96816486,0.8801498727272726
795.5662000000011,13.259436666666685,2.8155532,-3.9998370909090903,0.97208107,0.8837100636363635
795.5663000000059,13.259438333333431,2.8155532,-3.9998370909090903,0.97208107,0.8837100636363635
798.5982000000076,13.309970000000128,2.8055015,-3.9997672727272726,0.97574639,0.8870421727272726
801.5121000000509,13.358535000000847,2.7953944,-3.999841454545454,0.97934031,0.8903093727272726
801.5121999999974,13.358536666666623,2.7953944,-3.999841454545454,0.97934031,0.8903093727272726
804.2306000000099,13.403843333333498,2.7853742,-4.000064272727272,0.98262668,0.8932969818181817
806.827099999995,13.447118333333249,2.7753596,-4.000148818181818,0.98582602,0.8962054727272726
806.8271999999997,13.447119999999995,2.7753596,-4.000148818181818,0.98582602,0.8962054727272726
809.3126000000047,13.488543333333412,2.7652612,-4.000154818181818,0.98879856,0.8989077818181818
811.6767000000109,13.527945000000182,2.7551532,-3.999998818181818,0.9917559,0.9015962727272727
813.9375,13.565625,2.7451386,-4.000133999999999,0.99453044,0.9041185818181817
816.0842000000412,13.60140333333402,2.7349887,-4.000016545454545,0.99710733,0.906461209090909
816.0842999999877,13.601404999999795,2.7349887,-4.000016545454545,0.99710733,0.906461209090909
818.1809000000358,13.63634833333393,2.7249885,-4.000118,0.99970156,0.9088196
820.1485000000102,13.669141666666837,2.7149739,-3.99980109090909,1.0021117,0.9110106363636362
820.148600000015,13.669143333333583,2.7149739,-3.99980109090909,1.0021117,0.9110106363636362
822.0580000000191,13.700966666666984,2.7049565,-4.000071636363637,1.0043803,0.9130729999999999
822.0581000000238,13.70096833333373,2.7049565,-4.000071636363637,1.0043803,0.9130729999999999
823.9076999999816,13.731794999999693,2.6949048,-3.9997074545454545,1.0066966,0.9151787272727272
825.6524000000209,13.76087333333368,2.6848502,-3.9997369999999997,1.0088019,0.9170926363636362
827.3509000000195,13.789181666666991,2.6748071,-3.99991509090909,1.0107965,0.9189059090909091
827.3510000000242,13.789183333333737,2.6748071,-3.99991509090909,1.0107965,0.9189059090909091
828.9923000000417,13.816538333334028,2.6647372,-3.999982727272727,1.0129322,0.9208474545454546
830.5555000000168,13.842591666666946,2.654676,-4.000018727272727,1.0148232,0.9225665454545453
832.0728000000236,13.867880000000392,2.6446528,-4.000087181818182,1.0166923,0.9242657272727273
833.5385000000242,13.892308333333737,2.634522,-4.000040818181818,1.018373,0.9257936363636363
834.9513000000152,13.915855000000253,2.6244874,-4.0001062727272725,1.0201436,0.9274032727272726
836.2970000000205,13.938283333333676,2.6144395,-3.999785545454545,1.0217854,0.9288958181818181
837.6051999999909,13.960086666666514,2.6043773,-4.000072454545454,1.0234576,0.9304159999999999
838.8598000000347,13.980996666667245,2.5943503,-3.999870909090909,1.02493,0.9317545454545453
838.8599000000395,13.980998333333991,2.5943503,-3.999870909090909,1.02493,0.9317545454545453
840.0716000000248,14.001193333333747,2.5842662,-4.000178272727272,1.0264409,0.9331280909090909
841.2300000000396,14.02050000000066,2.5742097,-3.999781181818182,1.0278176,0.9343796363636364
842.3564999999944,14.039274999999908,2.5641294,-4.000171727272726,1.0292463,0.9356784545454545
843.4526000000187,14.057543333333646,2.5540719,-4.0002783636363635,1.0305537,0.9368669999999999
844.4934000000358,14.074890000000597,2.5438209,-3.9999480909090908,1.0318455,0.9380413636363635
845.5138000000152,14.09189666666692,2.5338044,-3.999868727272727,1.0331213,0.9392011818181817
846.4919000000227,14.108198333333712,2.5236697,-3.999868727272727,1.0342556,0.9402323636363636
847.4280000000144,14.12380000000024,2.5136361,-4.0000386363636355,1.0354525,0.9413204545454545
847.4281000000192,14.123801666666987,2.5136361,-4.0000386363636355,1.0354525,0.9413204545454545
848.3214000000153,14.138690000000254,2.5035481,-3.9998856363636364,1.036545,0.9423136363636363
849.1800000000512,14.153000000000853,2.493505,-3.999888636363636,1.036545,0.9423136363636363
850.0203000000329,14.167005000000549,2.483315,-4.000075909090909,1.0385894,0.9441721818181817
850.8390000000363,14.180650000000606,2.4731097,-3.9994833636363634,1.0396141,0.9451037272727273
851.6050000000396,14.193416666667327,2.4630675,-4.000050363636364,1.0405686,0.9459714545454545
852.3495000000112,14.205825000000186,2.4529605,-3.9999120909090906,1.041436,0.9467599999999999
853.0717000000295,14.217861666667158,2.4427238,-4.000065090909091,1.041436,0.9467599999999999
853.0718000000343,14.217863333333904,2.4427238,-4.000065090909091,1.041436,0.9467599999999999
853.7527000000118,14.229211666666863,2.4326892,-4.000188636363636,1.0431247,0.9482951818181816
854.41320000001,14.240220000000166,2.4226499,-3.9999541818181816,1.0439932,0.9490847272727273
855.0613000000012,14.251021666666686,2.4124827,-3.9999953636363634,1.0439932,0.9490847272727273
855.6981000000378,14.26163500000063,2.4022975,-3.999963636363636,1.0455359,0.9504871818181817
856.3042000000132,14.271736666666888,2.3922,-3.9998518181818175,1.046278,0.9511618181818181
856.9112000000314,14.281853333333856,2.3820624,-4.000176909090909,1.046278,0.9511618181818181
857.5109999999986,14.291849999999977,2.3719096,-3.9996640909090906,1.0476592,0.9524174545454545
858.1212000000523,14.302020000000873,2.3616967,-4.000002727272727,1.0476592,0.9524174545454545
858.7445000000298,14.31240833333383,2.3515582,-4.000074636363636,1.0492752,0.9538865454545454
858.7446000000346,14.312410000000575,2.3515582,-4.000074636363636,1.0492752,0.9538865454545454
859.3589999999967,14.322649999999946,2.3415198,-3.9998643636363638,1.0500028,0.9545479999999998
859.9885000000359,14.333141666667265,2.3314805,-3.999931181818182,1.0500028,0.9545479999999998
860.626900000032,14.343781666667201,2.3213983,-4.000055545454545,1.0515751,0.9559773636363635
861.2776000000304,14.354626666667173,2.311317,-4.00008509090909,1.0522134,0.9565576363636363
861.9179000000004,14.365298333333339,2.3012938,-3.9998730909090905,1.0522134,0.9565576363636363
862.5463000000454,14.375771666667424,2.291265,-3.999955454545454,1.0539219,0.9581108181818181
863.1659000000218,14.386098333333697,2.2810426,-3.999952363636363,1.0539219,0.9581108181818181
863.7815999999875,14.396359999999792,2.2708468,-4.000072454545454,1.0554006,0.9594550909090909
864.3490999999922,14.405818333333203,2.2606273,-4.000017818181818,1.0559949,0.9599953636363635
864.8919999999925,14.414866666666542,2.2504592,-4.000051636363636,1.0559949,0.9599953636363635
865.4104000000516,14.423506666667526,2.2403712,-3.9999649999999995,1.0573844,0.9612585454545453
865.889599999995,14.431493333333249,2.2303309,-3.999678909090909,1.0573844,0.9612585454545453
866.3457000000053,14.439095000000089,2.2201982,-4.000043909090909,1.0585899,0.9623544545454545
866.7706000000471,14.446176666667451,2.2100568,-4.0001370909090905,1.0585899,0.9623544545454545
867.1753000000026,14.45292166666671,2.1999679,-4.000084181818181,1.0585899,0.9623544545454545
867.1754000000074,14.452923333333455,2.1999679,-4.000084181818181,1.0585899,0.9623544545454545
867.5579000000143,14.459298333333573,2.1897845,-4.000170909090909,1.0600196,0.9636541818181817
867.9202000000514,14.465336666667524,2.1796679,-4.000032636363636,1.0600196,0.9636541818181817
868.2577000000165,14.470961666666941,2.169601,-3.99989,1.0600196,0.9636541818181817
868.5783999999985,14.476306666666641,2.1595187,-4.000006999999999,1.0612644,0.9647858181818181
868.8842000000295,14.481403333333825,2.1492372,-4.000004818181818,1.0612644,0.9647858181818181
869.1835000000428,14.48639166666738,2.1389737,-4.000182545454545,1.0612644,0.9647858181818181
869.4608000000007,14.491013333333346,2.1288295,-3.999785545454545,1.0623507,0.9657733636363637
869.7290999999968,14.495484999999947,2.1184611,-3.9997664545454543,1.0623507,0.9657733636363637
869.9945000000298,14.49990833333383,2.1079755,-3.999792909090909,1.0623507,0.9657733636363637
870.228700000036,14.503811666667268,2.0979199,-3.999860545454545,1.0623507,0.9657733636363637
870.4516000000294,14.507526666667157,2.0878921,-3.999783363636363,1.0636033,0.9669120909090908
870.6848999999929,14.511414999999882,2.0774274,-3.999890818181818,1.0636033,0.9669120909090908
870.8980000000447,14.514966666667412,2.0670333,-3.9997304545454546,1.0636033,0.9669120909090908
871.0995000000112,14.518325000000186,2.0567107,-4.000082,1.0636033,0.9669120909090908
871.2920000000158,14.521533333333597,2.0464768,-4.000125363636363,1.0645734,0.9677939999999999
871.482799999998,14.524713333333299,2.0357537,-3.9998679090909084,1.0645734,0.9677939999999999
871.6652999999933,14.527754999999889,2.0257411,-4.000062909090909,1.0645734,0.9677939999999999
871.835699999996,14.530594999999932,2.0150895,-4.000037818181817,1.0645734,0.9677939999999999
872.0069000000367,14.533448333333945,2.0043225,-4.000356454545455,1.0645734,0.9677939999999999
872.1284999999916,14.53547499999986,2.0366454,-3.999323,1.0645734,0.9677939999999999
872.1484000000055,14.535806666666758,2.0253024,-3.99965109090909,1.0645734,0.9677939999999999
872.180400000012,14.5363400000002,2.0142512,-3.999877454545454,1.0645734,0.9677939999999999
872.2335000000312,14.53722500000052,2.0035472,-3.999756909090909,1.0645734,0.9677939999999999
877.2399000000441,14.620665000000736,1.9995255,-2.175742909090909,1.0702052,0.9729138181818181
877.2399999999907,14.620666666666512,1.9995255,-2.175742909090909,1.0702052,0.9729138181818181
882.2443000000203,14.704071666667005,1.9996114,-1.3803421818181816,1.0728365,0.975305909090909
887.2453000000096,14.787421666666827,1.9997668,-1.0123027272727272,1.0746279,0.9769344545454546
892.250400000019,14.870840000000317,1.9999433,-0.8305636363636363,1.0760299,0.9782089999999999
897.2517000000225,14.954195000000375,2.0000253,-0.7178696727272726,1.0772041,0.9792764545454545
902.2604000000283,15.037673333333805,1.999783,-0.6331010272727272,1.0782357,0.9802142727272727
902.2605000000331,15.03767500000055,1.999783,-0.6331010272727272,1.0782357,0.9802142727272727
907.2693999999901,15.121156666666502,1.9996514,-0.5602212363636363,1.0791512,0.9810465454545455
912.2785000000149,15.204641666666914,1.9997077,-0.4935819454545454,1.0799541,0.9817764545454544
912.2786000000197,15.20464333333366,1.9997077,-0.4935819454545454,1.0799541,0.9817764545454544
917.2868000000017,15.288113333333362,2.0001559,-0.43340942727272724,1.0806545,0.9824131818181818
917.2869000000064,15.288115000000108,2.0001559,-0.43340942727272724,1.0806545,0.9824131818181818
922.2870000000112,15.371450000000186,1.9996057,-0.3807891454545454,1.0812824,0.982984
927.2944000000134,15.45490666666689,1.9996753,-0.3335814,1.0818278,0.983479818181818
932.3011000000406,15.538351666667344,1.9996562,-0.2910778727272727,1.0823028,0.9839116363636362
937.3093000000226,15.621821666667044,1.9995656,-0.2547272727272727,1.0827168,0.9842879999999999
942.3104000000167,15.705173333333612,2.0001035,-0.22168506363636362,1.0830795,0.9846177272727271
947.3172000000486,15.78862000000081,2.0000463,-0.1944732636363636,1.0833998,0.984908909090909
952.3257999999914,15.872096666666524,2.0002217,-0.17218242727272726,1.0836818,0.9851652727272726
957.3352000000305,15.955586666667175,2.0001349,-0.1535511,1.0839287,0.9853897272727271
957.3353000000352,15.95558833333392,2.0001349,-0.1535511,1.0839287,0.9853897272727271
962.3462000000291,16.039103333333816,2.0001111,-0.1373733181818182,1.0841528,0.9855934545454544
962.3463000000338,16.039105000000564,2.0001111,-0.1373733181818182,1.0841528,0.9855934545454544
967.3493000000017,16.12248833333336,2.0001349,-0.12468424545454544,1.0843513,0.985773909090909
972.3562999999849,16.205938333333084,1.9999528,-0.11471661818181819,1.0845335,0.9859395454545454
972.3564000000479,16.205940000000798,1.9999528,-0.11471661818181819,1.0845335,0.9859395454545454
977.3577000000514,16.289295000000855,1.9998088,-0.10575380909090908,1.0847019,0.9860926363636363
982.3686000000453,16.372810000000754,2.0002513,-0.09849895454545453,1.0848579,0.9862344545454546
982.3686999999918,16.37281166666653,2.0002513,-0.09849895454545453,1.0848579,0.9862344545454546
987.3710000000428,16.456183333334046,1.9996724,-0.09291995454545453,1.0850027,0.9863660909090908
987.3710999999894,16.456184999999824,1.9996724,-0.09291995454545453,1.0850027,0.9863660909090908
992.3807000000379,16.539678333333963,1.9997725,-0.08799379545454544,1.0851417,0.9864924545454545
997.3883999999962,16.623139999999935,1.9997134,-0.08389126181818182,1.0852728,0.9866116363636364
1002.3994999999995,16.706658333333326,2.0000882,-0.07939598818181819,1.0853972,0.9867247272727272
1007.4000000000233,16.790000000000386,2.0000167,-0.07639191363636362,1.085515,0.9868318181818181
1012.4089999999851,16.873483333333084,2.0003972,-0.07375717181818181,1.085632,0.9869381818181817
1012.409100000048,16.8734850000008,2.0003972,-0.07375717181818181,1.085632,0.9869381818181817
1017.4110000000219,16.956850000000365,2.0003047,-0.07086927272727273,1.0857426,0.9870387272727271
1022.4159000000218,17.040265000000364,1.9996057,-0.06999275909090909,1.0858512,0.9871374545454544
1027.4176999999909,17.12362833333318,2.0002503,-0.06717075,1.0859559,0.9872326363636363
1032.4261000000406,17.207101666667345,1.9998765,-0.06518103818181817,1.086058,0.9873254545454544
1037.434899999993,17.290581666666547,2.0003772,-0.06308468909090909,1.0861565,0.9874149999999999
1042.4378000000142,17.37396333333357,1.9999795,-0.06221077636363636,1.0862527,0.9875024545454544
1042.437900000019,17.373965000000318,1.9999795,-0.06221077636363636,1.0862527,0.9875024545454544
1047.4446000000462,17.45741000000077,2.0000634,-0.06061554,1.0863461,0.9875873636363637
1052.456200000015,17.54093666666692,2.0000339,-0.05791230636363636,1.0864366,0.9876696363636364
1057.457000000053,17.62428333333422,1.9999232,-0.05659797,1.0865241,0.9877491818181818
1062.4672000000137,17.707786666666895,2.0002351,-0.05535385818181818,1.0866102,0.9878274545454544
1062.4673000000184,17.707788333333642,2.0002351,-0.05535385818181818,1.0866102,0.9878274545454544
1067.4734000000171,17.79122333333362,2.00032,-0.05318641636363636,1.0866935,0.9879031818181817
1067.4735000000219,17.791225000000363,2.00032,-0.05318641636363636,1.0866935,0.9879031818181817
1072.47980000003,17.874663333333835,2.0000291,-0.051521821818181816,1.0867745,0.987976818181818
1077.485100000049,17.958085000000818,2.0003724,-0.049369985454545455,1.0868517,0.9880469999999999
1077.4851999999955,17.958086666666592,2.0003724,-0.049369985454545455,1.0868517,0.9880469999999999
1082.4867000000086,18.04144500000014,1.9997287,-0.04959973454545454,1.0869286,0.988116909090909
1087.4881000000169,18.124801666666947,2.0003762,-0.04696932727272727,1.0870014,0.9881830909090907
1092.4970000000321,18.20828333333387,2.000071,-0.04551193909090909,1.0870738,0.988248909090909
1097.5074000000022,18.291790000000038,2.0003371,-0.04435192454545454,1.0871431,0.988311909090909
1102.5160000000033,18.37526666666672,1.9997306,-0.04340865363636363,1.0872098,0.9883725454545452
1102.516100000008,18.375268333333466,1.9997306,-0.04340865363636363,1.0872098,0.9883725454545452
1107.525100000028,18.458751666667133,2.000176,-0.04123427636363636,1.0872737,0.9884306363636362
1112.5261000000173,18.542101666666955,2.0000415,-0.04004045,1.0873359,0.9884871818181817
1117.535600000003,18.62559333333338,2.0000291,-0.038640282727272726,1.0873976,0.9885432727272727
1117.5357000000076,18.62559500000013,2.0000291,-0.038640282727272726,1.0873976,0.9885432727272727
1122.539300000004,18.7089883333334,2.0002027,-0.03705024727272727,1.0874562,0.9885965454545455
1127.5426999999909,18.792378333333183,2.0000157,-0.03617893545454545,1.0875119,0.9886471818181817
1132.5474000000395,18.87579000000066,2.0002599,-0.034914016363636356,1.0875674,0.9886976363636363
1132.547499999986,18.875791666666434,2.0002599,-0.034914016363636356,1.0875674,0.9886976363636363
1137.5545000000275,18.959241666667126,1.9997916,-0.03391959454545454,1.0876203,0.9887457272727271
1142.5556000000215,19.04259333333369,1.9997725,-0.03336819727272727,1.0876719,0.9887926363636362
1142.5557000000263,19.04259500000044,1.9997725,-0.03336819727272727,1.0876719,0.9887926363636362
1147.5613000000012,19.126021666666688,2.0000987,-0.03181977727272727,1.0877213,0.9888375454545453
1147.561400000006,19.126023333333432,2.0000987,-0.03181977727272727,1.0877213,0.9888375454545453
1152.564000000013,19.20940000000022,2.0000148,-0.031010020909090903,1.0877699,0.9888817272727273
1157.5777000000235,19.292961666667058,2.0002322,-0.02918937,1.0878166,0.9889241818181818
1162.5828000000329,19.376380000000548,1.9998403,-0.02879923,1.0878624,0.9889658181818181
1162.5829000000376,19.376381666667292,1.9998403,-0.02879923,1.0878624,0.9889658181818181
1167.5849000000162,19.459748333333604,1.999927,-0.028921474545454542,1.0879062,0.9890056363636363
1172.5929999999935,19.54321666666656,1.9996877,-0.02803802454545454,1.087949,0.9890445454545455
1177.5949000000255,19.626581666667093,1.9997611,-0.026475732727272727,1.0879903,0.9890820909090908
1177.5950000000303,19.626583333333837,1.9997611,-0.026475732727272727,1.0879903,0.9890820909090908
1182.60070000001,19.710011666666833,2.0002637,-0.025936473636363633,1.0880308,0.989118909090909
1187.6030000000028,19.79338333333338,1.9998727,-0.025177869090909088,1.08807,0.9891545454545455
1192.6056000000099,19.876760000000164,1.9999204,-0.024541508181818182,1.0881077,0.989188818181818
1197.6111000000383,19.96018500000064,2.0002913,-0.023693604545454543,1.0881454,0.9892230909090908
1199.923700000043,19.99872833333405,2.0001035,-0.02290985818181818,1.0881619,0.9892380909090909
