step,support_train_loss,support_eval_loss,support_validation_mae_fraction,support_validation_mae_percent,query_mae_fraction,query_mae_percent,query_rmse_percent,query_r2,gradient_norm,gradient_norm_before_clip,gradient_norm_after_clip,parameter_update_norm,relative_update_norm,hidden_to_hidden_update_norm,output_bias_update_norm,relative_update_warning,learning_rate,sampling_mode,selected_split_indices,first_predicted_soh,last_predicted_soh,predicted_eol,predicted_rul,oracle_query_selection
0,,0.5042716264724731,0.65000200265276,65.00020026527599,0.6124898476266971,61.248984762669714,61.561791758997465,-98.06797095047347,0.0,0.0,0.0,0.0,0.0,0.0,0.0,False,0.005,length_stratified,[],0.5754104852676392,0.10172246396541595,500,0,True
1,0.23946121335029602,0.48481839895248413,0.6335849422328429,63.35849422328429,0.6003498171945955,60.034981719459545,60.35157876124032,-94.2111993867977,2.7666486193203337,2.7666486193203337,0.9999996724489095,0.004999996266790344,0.00038632518354524587,0.001518659117729048,0.002327553927898407,False,0.005,length_stratified,"[309, 278, 214, 151, 60, 125, 46, 113, 74, 47, 332, 372, 294, 142, 87, 200, 118, 338, 212, 357, 32, 175, 63, 270, 159, 380, 308, 206, 57, 283, 280, 228, 81, 205, 28, 276, 377, 66, 204, 129, 324, 35, 346, 312, 29, 146, 267, 369, 168, 137, 311, 328, 52, 59, 140, 355, 86, 261, 182, 220, 340, 184, 295, 211]",0.58501797914505,0.11294940859079361,500,0,True
2,0.22964873909950256,0.4651508331298828,0.6164338591061788,61.64338591061787,0.587880703553014,58.7880703553014,59.10843811007005,-90.32921660173854,2.7587936499771355,2.7587936499771355,0.9999996706766887,0.004999999335613782,0.00038631842555876794,0.0015307318970391966,0.002312367781996727,False,0.005,length_stratified,"[359, 288, 312, 92, 103, 269, 157, 63, 295, 97, 366, 98, 94, 278, 41, 183, 322, 60, 192, 365, 201, 385, 175, 279, 205, 73, 336, 362, 22, 36, 11, 215, 40, 218, 213, 329, 116, 251, 137, 308, 31, 340, 258, 283, 56, 332, 25, 209, 146, 113, 82, 193, 228, 284, 220, 301, 348, 118, 364, 70, 135, 173, 291, 67]",0.5946328639984131,0.12440824508666992,500,0,True
3,0.2163570523262024,0.44529861211776733,0.5985272482894616,59.85272482894616,0.5751002648091177,57.51002648091177,57.83412678610389,-86.43375504743581,2.7193139222930904,2.7193139222930904,0.9999996183912314,0.004999994273880203,0.0003863109087719435,0.0015478420086473595,0.002286068629473448,False,0.005,length_stratified,"[372, 158, 337, 92, 24, 41, 355, 254, 267, 287, 99, 326, 199, 169, 129, 324, 351, 107, 330, 213, 354, 231, 149, 278, 202, 181, 204, 290, 136, 374, 294, 29, 285, 329, 84, 175, 221, 128, 31, 88, 170, 61, 271, 35, 60, 253, 243, 209, 250, 111, 394, 54, 340, 174, 6, 269, 196, 21, 57, 55, 260, 59, 102, 154]",0.6042627096176147,0.1360633820295334,500,0,True
4,0.20237326622009277,0.42527270317077637,0.579828685458775,57.982868545877494,0.5620112132738297,56.20112132738298,56.52894327493524,-82.53192679459416,2.6725221498813294,2.6725221498813294,0.9999996779009699,0.004999993176963152,0.0003863035228923297,0.0015678480475010718,0.0022605014964938164,False,0.005,length_stratified,"[170, 308, 75, 57, 388, 111, 133, 211, 374, 193, 298, 29, 112, 15, 165, 267, 252, 359, 88, 364, 332, 264, 30, 56, 351, 24, 378, 257, 62, 203, 84, 300, 352, 235, 39, 147, 266, 222, 199, 386, 195, 223, 77, 115, 225, 357, 244, 110, 284, 246, 365, 90, 31, 361, 109, 134, 232, 277, 6, 273, 182, 116, 127, 59]",0.6139533519744873,0.1478879451751709,500,0,True
5,0.1898469775915146,0.405053973197937,0.5603278551362709,56.03278551362709,0.5485792896666087,54.85792896666087,55.18937593742137,-78.61991903146017,2.629162871521333,2.629162871521333,0.9999996486946608,0.0049999997995090984,0.0003862965599788815,0.001588695485237398,0.002230767160654068,False,0.005,length_stratified,"[259, 196, 95, 332, 87, 112, 239, 264, 319, 355, 28, 385, 76, 181, 353, 10, 62, 207, 367, 366, 246, 61, 279, 364, 153, 160, 261, 311, 345, 141, 103, 344, 354, 27, 30, 126, 167, 91, 43, 38, 98, 67, 200, 51, 152, 208, 309, 221, 252, 287, 190, 305, 206, 187, 312, 82, 180, 291, 4, 331, 123, 25, 350, 191]",0.6236500144004822,0.1598958522081375,500,0,True
6,0.17726460099220276,0.38459622859954834,0.5400345825515942,54.00345825515942,0.5347296263854597,53.47296263854597,53.80788161715312,-74.68373459528587,2.5670515434174686,2.5670515434174686,0.9999995966439876,0.00499999834689951,0.00038628884890070124,0.0015998822712883132,0.0022132289595901966,False,0.005,length_stratified,"[4, 3, 35, 280, 265, 352, 294, 158, 273, 180, 238, 84, 387, 264, 121, 59, 88, 32, 219, 320, 45, 327, 144, 253, 101, 372, 29, 163, 240, 83, 382, 338, 109, 344, 233, 376, 218, 379, 171, 226, 182, 99, 210, 61, 137, 267, 53, 279, 224, 85, 326, 36, 222, 14, 43, 92, 337, 270, 96, 256, 255, 348, 42, 288]",0.6333851218223572,0.17214302718639374,500,0,True
7,0.16406244039535522,0.36394068598747253,0.5189991255961613,51.89991255961613,0.5205021076908672,52.050210769086725,52.38850683904541,-70.74354067796858,2.5359656444349143,2.5359656444349143,0.9999996036675044,0.005000000771405706,0.00038628129402889735,0.0016317123344323124,0.0021734898909926414,False,0.005,length_stratified,"[237, 90, 151, 371, 291, 288, 53, 80, 349, 238, 345, 10, 285, 307, 357, 24, 213, 14, 352, 260, 129, 156, 147, 208, 55, 141, 365, 321, 13, 202, 12, 69, 286, 212, 127, 98, 105, 294, 376, 191, 360, 74, 368, 227, 180, 250, 245, 59, 309, 301, 102, 134, 177, 73, 111, 223, 337, 354, 168, 68, 282, 107, 247, 172]",0.6431541442871094,0.18454177677631378,500,0,True
8,0.15080054104328156,0.34303024411201477,0.4972901434563355,49.72901434563355,0.5057742380141155,50.57742380141155,50.918968021547194,-66.77506636378257,2.4583301175273133,2.4583301175273133,0.9999996824818042,0.00499999647646308,0.00038627305681912896,0.0016438504729907786,0.0021523055620491505,False,0.005,length_stratified,"[164, 280, 283, 140, 39, 376, 262, 66, 54, 21, 186, 123, 156, 223, 41, 343, 128, 386, 158, 279, 393, 151, 50, 71, 169, 43, 254, 245, 199, 396, 281, 106, 317, 107, 242, 108, 111, 347, 114, 79, 191, 248, 122, 197, 336, 1, 205, 366, 327, 162, 359, 173, 104, 13, 240, 52, 260, 289, 274, 170, 194, 355, 360, 46]",0.6529852747917175,0.19719411432743073,500,0,True
9,0.14141321182250977,0.32184720039367676,0.4749616386853413,47.49616386853413,0.4904875000783807,49.04875000783807,49.393517150146074,-62.775029623441654,2.434675049103737,2.434675049103737,0.9999996074339514,0.004999998143579435,0.00038626509198605604,0.0016615429946836415,0.0021322076208889484,False,0.005,length_stratified,"[183, 119, 153, 35, 90, 205, 195, 306, 152, 360, 199, 70, 181, 354, 138, 293, 318, 34, 309, 270, 15, 292, 372, 332, 122, 179, 384, 6, 67, 238, 88, 115, 212, 219, 75, 71, 246, 201, 10, 380, 307, 26, 262, 209, 350, 155, 106, 265, 376, 220, 89, 310, 352, 61, 53, 378, 198, 83, 335, 260, 125, 52, 288, 368]",0.6628195643424988,0.21011020243167877,500,0,True
10,0.12762460112571716,0.30043596029281616,0.45210903638231315,45.210903638231315,0.4746115038511413,47.46115038511413,47.80937454369068,-58.74985964540233,2.3416427946186316,2.3416427946186316,0.9999996608210244,0.00499999915083318,0.00038625699421147565,0.0016836061606030138,0.0020981989800930023,False,0.005,length_stratified,"[104, 318, 329, 200, 267, 299, 106, 51, 146, 250, 125, 211, 234, 68, 141, 35, 347, 76, 11, 332, 359, 46, 277, 15, 307, 58, 249, 342, 183, 195, 369, 60, 255, 341, 323, 356, 387, 92, 158, 160, 212, 119, 196, 32, 285, 364, 95, 394, 231, 178, 162, 176, 138, 284, 86, 137, 179, 260, 270, 26, 43, 221, 24, 282]",0.6726653575897217,0.22326672077178955,500,0,True
11,0.11371421068906784,0.2788195013999939,0.4287613644562916,42.87613644562916,0.4580862203171397,45.808622031713966,46.161060907303444,-54.70091484540059,2.2275545155821947,2.2275545155821947,0.9999995704402377,0.0049999965868787015,0.0003862484563380795,0.0016990706895408728,0.0020721862092614174,False,0.005,length_stratified,"[175, 181, 75, 241, 283, 124, 316, 161, 151, 225, 313, 70, 323, 315, 306, 337, 48, 150, 346, 105, 97, 197, 99, 211, 397, 301, 296, 169, 395, 376, 210, 9, 194, 202, 191, 73, 108, 369, 157, 106, 63, 266, 118, 371, 329, 276, 326, 228, 277, 265, 71, 50, 160, 78, 143, 189, 334, 36, 379, 111, 17, 300, 64, 21]",0.6825990080833435,0.2366533875465393,500,0,True
12,0.10345904529094696,0.25699561834335327,0.4049545969926075,40.49545969926075,0.44075068145404606,44.07506814540461,44.43271555303394,-50.60793453343756,2.1517869775204947,2.1517869775204947,0.9999995136945593,0.0049999980144712075,0.0003862400725837081,0.0017160383378935673,0.0020488621667027473,False,0.005,length_stratified,"[376, 44, 20, 361, 123, 10, 29, 172, 185, 263, 86, 387, 235, 74, 85, 102, 197, 338, 328, 109, 133, 159, 271, 373, 80, 151, 176, 374, 311, 335, 18, 246, 76, 178, 355, 250, 315, 256, 45, 62, 113, 378, 188, 155, 366, 206, 108, 354, 285, 119, 265, 307, 162, 230, 234, 50, 163, 264, 49, 42, 251, 140, 267, 215]",0.6925075054168701,0.2503667175769806,500,0,True
13,0.09327710419893265,0.23503828048706055,0.38068594508993187,38.068594508993186,0.4225179069696384,42.251790696963845,42.61637441682867,-46.474867783660315,2.0801469650266737,2.0801469650266737,0.9999996415145471,0.005000001135078935,0.00038623170038451656,0.0017290528018754354,0.002029985189437866,False,0.005,length_stratified,"[363, 160, 250, 299, 269, 391, 207, 317, 62, 340, 365, 284, 375, 190, 55, 211, 330, 74, 156, 208, 23, 364, 59, 169, 392, 25, 243, 31, 159, 93, 47, 194, 85, 173, 298, 318, 150, 116, 161, 219, 130, 263, 252, 312, 354, 184, 34, 51, 134, 271, 359, 121, 385, 137, 57, 214, 144, 11, 163, 308, 237, 50, 384, 98]",0.7024856209754944,0.2643906772136688,501,1,True
14,0.08331523835659027,0.21303170919418335,0.3559790714942173,35.59790714942173,0.40322644405887953,40.32264440588796,40.696505336981076,-42.293729554194655,1.9771894248310087,1.9771894248310087,0.9999994973454349,0.00500000003633846,0.0003862228722113465,0.0017401492585368526,0.002011282369494438,False,0.005,length_stratified,"[368, 385, 145, 157, 215, 338, 281, 325, 76, 227, 307, 343, 366, 64, 34, 40, 317, 262, 138, 164, 189, 5, 247, 225, 48, 365, 136, 235, 110, 245, 255, 165, 254, 230, 378, 233, 112, 354, 25, 388, 163, 148, 370, 133, 288, 27, 190, 313, 118, 170, 115, 308, 20, 67, 44, 364, 10, 131, 79, 301, 160, 236, 124, 241]",0.7124621272087097,0.2787798047065735,501,1,True
15,0.0730743408203125,0.191094771027565,0.33082714253294027,33.08271425329403,0.3827228663021645,38.27228663021645,38.65902119753739,-38.06721684328047,1.8645816574802738,1.8645816574802738,0.9999994958947714,0.00500000082767025,0.000386214086454278,0.0017514136511415682,0.0019915588200092316,False,0.005,length_stratified,"[52, 324, 178, 99, 63, 328, 244, 21, 290, 250, 370, 364, 107, 89, 81, 24, 239, 96, 299, 397, 256, 385, 254, 398, 150, 247, 170, 17, 386, 2, 282, 167, 49, 195, 174, 312, 343, 248, 193, 130, 145, 379, 65, 62, 210, 122, 353, 153, 191, 70, 338, 123, 209, 271, 159, 69, 200, 217, 80, 266, 186, 71, 272, 101]",0.722497820854187,0.29354241490364075,501,1,True
16,0.06636716425418854,0.16933414340019226,0.3052425985895351,30.524259858953513,0.3607205560640633,36.07205560640633,36.4763047468124,-33.78022890563023,1.8006790895646942,1.8006790895646942,0.9999995252041496,0.004999996736690457,0.00038620477743461697,0.00175921864015793,0.001979980617761612,False,0.005,length_stratified,"[302, 370, 348, 232, 280, 299, 21, 246, 394, 87, 372, 227, 376, 109, 82, 260, 136, 122, 3, 17, 263, 111, 385, 358, 215, 66, 242, 98, 152, 331, 173, 364, 185, 35, 31, 250, 29, 161, 24, 15, 259, 74, 224, 324, 97, 191, 174, 149, 179, 171, 216, 70, 133, 91, 25, 11, 138, 277, 252, 268, 253, 207, 369, 351]",0.7324779629707336,0.3088124394416809,502,2,True
17,0.05628126859664917,0.1480005383491516,0.2791748147569851,27.91748147569851,0.3371423094905951,33.71423094905951,34.143433077198544,-29.47369654385003,1.6916415545533219,1.6916415545533219,0.999999363846798,0.004999999466621875,0.00038619589698727253,0.0017799310856036203,0.001950906589627266,False,0.005,length_stratified,"[300, 302, 393, 79, 327, 83, 266, 386, 190, 288, 11, 153, 35, 307, 177, 209, 337, 138, 125, 216, 224, 355, 378, 174, 250, 72, 86, 102, 160, 20, 281, 70, 379, 346, 227, 283, 8, 180, 173, 213, 36, 171, 304, 143, 75, 268, 142, 27, 113, 21, 97, 194, 197, 140, 264, 275, 251, 363, 130, 366, 64, 368, 354, 48]",0.7425326704978943,0.3243992328643799,503,3,True
18,0.04762306809425354,0.12730473279953003,0.2526314126812176,25.263141268121757,0.31161387005925456,31.161387005925455,31.624337965710453,-25.142893298696457,1.562727157728196,1.562727157728196,0.9999993972580792,0.004999994833737634,0.00038618633483878594,0.0017896959941124811,0.0019319243729114532,False,0.005,length_stratified,"[104, 339, 223, 40, 39, 241, 371, 75, 226, 150, 170, 203, 328, 100, 249, 258, 159, 54, 222, 179, 284, 92, 30, 230, 35, 36, 45, 134, 155, 143, 294, 109, 361, 228, 346, 397, 73, 250, 192, 298, 254, 347, 76, 353, 327, 279, 255, 224, 239, 360, 271, 2, 43, 256, 83, 227, 293, 399, 42, 343, 123, 93, 91, 236]",0.7526323199272156,0.34042835235595703,505,5,True
19,0.0420326367020607,0.1074795126914978,0.22563488536703147,22.563488536703147,0.2836201474032813,28.362014740328128,28.867335849904315,-20.783325197590486,1.463597321404227,1.463597321404227,0.9999993910114576,0.004999999369893699,0.00038617738763930247,0.0017872767200458736,0.0019313041120767593,False,0.005,length_stratified,"[104, 221, 115, 300, 348, 213, 119, 316, 185, 91, 368, 8, 18, 296, 7, 71, 237, 3, 260, 79, 336, 198, 255, 202, 32, 218, 394, 352, 19, 99, 228, 23, 331, 324, 117, 164, 386, 367, 388, 122, 282, 312, 125, 235, 13, 84, 277, 112, 82, 108, 389, 230, 272, 25, 197, 278, 34, 186, 311, 31, 330, 269, 248, 97]",0.762690007686615,0.3571329116821289,507,7,True
20,0.035683028399944305,0.08883089572191238,0.1981480001770214,19.81480001770214,0.2527979084728259,25.27979084728259,25.8361795518442,-16.448871857608303,1.3435809546506428,1.3435809546506428,0.9999992798957354,0.005000000854900302,0.00038616806860490793,0.001787936071535965,0.0019249077886343002,False,0.005,length_stratified,"[374, 262, 83, 90, 259, 21, 229, 356, 182, 75, 253, 317, 354, 272, 171, 216, 387, 16, 203, 389, 283, 150, 345, 7, 11, 301, 397, 72, 296, 360, 100, 78, 149, 1, 114, 227, 212, 111, 198, 2, 279, 311, 339, 4, 103, 350, 353, 298, 158, 25, 48, 240, 217, 245, 106, 194, 178, 131, 82, 61, 275, 191, 333, 120]",0.7727739214897156,0.3744344115257263,511,11,True
21,0.02682630345225334,0.07164222002029419,0.17010171228277243,17.010171228277244,0.21878832575155582,21.87883257515558,22.4940378542288,-12.226520471137993,1.218071408791679,1.218071408791679,0.9999992867843971,0.004999996832625063,0.0003861582177711758,0.001826819108131901,0.0018749106675386429,False,0.005,length_stratified,"[157, 38, 123, 102, 193, 67, 154, 199, 142, 265, 198, 129, 287, 211, 264, 57, 27, 327, 97, 291, 59, 392, 233, 61, 361, 46, 258, 236, 372, 343, 357, 58, 197, 138, 172, 206, 128, 307, 152, 326, 24, 314, 349, 310, 371, 72, 160, 320, 7, 322, 115, 161, 334, 119, 69, 209, 288, 276, 10, 228, 385, 254, 176, 293]",0.7829205989837646,0.3920668959617615,519,19,True
22,0.023055175319314003,0.05605703592300415,0.14158399158346213,14.158399158346214,0.18051346841223037,18.051346841223037,18.717874801585403,-8.158489277220555,1.081405883891548,1.081405883891548,0.9999991189534148,0.004999992495362689,0.00038614825440502364,0.0018060843175774328,0.0018930509686470032,False,0.005,length_stratified,"[8, 374, 184, 65, 295, 383, 367, 189, 311, 281, 153, 259, 261, 22, 105, 342, 138, 396, 254, 145, 269, 330, 316, 379, 115, 109, 149, 37, 194, 222, 211, 172, 169, 323, 241, 209, 391, 340, 124, 133, 63, 160, 38, 385, 2, 321, 155, 61, 257, 182, 266, 56, 5, 227, 23, 1, 179, 212, 91, 308, 102, 171, 286, 9]",0.7930458784103394,0.41093164682388306,536,36,True
23,0.016446175053715706,0.0429418683052063,0.11391750865804708,11.391750865804708,0.13972529119375982,13.97252911937598,14.66573675963149,-4.622358523057155,0.9513819377476957,0.9513819377476957,0.9513819377476957,0.004756906911955808,0.0003673655155707865,0.0017500250518329042,0.0017600171267986298,False,0.005,length_stratified,"[345, 225, 394, 190, 305, 339, 121, 193, 166, 264, 138, 31, 164, 282, 106, 55, 183, 298, 156, 388, 79, 3, 276, 251, 39, 348, 255, 284, 236, 316, 167, 307, 180, 347, 84, 95, 66, 32, 5, 327, 389, 74, 140, 226, 165, 378, 299, 128, 343, 64, 288, 191, 131, 100, 54, 110, 349, 69, 212, 337, 85, 99, 50, 270]",0.802719235420227,0.43123507499694824,597,97,True
24,0.011285241693258286,0.03320307284593582,0.08999989026414906,8.999989026414907,0.101415411696962,10.1415411696962,10.806220497114973,-2.05251927498316,0.8086113405046128,0.8086113405046128,0.8086113405046128,0.004043057488683238,0.0003122289034304002,0.0015055062811589145,0.0014698803424835205,False,0.005,length_stratified,"[202, 121, 278, 29, 135, 232, 221, 338, 78, 90, 28, 211, 204, 296, 33, 108, 109, 146, 51, 350, 182, 387, 215, 230, 267, 98, 277, 236, 99, 335, 290, 36, 183, 351, 167, 54, 123, 93, 105, 261, 68, 30, 66, 255, 52, 64, 179, 315, 45, 268, 156, 336, 303, 301, 304, 380, 378, 153, 165, 326, 262, 330, 379, 368]",0.810971200466156,0.45582708716392517,674,174,True
25,0.009208631701767445,0.025906909257173538,0.06923156553136862,6.923156553136862,0.06624983268432129,6.624983268432129,7.20037597343046,-0.35525529652042676,0.693271265972073,0.693271265972073,0.693271265972073,0.0034663541574612195,0.00026768688914251395,0.0012817821094975167,0.0012684091925621033,False,0.005,length_stratified,"[225, 114, 317, 316, 263, 348, 388, 379, 303, 64, 87, 356, 358, 177, 364, 179, 329, 140, 37, 115, 107, 66, 235, 154, 249, 76, 287, 149, 188, 15, 74, 244, 55, 349, 134, 3, 295, 245, 327, 226, 192, 103, 180, 277, 56, 261, 27, 116, 211, 314, 69, 209, 97, 208, 361, 79, 153, 383, 381, 123, 2, 171, 195, 288]",0.8180226683616638,0.4908466935157776,743,243,True
26,0.007231219671666622,0.020303793251514435,0.05066169792043723,5.066169792043723,0.034479818109009935,3.4479818109009934,3.939000781008327,0.5944140529230234,0.6127405029250516,0.6127405029250516,0.6127405029250516,0.003063700656301676,0.00023658797367551848,0.001138539168895909,0.0011146776378154755,False,0.005,length_stratified,"[346, 129, 40, 352, 263, 108, 277, 133, 83, 1, 315, 363, 43, 181, 23, 370, 147, 61, 39, 372, 391, 9, 70, 211, 295, 333, 89, 286, 195, 90, 336, 62, 301, 245, 170, 36, 176, 256, 101, 175, 319, 234, 268, 32, 366, 93, 297, 134, 327, 158, 180, 190, 208, 111, 312, 209, 34, 242, 326, 338, 235, 236, 44, 154]",0.8242363929748535,0.5350255370140076,809,309,True
27,0.005100769456475973,0.016277853399515152,0.035102015074367894,3.5102015074367894,0.01132945663687107,1.132945663687107,1.5163975267215668,0.9398913602661965,0.5080879308346103,0.5080879308346103,0.5080879308346103,0.00254043857461487,0.00019617700137316007,0.0009467958306466838,0.0009176544845104218,False,0.005,length_stratified,"[249, 96, 395, 70, 138, 189, 60, 364, 81, 230, 102, 100, 217, 243, 80, 267, 180, 29, 13, 173, 315, 248, 105, 295, 155, 259, 378, 19, 292, 399, 353, 397, 340, 170, 142, 218, 344, 285, 101, 211, 387, 192, 5, 373, 25, 45, 104, 132, 381, 221, 178, 316, 174, 311, 16, 161, 329, 61, 288, 269, 78, 126, 21, 152]",0.82942134141922,0.5772370100021362,868,368,True
28,0.004028665833175182,0.013310115784406662,0.02179349475729026,2.1793494757290257,0.01507682602748133,1.507682602748133,1.6824767184155174,0.9260038895900832,0.4310559975581819,0.4310559975581819,0.4310559975581819,0.0021552802689615365,0.00016643218658848977,0.0008031234919313378,0.0007785484194755554,False,0.005,length_stratified,"[290, 197, 274, 148, 13, 236, 196, 162, 307, 218, 132, 344, 317, 343, 78, 377, 101, 103, 276, 109, 163, 281, 170, 23, 146, 376, 209, 61, 288, 22, 70, 59, 313, 203, 120, 93, 50, 115, 280, 362, 296, 117, 306, 173, 390, 145, 43, 147, 321, 206, 320, 309, 383, 1, 373, 183, 29, 386, 41, 73, 167, 336, 136, 366]",0.8338007926940918,0.6138402223587036,921,421,True
29,0.0028164954856038094,0.011095460504293442,0.01098961372365923,1.098961372365923,0.03157252364023474,3.1572523640234738,3.3634014373991343,0.7042885260301981,0.37056543152787,0.37056543152787,0.37056543152787,0.0018528219844667667,0.00014307452552806833,0.0006982933142273313,0.0006604641675949097,False,0.005,length_stratified,"[237, 85, 14, 21, 265, 134, 155, 312, 123, 206, 336, 301, 322, 380, 349, 129, 43, 166, 203, 332, 387, 383, 262, 288, 248, 125, 169, 35, 307, 195, 115, 331, 198, 276, 194, 15, 158, 341, 24, 243, 231, 154, 320, 362, 229, 137, 53, 218, 61, 359, 366, 196, 144, 268, 179, 132, 49, 48, 13, 97, 259, 74, 63, 279]",0.8375571966171265,0.6445300579071045,970,470,True
30,0.002059177728369832,0.009504519402980804,0.0078009133751654304,0.780091337516543,0.04638207650020127,4.638207650020127,4.848345810348395,0.3855338799066308,0.3060496225990244,0.3060496225990244,0.3060496225990244,0.001530245470150659,0.00011816407373286666,0.0005774510074065673,0.0005434378981590271,False,0.005,length_stratified,"[321, 192, 76, 156, 309, 10, 293, 34, 358, 265, 351, 389, 280, 22, 254, 317, 58, 255, 228, 38, 120, 85, 46, 130, 221, 164, 302, 126, 335, 219, 148, 140, 133, 378, 316, 203, 18, 51, 261, 217, 173, 168, 40, 59, 352, 274, 145, 373, 134, 397, 36, 124, 231, 171, 334, 257, 178, 153, 327, 208, 50, 285, 99, 350]",0.8406704664230347,0.6689557433128357,1012,512,True
31,0.002490208949893713,0.00821487046778202,0.009297783760259025,0.9297783760259024,0.05997316386485154,5.997316386485154,6.232118236169639,-0.015271355975430279,0.2847583478482026,0.2847583478482026,0.2847583478482026,0.0014237899343297604,0.000109942785090046,0.0005299129762581448,0.0005154162645339966,False,0.005,length_stratified,"[281, 177, 316, 52, 134, 266, 185, 83, 87, 169, 388, 279, 51, 342, 2, 137, 112, 321, 182, 17, 284, 203, 157, 63, 288, 123, 38, 287, 298, 224, 323, 302, 381, 178, 65, 385, 354, 181, 339, 218, 151, 291, 72, 11, 273, 81, 301, 271, 26, 226, 179, 365, 9, 147, 372, 95, 375, 398, 10, 19, 86, 129, 192, 213]",0.8435223698616028,0.6909688115119934,1053,553,True
32,0.0013452526181936264,0.0073879798874258995,0.015393288107184615,1.5393288107184615,0.06987481541735864,6.987481541735864,7.243685804032301,-0.37160788800359335,0.21012635055635218,0.21012635055635218,0.21012635055635218,0.0010506316318730131,8.112747704852431e-05,0.0003968766457779792,0.0003725513815879822,False,0.005,length_stratified,"[297, 179, 304, 67, 173, 149, 265, 235, 385, 248, 352, 234, 52, 237, 383, 202, 138, 120, 339, 26, 34, 201, 301, 94, 85, 355, 210, 7, 252, 141, 55, 273, 36, 384, 113, 11, 249, 262, 337, 353, 54, 272, 117, 246, 142, 156, 109, 381, 38, 125, 221, 73, 71, 395, 185, 162, 367, 216, 81, 277, 278, 349, 194, 40]",0.8456452488899231,0.70662522315979,1072,572,True
33,0.0016747670015320182,0.006707034073770046,0.02144270596054002,2.144270596054002,0.07904318739236374,7.904318739236374,8.181661946395662,-0.7498218184753109,0.19635230101415138,0.19635230101415138,0.19635230101415138,0.0009817563639054653,7.580865271999439e-05,0.00036630547586679745,0.0003546997904777527,False,0.005,length_stratified,"[97, 383, 389, 60, 306, 196, 167, 293, 146, 379, 216, 283, 223, 247, 357, 39, 346, 8, 113, 191, 110, 80, 257, 28, 154, 326, 149, 133, 289, 358, 210, 239, 234, 4, 74, 243, 56, 15, 57, 388, 198, 214, 120, 287, 270, 159, 27, 300, 131, 147, 126, 328, 354, 292, 263, 355, 94, 224, 6, 30, 301, 380, 192, 179]",0.8475972414016724,0.7209247350692749,1072,572,True
34,0.001444899826310575,0.006208986509591341,0.026511247747028482,2.6511247747028484,0.0866253237766208,8.66253237766208,8.957329604830129,-1.0973353450380023,0.16374342844281836,0.16374342844281836,0.16374342844281836,0.0008187166015006486,6.321881405121702e-05,0.00030537207221932974,0.00029574334621429443,False,0.005,length_stratified,"[363, 20, 74, 206, 256, 211, 96, 297, 242, 234, 145, 57, 124, 171, 329, 391, 191, 203, 134, 312, 3, 40, 100, 331, 280, 73, 373, 24, 319, 199, 265, 63, 268, 91, 21, 64, 245, 194, 343, 93, 9, 352, 295, 226, 83, 275, 195, 338, 155, 99, 274, 366, 336, 340, 136, 299, 393, 183, 162, 103, 71, 228, 7, 130]",0.8492162823677063,0.7325685024261475,1072,572,True
35,0.0008671467658132315,0.005888090468943119,0.030234542481983318,3.0234542481983318,0.09210687514537419,9.210687514537419,9.51773773451773,-1.367981101465789,0.11903117273166156,0.11903117273166156,0.11903117273166156,0.0005951592158120196,4.5956186843074045e-05,0.00022557652506007242,0.00021098554134368896,False,0.005,length_stratified,"[199, 40, 139, 180, 390, 206, 323, 195, 19, 16, 55, 305, 11, 67, 381, 39, 317, 331, 113, 71, 255, 150, 354, 158, 34, 299, 59, 209, 13, 162, 154, 353, 215, 151, 384, 105, 159, 252, 286, 226, 254, 74, 261, 243, 56, 389, 359, 303, 106, 108, 190, 167, 178, 120, 174, 270, 148, 380, 271, 189, 312, 335, 142, 352]",0.8503961563110352,0.7408670783042908,1072,572,True
36,0.0009421375580132008,0.005630934610962868,0.0335326623845941,3.3532662384594096,0.09694469186978462,9.694469186978463,10.01228053098461,-1.620455470126195,0.10563982971500567,0.10563982971500567,0.10563982971500567,0.0005281960291721938,4.078538495953693e-05,0.00019852845506616466,0.0001893453299999237,False,0.005,length_stratified,"[325, 244, 266, 195, 260, 382, 358, 107, 251, 315, 321, 368, 78, 70, 397, 307, 152, 344, 135, 128, 63, 299, 51, 177, 279, 112, 384, 68, 54, 212, 32, 181, 237, 137, 316, 343, 158, 140, 246, 306, 60, 23, 236, 220, 393, 210, 91, 101, 211, 247, 167, 366, 121, 238, 389, 5, 229, 302, 169, 36, 106, 9, 129, 18]",0.851432204246521,0.7481377124786377,1072,572,True
37,0.001294165151193738,0.005404762923717499,0.03672642661743092,3.672642661743092,0.10162153874829653,10.162153874829654,10.490434514392282,-1.8767208380827012,0.10302361785565936,0.10302361785565936,0.10302361785565936,0.0005151168794075484,3.977534670240779e-05,0.0001894333370731323,0.00018947571516036987,False,0.005,length_stratified,"[142, 361, 16, 214, 133, 48, 130, 34, 190, 100, 216, 392, 207, 63, 241, 239, 25, 326, 180, 289, 85, 349, 371, 81, 187, 320, 307, 67, 215, 12, 213, 374, 316, 74, 2, 6, 169, 284, 283, 211, 242, 128, 49, 255, 86, 121, 55, 155, 236, 208, 249, 378, 328, 338, 282, 332, 54, 115, 99, 323, 357, 277, 97, 299]",0.8524189591407776,0.7551337480545044,1072,572,True
38,0.0008130304631777108,0.005246404558420181,0.03924608363323139,3.9246083633231392,0.10526484577557979,10.526484577557978,10.862605421759293,-2.0844573804040056,0.08031697318263804,0.08031697318263804,0.08031697318263804,0.0004015867214593835,3.100889773581975e-05,0.00015236906520430064,0.00014290586113929749,False,0.005,length_stratified,"[369, 325, 366, 135, 271, 312, 313, 334, 163, 17, 282, 177, 183, 321, 70, 232, 61, 51, 218, 128, 222, 379, 141, 231, 299, 107, 241, 317, 270, 370, 28, 71, 172, 209, 245, 205, 160, 104, 94, 134, 337, 22, 30, 43, 182, 21, 261, 93, 89, 101, 88, 396, 377, 273, 193, 244, 372, 114, 15, 355, 288, 166, 23, 14]",0.8531919121742249,0.7605263590812683,1072,572,True
39,0.0008256566361524165,0.0051245237700641155,0.041364892856406446,4.1364892856406446,0.10832630424401699,10.832630424401698,11.175336741210486,-2.2646152266398087,0.06789131644544479,0.06789131644544479,0.06789131644544479,0.0003394557747462719,2.621134177914858e-05,0.00012778548299137543,0.00012205913662910461,False,0.005,length_stratified,"[112, 161, 16, 343, 132, 130, 173, 368, 367, 163, 31, 106, 359, 193, 267, 256, 357, 34, 354, 27, 399, 124, 390, 56, 361, 28, 179, 107, 245, 222, 119, 300, 202, 162, 324, 263, 50, 216, 397, 210, 155, 183, 36, 302, 296, 337, 305, 243, 14, 53, 221, 265, 6, 129, 55, 286, 79, 310, 266, 151, 88, 148, 195, 97]",0.8538337349891663,0.7650399804115295,1072,572,True
40,0.0009299871162511408,0.0050439084880054,0.042834723727034806,4.28347237270348,0.11046426105918306,11.046426105918306,11.393916871321718,-2.3935703621097435,0.04826588092591223,0.04826588092591223,0.04826588092591223,0.000241331427896602,1.863456005907485e-05,8.797753864799802e-05,8.952245116233826e-05,False,0.005,length_stratified,"[385, 65, 355, 7, 158, 127, 293, 226, 332, 106, 307, 308, 304, 118, 73, 255, 90, 284, 155, 388, 354, 190, 365, 125, 269, 50, 214, 85, 287, 338, 123, 102, 30, 234, 398, 170, 317, 193, 163, 191, 350, 101, 393, 183, 59, 24, 165, 216, 173, 399, 361, 76, 260, 301, 110, 53, 61, 298, 57, 113, 285, 77, 2, 236]",0.8542653918266296,0.7682012915611267,1072,572,True
41,0.0006203443044796586,0.004989080596715212,0.04390271557979512,4.390271557979512,0.11201554905036666,11.201554905036666,11.552478385175545,-2.4886796694462476,0.03503093713062544,0.03503093713062544,0.03503093713062544,0.00017515669703180233,1.3524818655091179e-05,6.772216077035744e-05,6.14263117313385e-05,False,0.005,length_stratified,"[296, 217, 60, 148, 12, 270, 286, 77, 249, 384, 343, 81, 231, 216, 32, 13, 149, 240, 243, 395, 120, 365, 264, 342, 171, 110, 220, 178, 222, 167, 316, 109, 46, 74, 359, 163, 357, 95, 259, 61, 136, 308, 199, 153, 315, 101, 76, 30, 382, 162, 274, 133, 336, 31, 38, 215, 284, 98, 21, 258, 375, 385, 399, 135]",0.8545717597007751,0.7704864144325256,1072,572,True
42,0.0006094296113587916,0.004954458214342594,0.044574782983588454,4.457478298358845,0.11300452244617443,11.300452244617443,11.653718101737514,-2.550093424263614,0.023144326094620166,0.023144326094620166,0.023144326094620166,0.0001157225443302673,8.935570440028008e-06,4.452823786334565e-05,4.0587037801742554e-05,False,0.005,length_stratified,"[110, 302, 352, 361, 270, 11, 277, 10, 132, 388, 231, 334, 232, 376, 230, 233, 158, 254, 219, 71, 44, 40, 59, 349, 58, 87, 119, 144, 33, 284, 47, 371, 154, 129, 176, 346, 348, 205, 157, 199, 32, 278, 360, 294, 332, 137, 281, 391, 242, 77, 90, 101, 196, 183, 41, 236, 298, 210, 61, 143, 274, 241, 267, 237]",0.8547573089599609,0.7719554305076599,1072,572,True
43,0.0011808379786089063,0.004880348686128855,0.04611753060035634,4.611753060035634,0.11525379208170171,11.52537920817017,11.88375330095538,-2.691628755583961,0.05206209697508887,0.05206209697508887,0.05206209697508887,0.00026031038598517544,2.0099976587077636e-05,9.469691850032959e-05,9.672343730926514e-05,False,0.005,length_stratified,"[191, 150, 362, 142, 227, 118, 236, 288, 372, 270, 138, 41, 59, 155, 71, 133, 129, 177, 27, 354, 235, 331, 350, 149, 239, 253, 122, 5, 8, 26, 269, 60, 180, 189, 127, 92, 165, 333, 35, 200, 341, 356, 16, 312, 249, 368, 128, 378, 218, 74, 255, 4, 299, 268, 384, 265, 310, 315, 274, 163, 353, 94, 170, 15]",0.855199933052063,0.7752740979194641,1072,572,True
44,0.0006759556708857417,0.0048614973202347755,0.046465747491645094,4.646574749164509,0.11578877992732262,11.578877992732261,11.93879009595557,-2.725901748188292,0.015084599096433,0.015084599096433,0.015084599096433,7.542574803389507e-05,5.8240229769611604e-06,2.946414621735202e-05,2.4277716875076294e-05,False,0.005,length_stratified,"[311, 220, 306, 320, 51, 36, 362, 341, 354, 282, 76, 250, 128, 35, 287, 333, 68, 348, 276, 126, 268, 360, 238, 237, 88, 69, 236, 219, 124, 349, 369, 206, 288, 63, 299, 144, 394, 229, 151, 47, 231, 73, 122, 357, 385, 147, 11, 82, 257, 264, 323, 245, 222, 8, 191, 79, 161, 196, 125, 234, 160, 103, 10, 90]",0.8552794456481934,0.7760918140411377,1072,572,True
45,0.0006124926148913801,0.004832332022488117,0.0471108342569344,4.71108342569344,0.11673481932638961,11.67348193263896,12.035595492612483,-2.7865694886096795,0.022338391033736776,0.022338391033736776,0.022338391033736776,0.00011169292891262184,8.624401973274234e-06,4.291823878737383e-05,3.908202052116394e-05,False,0.005,length_stratified,"[28, 255, 230, 386, 94, 92, 181, 232, 396, 69, 56, 250, 205, 379, 203, 243, 80, 67, 168, 110, 77, 142, 319, 58, 353, 241, 245, 351, 327, 371, 83, 169, 162, 321, 118, 359, 276, 385, 105, 283, 187, 249, 261, 217, 273, 176, 64, 395, 272, 16, 198, 8, 355, 185, 97, 63, 111, 88, 116, 93, 106, 256, 70, 15]",0.8554539084434509,0.7774883508682251,1072,572,True
46,0.0013853083364665508,0.00478542223572731,0.04811437977962422,4.811437977962422,0.11822764245532329,11.822764245532328,12.188637642654877,-2.883480217710048,0.03811853680401849,0.03811853680401849,0.03811853680401849,0.0001905909795450064,1.4716529615852152e-05,6.586351162995794e-05,7.280707359313965e-05,False,0.005,length_stratified,"[116, 311, 78, 388, 241, 6, 331, 49, 172, 355, 361, 148, 86, 122, 347, 171, 281, 377, 67, 99, 396, 363, 51, 178, 237, 11, 353, 279, 75, 134, 88, 248, 97, 144, 324, 358, 195, 3, 158, 175, 174, 373, 316, 231, 285, 71, 293, 166, 47, 254, 43, 246, 149, 140, 162, 133, 56, 266, 1, 284, 301, 225, 204, 230]",0.8557189106941223,0.779719352722168,1072,572,True
47,0.0012380685657262802,0.004735852591693401,0.049313585893439524,4.931358589343953,0.11998392790933309,11.998392790933309,12.368346944685538,-2.998840513309715,0.04239568003922227,0.04239568003922227,0.04239568003922227,0.0002119764990471699,1.6367802528986382e-05,7.583832768610892e-05,7.928535342216492e-05,False,0.005,length_stratified,"[37, 237, 357, 334, 83, 127, 388, 274, 180, 165, 319, 189, 218, 347, 228, 254, 249, 89, 107, 307, 233, 91, 28, 94, 175, 62, 366, 46, 262, 5, 192, 20, 43, 181, 3, 341, 198, 339, 320, 123, 279, 242, 351, 121, 280, 21, 39, 290, 281, 355, 212, 124, 103, 349, 57, 116, 322, 397, 4, 154, 174, 65, 160, 282]",0.8560479879379272,0.7823065519332886,1072,572,True
48,0.0010091287549585104,0.00473065348342061,0.049242870942878006,4.9242870942878,0.11994667583997987,11.994667583997987,12.365341934410566,-2.9968976349097995,0.014365137704400266,0.014365137704400266,0.014365137704400266,7.182876959424245e-05,5.546264951198998e-06,3.173585507016901e-05,8.225440979003906e-06,False,0.005,length_stratified,"[268, 138, 62, 359, 235, 1, 373, 242, 87, 42, 17, 84, 225, 121, 383, 327, 232, 112, 310, 153, 201, 238, 149, 141, 76, 115, 165, 280, 339, 264, 102, 292, 183, 159, 79, 236, 299, 72, 168, 306, 329, 307, 351, 368, 55, 308, 152, 57, 251, 172, 367, 191, 222, 22, 21, 326, 218, 63, 249, 378, 293, 51, 335, 120]",0.8559850454330444,0.7823269367218018,1072,572,True
49,0.0012110942043364048,0.004703596234321594,0.04982113494090962,4.982113494090962,0.12083045797917112,12.083045797917112,12.456215559312135,-3.055860373452445,0.02584846333463051,0.02584846333463051,0.02584846333463051,0.00012924365734922358,9.979561016768323e-06,4.68271358686097e-05,4.565343260765076e-05,False,0.005,length_stratified,"[307, 160, 14, 197, 28, 30, 148, 131, 367, 74, 79, 284, 323, 46, 290, 166, 270, 89, 194, 7, 73, 268, 304, 296, 291, 340, 233, 185, 107, 141, 168, 370, 112, 115, 287, 321, 138, 248, 29, 23, 229, 374, 24, 361, 111, 240, 146, 309, 392, 136, 55, 195, 220, 1, 219, 384, 346, 386, 174, 186, 283, 271, 90, 333]",0.8561151623725891,0.7836682200431824,1072,572,True
50,0.0007683519506826997,0.004705606959760189,0.04958063198738026,4.958063198738026,0.12054519379641346,12.054519379641345,12.427834280903276,-3.0373990096098664,0.013167721753719728,0.013167721753719728,0.013167721753719728,6.583815978747268e-05,5.08369693573342e-06,2.9482232818381517e-05,5.841255187988281e-06,False,0.005,length_stratified,"[366, 158, 195, 320, 214, 98, 16, 372, 72, 35, 264, 392, 118, 239, 263, 378, 3, 188, 170, 97, 348, 273, 64, 84, 113, 355, 75, 155, 184, 370, 255, 342, 198, 65, 242, 42, 164, 94, 368, 222, 300, 288, 169, 367, 315, 21, 142, 265, 275, 374, 379, 152, 69, 62, 156, 291, 55, 101, 74, 189, 191, 204, 134, 290]",0.8560028672218323,0.7833229899406433,1072,572,True
51,0.0006515601999126375,0.004702054895460606,0.04954075051956105,4.954075051956105,0.12053762129722495,12.053762129722495,12.42766063118819,-3.037286184112874,0.010206954155396566,0.010206954155396566,0.010206954155396566,5.103596681997003e-05,3.940745501822856e-06,2.2780050130987505e-05,1.8738210201263428e-06,False,0.005,length_stratified,"[240, 75, 203, 96, 42, 21, 64, 77, 79, 226, 87, 395, 224, 9, 221, 251, 383, 318, 207, 268, 394, 309, 315, 153, 387, 253, 300, 358, 352, 49, 24, 254, 129, 48, 85, 337, 122, 132, 16, 135, 331, 136, 163, 306, 288, 313, 15, 127, 91, 345, 214, 261, 188, 110, 236, 388, 190, 326, 144, 201, 308, 347, 65, 168]",0.8559477925300598,0.783365786075592,1072,572,True
52,0.0009991488186642528,0.004678985569626093,0.05006487502269673,5.006487502269673,0.12132966282236546,12.132966282236545,12.508999606585236,-3.0903071641075996,0.022240022093920505,0.022240022093920505,0.022240022093920505,0.00011119582567125863,8.585993082734193e-06,4.045211519773709e-05,3.943592309951782e-05,False,0.005,length_stratified,"[143, 2, 245, 244, 297, 383, 119, 343, 173, 81, 321, 68, 200, 329, 398, 30, 169, 116, 238, 13, 36, 194, 111, 117, 234, 74, 217, 350, 264, 167, 77, 375, 246, 43, 312, 145, 261, 24, 140, 22, 294, 324, 178, 19, 283, 349, 124, 199, 176, 147, 282, 272, 25, 118, 185, 322, 99, 335, 317, 89, 60, 313, 235, 394]",0.856070876121521,0.7845571041107178,1072,572,True
53,0.0012600471964105964,0.004656770266592503,0.05052070929222035,5.052070929222035,0.12204047624216767,12.204047624216766,12.5822500893499,-3.138351649806604,0.023322625261818053,0.023322625261818053,0.023322625261818053,0.00011661482623649711,9.004417266453095e-06,4.2497362683745995e-05,4.0143728256225586e-05,False,0.005,length_stratified,"[325, 79, 118, 40, 239, 1, 132, 48, 338, 17, 287, 232, 43, 82, 117, 228, 121, 384, 243, 166, 275, 294, 38, 116, 217, 203, 307, 273, 308, 5, 104, 321, 262, 328, 214, 229, 219, 376, 193, 32, 370, 313, 316, 371, 311, 298, 144, 25, 188, 113, 36, 143, 377, 29, 111, 103, 85, 176, 54, 212, 378, 269, 326, 351]",0.8561660647392273,0.7856495380401611,1072,572,True
54,0.0005931777413934469,0.004657654091715813,0.05034594132118153,5.034594132118153,0.12183822601160522,12.183822601160523,12.56219872637138,-3.1251722150660246,0.010354950605792557,0.010354950605792557,0.010354950605792557,5.177850153486692e-05,3.9980768206069144e-06,2.3201095788712615e-05,6.303191184997559e-06,False,0.005,length_stratified,"[21, 370, 40, 113, 197, 30, 333, 127, 299, 37, 14, 210, 346, 381, 245, 392, 276, 112, 290, 328, 191, 226, 31, 98, 340, 154, 281, 297, 82, 304, 67, 208, 388, 252, 184, 334, 314, 119, 54, 203, 83, 320, 120, 134, 382, 25, 215, 212, 181, 295, 200, 261, 193, 372, 341, 32, 92, 55, 228, 153, 269, 146, 57, 43]",0.8560748100280762,0.7854104042053223,1072,572,True
55,0.0005722310161218047,0.0046584950760006905,0.05018092586212086,5.018092586212086,0.12164979832741483,12.164979832741484,12.54354750389362,-3.1129319393006707,0.010020970960833419,0.010020970960833419,0.010020970960833419,5.0107389658202575e-05,3.869042501306454e-06,2.2487286847646937e-05,6.206333637237549e-06,False,0.005,length_stratified,"[221, 149, 374, 48, 315, 386, 43, 118, 32, 142, 170, 168, 21, 74, 321, 33, 208, 370, 383, 24, 347, 46, 133, 131, 254, 301, 381, 311, 158, 245, 200, 152, 391, 276, 167, 348, 372, 44, 395, 190, 100, 255, 243, 320, 14, 145, 98, 165, 135, 295, 217, 350, 47, 206, 143, 235, 294, 298, 308, 218, 52, 172, 28, 137]",0.8559852838516235,0.7851896286010742,1072,572,True
56,0.0009769931202754378,0.004646385088562965,0.05035565628223347,5.035565628223347,0.12195531912785863,12.195531912785864,12.575411590221982,-3.133854453623199,0.01570806383643395,0.01570806383643395,0.01570806383643395,7.85416233471814e-05,6.0645929747395695e-06,3.125774047344591e-05,2.0101666450500488e-05,False,0.005,length_stratified,"[140, 261, 142, 111, 133, 349, 67, 322, 31, 238, 363, 163, 92, 242, 7, 271, 169, 40, 306, 189, 74, 374, 317, 68, 239, 167, 64, 30, 243, 352, 248, 91, 217, 28, 289, 288, 72, 118, 325, 3, 153, 135, 157, 357, 388, 181, 145, 309, 331, 170, 348, 136, 286, 221, 57, 185, 122, 393, 212, 275, 187, 304, 6, 344]",0.855998694896698,0.7856939435005188,1072,572,True
57,0.0007900808122940361,0.004652200732380152,0.04997704877071309,4.997704877071309,0.12147687941750167,12.147687941750167,12.527383613382332,-3.1023387403510228,0.015784408958598284,0.015784408958598284,0.015784408958598284,7.891928252248026e-05,6.093752613658004e-06,3.4840867678532375e-05,1.2725591659545898e-05,False,0.005,length_stratified,"[265, 282, 31, 161, 179, 283, 86, 109, 294, 211, 176, 127, 342, 264, 163, 160, 104, 377, 2, 246, 188, 232, 301, 321, 77, 94, 64, 183, 370, 360, 218, 289, 60, 245, 375, 91, 302, 128, 304, 311, 196, 100, 235, 71, 358, 29, 219, 221, 147, 387, 330, 390, 334, 133, 61, 106, 76, 82, 322, 78, 50, 24, 47, 297]",0.855842649936676,0.7850760817527771,1072,572,True
58,0.0008800060022622347,0.004634269047528505,0.05036896897964405,5.0368968979644055,0.12208109607815462,12.208109607815462,12.589568963597205,-3.143167463213917,0.018508673062075345,0.018508673062075345,0.018508673062075345,9.254496504123035e-05,7.145861816553666e-06,3.5288330659126326e-05,2.9686838388442993e-05,False,0.005,length_stratified,"[285, 336, 289, 4, 11, 356, 180, 24, 187, 121, 175, 398, 138, 361, 353, 90, 162, 245, 324, 64, 389, 65, 49, 164, 390, 376, 300, 131, 258, 40, 133, 274, 225, 163, 122, 193, 63, 268, 130, 34, 98, 196, 316, 259, 221, 57, 363, 156, 153, 321, 295, 306, 99, 299, 26, 8, 155, 261, 169, 68, 200, 110, 399, 210]",0.8559200763702393,0.7859957218170166,1072,572,True
59,0.0010725255124270916,0.0046270620077848434,0.050370307103919265,5.037030710391926,0.12214387894262521,12.21438789426252,12.596741895809224,-3.1478899641312337,0.014754298154051864,0.014754298154051864,0.014754298154051864,7.377101716327995e-05,5.696228813562414e-06,3.1581637677339285e-05,1.368299126625061e-05,False,0.005,length_stratified,"[270, 330, 41, 307, 1, 272, 40, 373, 206, 213, 16, 77, 352, 331, 168, 175, 236, 185, 84, 134, 293, 196, 64, 113, 249, 130, 171, 327, 385, 356, 216, 72, 173, 265, 115, 60, 142, 329, 13, 282, 235, 383, 144, 333, 245, 137, 234, 32, 133, 288, 140, 74, 25, 319, 157, 197, 325, 247, 250, 364, 312, 106, 49, 91]",0.8558822870254517,0.7861573696136475,1072,572,True
60,0.0012618860928341746,0.004595669452100992,0.051175062791632885,5.117506279163289,0.1233418791586091,12.33418791586091,12.71954885984112,-3.229160633190797,0.032091870613470776,0.032091870613470776,0.032091870613470776,0.0001604607288384195,1.2389974183077505e-05,5.708331195153939e-05,5.8650970458984375e-05,False,0.005,length_stratified,"[331, 310, 80, 30, 347, 397, 339, 165, 393, 94, 367, 64, 317, 249, 4, 41, 14, 38, 109, 333, 86, 130, 177, 24, 271, 150, 309, 97, 215, 328, 72, 5, 158, 174, 363, 59, 104, 326, 175, 61, 306, 396, 2, 83, 304, 314, 374, 273, 113, 179, 205, 285, 190, 195, 121, 176, 116, 223, 81, 250, 257, 168, 208, 293]",0.8560799360275269,0.7879350185394287,1072,572,True
