epoch,train_mse,validation_mse,gradient_norm_max,learning_rate,elapsed_seconds
1,0.9373360872268677,0.8649329543113708,2.6077539920806885,0.001,0.006032558158040047
2,0.8932685852050781,0.8272585272789001,2.5396053791046143,0.001,0.013750320998951793
3,0.850886344909668,0.7903414964675903,2.508234739303589,0.001,0.021502337185665965
4,0.810397207736969,0.7537938952445984,2.4556589126586914,0.001,0.028862689156085253
5,0.7700196504592896,0.7173511385917664,2.407158613204956,0.001,0.03649996011517942
6,0.7305377125740051,0.6807882189750671,2.359933376312256,0.001,0.04385456116870046
7,0.6898574233055115,0.6439208388328552,2.3265388011932373,0.001,0.05150313302874565
8,0.6495896577835083,0.6065543293952942,2.298067331314087,0.001,0.058989491080865264
9,0.6095701456069946,0.568484902381897,2.2605326175689697,0.001,0.0665757569950074
10,0.5700387358665466,0.5295214653015137,2.2236499786376953,0.001,0.07392296311445534
11,0.5255521535873413,0.4894985258579254,2.188978910446167,0.001,0.0815406481269747
12,0.4842761754989624,0.4482462406158447,2.153184413909912,0.001,0.0889448921661824
13,0.4407535791397095,0.4056113362312317,2.111473321914673,0.001,0.09659934509545565
14,0.3971247375011444,0.36145836114883423,2.065005302429199,0.001,0.10397863201797009
15,0.3541858494281769,0.315700501203537,2.014605760574341,0.001,0.1116238790564239
16,0.30620303750038147,0.2683626115322113,1.9481136798858643,0.001,0.11899158405140042
17,0.2574278712272644,0.21965943276882172,1.863175868988037,0.001,0.12664400320500135
18,0.20974846184253693,0.17011816799640656,1.7634820938110352,0.001,0.13402028498239815
19,0.16316667199134827,0.1208488866686821,1.640033483505249,0.001,0.14166795602068305
20,0.11757518351078033,0.07399450987577438,1.4793881177902222,0.001,0.1490661681164056
21,0.0725644901394844,0.03353479504585266,1.2358933687210083,0.001,0.156686888076365
22,0.03469253331422806,0.006328103132545948,0.9115174412727356,0.001,0.16406703717075288
23,0.008462324738502502,0.002762478543445468,0.4665365517139435,0.001,0.171731639187783
24,0.0012702951207756996,0.03181977570056915,0.15109305083751678,0.001,0.1791164071764797
25,0.01963360793888569,0.07847318798303604,0.9081941246986389,0.001,0.18577041197568178
26,0.05157807841897011,0.1059962660074234,1.5691708326339722,0.001,0.1921603011433035
27,0.07194023579359055,0.10140861570835114,1.9268219470977783,0.001,0.19880353519693017
28,0.06613986194133759,0.07707364857196808,1.8032490015029907,0.001,0.2051861910149455
29,0.04890241473913193,0.04818814620375633,1.5042906999588013,0.001,0.2118380421306938
30,0.029094316065311432,0.024516034871339798,1.1060633659362793,0.001,0.21823687804862857
31,0.013649502769112587,0.009425458498299122,0.7093701362609863,0.001,0.2248834080528468
32,0.004704826511442661,0.002236477332189679,0.37376588582992554,0.001,0.23125691711902618
33,0.0012014408130198717,0.0007327582570724189,0.09354384243488312,0.001,0.23891896498389542
34,0.001696666469797492,0.0025619661901146173,0.1396808922290802,0.001,0.246283994987607
35,0.004361595492810011,0.005847510881721973,0.3049410581588745,0.001,0.25299150007776916
36,0.0077413711696863174,0.009297511540353298,0.4221152663230896,0.001,0.259353046072647
37,0.011068293824791908,0.012114749290049076,0.5089120864868164,0.001,0.26593821216374636
38,0.013696450740098953,0.013884790241718292,0.5646286606788635,0.001,0.27228524000383914
39,0.015317186713218689,0.014459744095802307,0.5973775386810303,0.001,0.2789926549885422
40,0.015868589282035828,0.013888738118112087,0.6078246235847473,0.001,0.28533906303346157
41,0.015087852254509926,0.012374961748719215,0.5872014164924622,0.001,0.2919933181256056
42,0.01367534976452589,0.010191072709858418,0.5593055486679077,0.001,0.2984346142038703
43,0.01159908901900053,0.007656474597752094,0.5179281830787659,0.001,0.30509362812153995
44,0.009311459958553314,0.005118703003972769,0.46447309851646423,0.001,0.3114611750934273
45,0.00674982275813818,0.002920929342508316,0.38997626304626465,0.001,0.3181743810418993
46,0.0045107281766831875,0.0013436967274174094,0.31226208806037903,0.001,0.3249824959784746
47,0.002621646737679839,0.0005763205699622631,0.219204381108284,0.001,0.33142259903252125
48,0.0013753867242485285,0.0006668640417046845,0.1257636994123459,0.001,0.3391508711501956
49,0.000818049069494009,0.0015075607225298882,0.043607164174318314,0.001,0.3455576221458614
50,0.0008600205765105784,0.002841291716322303,0.07481358200311661,0.001,0.3522319751791656
51,0.0013782036257907748,0.004312709905207157,0.15300117433071136,0.001,0.3590393380727619
52,0.0021120142191648483,0.005548304412513971,0.22405719757080078,0.001,0.3654843701515347
53,0.0027796325739473104,0.006264283787459135,0.27011364698410034,0.001,0.3721938291564584
54,0.0032404165249317884,0.006320962216705084,0.3001582622528076,0.001,0.3785960210952908
55,0.0034003998152911663,0.0057420567609369755,0.31093883514404297,0.001,0.3852730100043118
56,0.0031702411361038685,0.0046964967623353004,0.30229780077934265,0.001,0.39210366597399116
57,0.002696797251701355,0.003426700597628951,0.27878278493881226,0.001,0.39851315203122795
58,0.0019821650348603725,0.002189132384955883,0.23596163094043732,0.001,0.4052753502037376
59,0.0012761028483510017,0.001181390485726297,0.18262465298175812,0.001,0.41212168615311384
60,0.0007058086339384317,0.0005087782046757638,0.1270155906677246,0.001,0.4185865460895002
61,0.00033202761551365256,0.00018757098587229848,0.07193141430616379,0.001,0.4263281731400639
62,0.0001713541423669085,0.00016580394003540277,0.017011942341923714,0.001,0.43416803516447544
63,0.00019699511176440865,0.0003495869168546051,0.030427366495132446,0.001,0.4416408680845052
64,0.00035005787503905594,0.0006323344423435628,0.07143354415893555,0.001,0.4483714571688324
65,0.000572893419303,0.0009157039457932115,0.1056692972779274,0.001,0.4552242250647396
66,0.0007785703637637198,0.0011265849461778998,0.1290876269340515,0.001,0.46170483413152397
67,0.0009183798101730645,0.001224364503286779,0.1415729820728302,0.001,0.4684322769753635
68,0.0009729485609568655,0.00120040203910321,0.14546780288219452,0.001,0.475268314126879
69,0.0009832660434767604,0.0010666442103683949,0.14810991287231445,0.001,0.48173720110207796
70,0.0008603287278674543,0.0008610677323304117,0.13567408919334412,0.001,0.4884690521284938
71,0.0007064525852911174,0.0006283222464844584,0.12003974616527557,0.001,0.49531342508271337
72,0.000547944160643965,0.0004122109094168991,0.10148657113313675,0.001,0.5017631861846894
73,0.00038932455936446786,0.00024958697031252086,0.07781854271888733,0.001,0.5085000870749354
74,0.0002553911181166768,0.00016347644850611687,0.049035631120204926,0.001,0.515289937146008
75,0.00018269444990437478,0.0001574184134369716,0.022260528057813644,0.001,0.5228029950521886
76,0.00016055612650234252,0.00021781442046631128,0.010399073362350464,0.001,0.5305780251510441
77,0.00018017789989244193,0.00031890880200080574,0.030545545741915703,0.001,0.5374372149817646
78,0.0002273713325848803,0.00042931429925374687,0.05086581036448479,0.001,0.5438988090027124
79,0.0002804251271300018,0.0005200630403123796,0.06605016440153122,0.001,0.5506290071643889
80,0.00031483310158364475,0.0005707959644496441,0.07551997154951096,0.001,0.5574849410913885
81,0.0003341243718750775,0.0005724179209209979,0.08069591969251633,0.001,0.5644116580951959
82,0.0003202855004929006,0.0005292277201078832,0.0778404027223587,0.001,0.5708631430752575
83,0.00028514640871435404,0.00045268781832419336,0.07318805903196335,0.001,0.5775777010712773
84,0.0002299320767633617,0.0003603372897487134,0.06164931505918503,0.001,0.5844548051245511
85,0.00017833893070928752,0.0002685240178834647,0.048193737864494324,0.001,0.5909804292023182
86,0.00013073650188744068,0.00018973198893945664,0.03254031762480736,0.001,0.5977142441552132
87,0.00010488624684512615,0.00013031643175054342,0.017597997561097145,0.001,0.604575548088178
88,9.226307884091511e-05,9.146609954768792e-05,0.0026972568593919277,0.001,0.6125093060545623
89,9.415188105776906e-05,6.974666757741943e-05,0.012787832878530025,0.001,0.6200513290241361
90,0.00010727956396294758,5.966635580989532e-05,0.023539820685982704,0.001,0.6278038360178471
91,0.00012350034376140684,5.5847551266197115e-05,0.03295581042766571,0.001,0.6356658900622278
92,0.0001396148290950805,5.432593388832174e-05,0.039909884333610535,0.001,0.6435821850318462
93,0.0001457082253182307,5.340913776308298e-05,0.0423731729388237,0.001,0.6511108321137726
94,0.00014558293332811445,5.36842635483481e-05,0.04264889657497406,0.001,0.6588386541698128
95,0.00013499948545359075,5.725759547203779e-05,0.03932292014360428,0.001,0.6657073120586574
96,0.0001194745855173096,6.657491030637175e-05,0.033306099474430084,0.001,0.672637035138905
97,0.00010387748625362292,8.348400297109038e-05,0.027116229757666588,0.001,0.6791664361953735
98,9.021672303788364e-05,0.00010848343663383275,0.019923774525523186,0.001,0.6859145471826196
99,7.936192560009658e-05,0.00014011647726874799,0.011514679528772831,0.001,0.692776553099975
100,7.439851469825953e-05,0.00017533067148178816,0.0043882220052182674,0.001,0.6997049530036747
101,7.298260607058182e-05,0.00020998813852202147,0.005990383680909872,0.001,0.7062471080571413
102,7.274129166034982e-05,0.00024015507369767874,0.01103035919368267,0.001,0.7130028440151364
103,7.830996764823794e-05,0.0002617094723973423,0.017018118873238564,0.001,0.7198511941824108
104,8.26521500130184e-05,0.000271678640274331,0.02180238999426365,0.001,0.7267858060076833
105,8.248468657257035e-05,0.00026983729912899435,0.022881027311086655,0.001,0.7337797291111201
106,8.064969733823091e-05,0.00025733603979460895,0.023011568933725357,0.001,0.7407560790888965
107,7.59338799980469e-05,0.0002368623245274648,0.020955301821231842,0.001,0.7472929041832685
108,7.071827712934464e-05,0.00021170095715206116,0.017785437405109406,0.001,0.7540690680034459
109,6.423263403121382e-05,0.00018513129907660186,0.013512792065739632,0.001,0.7609922990668565
110,6.03897133260034e-05,0.00015957377036102116,0.00967656634747982,0.001,0.7679037570487708
111,5.634337867377326e-05,0.00013702370051760226,0.004877838771790266,0.001,0.7748719730880111
112,5.505886656465009e-05,0.0001183345666504465,0.001651750528253615,0.001,0.7818631601985544
113,5.399253132054582e-05,0.00010411681432742625,0.0042035989463329315,0.001,0.7888861279934645
114,5.405236879596487e-05,9.429269994143397e-05,0.007721255999058485,0.001,0.7958358591422439
115,5.54401267436333e-05,8.85386616573669e-05,0.010397913865745068,0.001,0.80289067607373
116,5.6594413763377815e-05,8.643235923955217e-05,0.011873429641127586,0.001,0.8099155381787568
117,5.477324521052651e-05,8.74945180839859e-05,0.011819196864962578,0.001,0.8169285971671343
118,5.504792352439836e-05,9.186413808492944e-05,0.012936629354953766,0.001,0.823935414198786
119,5.289494583848864e-05,9.904140461003408e-05,0.010745713487267494,0.001,0.8309726091101766
120,5.159059219295159e-05,0.00010870832920772955,0.008964953012764454,0.001,0.8380050240084529
121,4.869966141995974e-05,0.00012039754074066877,0.006845132447779179,0.001,0.8450029750820249
122,4.7361365432152525e-05,0.00013356951239984483,0.004839245229959488,0.001,0.8520041219890118
123,4.561030800687149e-05,0.00014705699868500233,0.0018307112623006105,0.001,0.8590223810169846
